tag,year,peak_date,tweets,rank
Kanye,2025,2025-02-08,67000000,1
Happy New Year,2025,2025-01-01,54000000,2
Trump,2025,2025-01-08,40000000,3
USAID,2025,2025-02-04,38000000,4
Charlie Kirk,2025,2025-09-11,38000000,5
Reward Program,2025,2025-01-07,37000000,6
エイプリルフール,2025,2025-04-01,34000000,7
Thanksgiving,2025,2025-11-28,34000000,8
Iran,2025,2025-06-13,33000000,9
Zelensky,2025,2025-03-01,32000000,10
Happy 2025,2025,2025-01-01,32000000,11
Papa,2025,2025-04-22,31000000,12
Flow,2025,2025-03-03,31000000,13
バレンタイン,2025,2025-02-14,28000000,14
Israel,2025,2025-06-14,28000000,15
Gaza,2025,2025-02-06,26000000,16
Ukraine,2025,2025-03-01,25000000,17
Canada,2025,2025-02-02,25000000,18
Epstein,2025,2025-02-28,23000000,19
Venezuela,2025,2025-01-10,22000000,20
Kimmel,2025,2025-09-19,22000000,21
California,2025,2025-01-09,22000000,22
Putin,2025,2025-08-17,20000000,23
Kendrick,2025,2025-02-10,20000000,24
Fernanda Torres,2025,2025-01-06,19000000,25
Pakistan,2025,2025-05-07,18000000,26
Mother's Day,2025,2025-05-12,18000000,27
Comey,2025,2025-05-16,18000000,28
Biden,2025,2025-01-21,18000000,29
مدريد,2025,2025-04-16,17000000,30
Luka,2025,2025-02-02,17000000,31
Colombia,2025,2025-01-27,17000000,32
April Fools,2025,2025-04-02,17000000,33
New Orleans,2025,2025-01-02,16000000,34
Milei,2025,2025-02-15,16000000,35
Grok,2025,2025-07-10,16000000,36
Elon,2025,2025-06-06,16000000,37
America,2025,2025-01-21,16000000,38
ايران,2025,2025-06-13,15000000,39
Nobel,2025,2025-10-11,15000000,40
Eagles,2025,2025-02-10,15000000,41
DOGE,2025,2025-02-04,15000000,42
TikTok,2025,2025-01-20,14000000,43
Nepal,2025,2025-09-10,14000000,44
Los Angeles,2025,2025-01-09,14000000,45
Vance,2025,2025-02-15,13000000,46
Pope,2025,2025-05-09,13000000,47
Petro,2025,2025-01-27,13000000,48
Happy Easter,2025,2025-04-20,13000000,49
Diogo Jota,2025,2025-07-04,13000000,50
Democrats,2025,2025-03-05,13000000,51
ジークアクス,2025,2025-06-26,12000000,52
الاهلي,2025,2025-05-04,12000000,53
Wisconsin,2025,2025-04-02,12000000,54
Taylor,2025,2025-08-28,12000000,55
Ozzy,2025,2025-07-24,12000000,56
Irán,2025,2025-06-22,12000000,57
Father's Day,2025,2025-06-16,12000000,58
China,2025,2025-04-09,12000000,59
Chiefs,2025,2025-02-10,12000000,60
Beyonce,2025,2025-02-03,12000000,61
الهلال,2025,2025-07-01,11000000,62
اسرائيل,2025,2025-06-14,11000000,63
gaga,2025,2025-05-04,11000000,64
WANMAEWNAM LOVE FOREVER,2025,2025-08-28,11000000,65
Trudeau,2025,2025-01-07,11000000,66
SAROCHA REBECCA DISNEY AT CTW,2025,2025-11-24,11000000,67
Oscar,2025,2025-01-24,11000000,68
Kash,2025,2025-02-21,11000000,69
FREENBECK SONGKRAN CTW,2025,2025-04-13,11000000,70
Arsenal,2025,2025-04-16,11000000,71
$TRUMP,2025,2025-01-19,11000000,72
ホワイトデー,2025,2025-03-14,10000000,73
النصر,2025,2025-05-01,10000000,74
THE AIR OF FREENBECKY,2025,2025-04-25,10000000,75
Drake,2025,2025-02-10,10000000,76
Big News,2025,2025-01-11,10000000,77
Amazon,2025,2025-04-30,10000000,78
Signal,2025,2025-03-27,9900000,79
LINGORM CH3 55TH ANV,2025,2025-03-29,9800000,80
Valentine's Day,2025,2025-02-14,9700000,81
フジテレビ,2025,2025-01-27,9600000,82
Starmer,2025,2025-01-07,9600000,83
Fernanda,2025,2025-03-03,9600000,84
باريس,2025,2025-04-16,9500000,85
Macron,2025,2025-03-07,9500000,86
LINGORM AT PFW2025,2025,2025-03-04,9400000,87
Switch2,2025,2025-04-03,9300000,88
Eid Mubarak,2025,2025-03-31,9200000,89
DeepSeek,2025,2025-01-28,9200000,90
jennie,2025,2025-03-07,9000000,91
Nintendo,2025,2025-04-03,9000000,92
New York,2025,2025-06-26,8900000,93
Greta,2025,2025-06-10,8900000,94
No Kings,2025,2025-06-15,8800000,95
謹賀新年,2025,2025-01-01,8700000,96
Oval Office,2025,2025-03-01,8700000,97
ارسنال,2025,2025-04-09,8600000,98
Tariffs,2025,2025-04-03,8400000,99
ميلان,2025,2025-04-23,8300000,100
RFK Jr,2025,2025-01-30,8300000,101
AioonMay Princesses,2025,2025-01-04,8300000,102
emilia perez,2025,2025-03-03,8100000,103
Qatar,2025,2025-09-10,8100000,104
Tesla,2025,2025-03-12,8000000,105
El Salvador,2025,2025-04-16,8000000,106
Chelsea,2025,2025-11-26,8000000,107
Pete,2025,2025-01-15,7900000,108
National Guard,2025,2025-06-10,7900000,109
TELL US THE TRUTH,2025,2025-02-17,7800000,110
Madrid,2025,2025-05-12,7800000,111
Lakers,2025,2025-02-02,7700000,112
Hamas,2025,2025-01-16,7700000,113
メイドの日,2025,2025-05-10,7500000,114
NATO,2025,2025-03-03,7400000,115
Good Friday,2025,2025-04-19,7400000,116
Carti,2025,2025-03-14,7400000,117
The Left,2025,2025-09-11,7300000,118
you and i,2025,2025-05-04,7200000,119
Greenland,2025,2025-01-08,7200000,120
Tel Aviv,2025,2025-06-14,7100000,121
ISIS,2025,2025-01-02,7000000,122
Harvard,2025,2025-04-16,7000000,123
MILKLOVE BORN TO SHINE,2025,2025-11-25,6900000,124
LINGORM BA CALTEX,2025,2025-03-01,6900000,125
ICON X THE WATER ENGLOT,2025,2025-04-25,6900000,126
David Lynch,2025,2025-01-17,6900000,127
jungkook,2025,2025-06-11,6800000,128
Musk,2025,2025-02-03,6800000,129
LINGORM 1ST TH FANSIGN,2025,2025-02-14,6800000,130
Kashmir,2025,2025-04-23,6800000,131
نيوكاسل,2025,2025-03-17,6700000,132
Texas,2025,2025-07-06,6700000,133
THE NEXT PRINCE PREMIERE,2025,2025-04-26,6700000,134
Ripple,2025,2025-03-19,6700000,135
REBECCA AT CHANEL PFW25,2025,2025-03-11,6700000,136
GL MEGAPROJECT WORSHIP,2025,2025-07-04,6700000,137
Utah,2025,2025-09-11,6600000,138
Ainda Estou Aqui,2025,2025-03-03,6600000,139
President Trump,2025,2025-01-21,6500000,140
Invited Users,2025,2025-01-03,6500000,141
Argentina,2025,2025-03-26,6500000,142
エッホエッホ,2025,2025-02-26,6400000,143
بنفيكا,2025,2025-03-06,6400000,144
Tyler Robinson,2025,2025-09-13,6400000,145
St. Patrick,2025,2025-03-18,6400000,146
LINGORM ONLY YOU EP7,2025,2025-08-29,6400000,147
Khemjira The Series EP10,2025,2025-10-11,6400000,148
WILLIAMEST MAGNETIC,2025,2025-08-10,6300000,149
Nicolás Maduro,2025,2025-01-10,6300000,150
Mamdani,2025,2025-06-26,6300000,151
DMD GLOW UP,2025,2025-02-20,6300000,152
Khemjira The Series EP8,2025,2025-09-27,6200000,153
こどもの日,2025,2025-05-05,6100000,154
taylor,2025,2025-08-12,6100000,155
Russia,2025,2025-02-20,6100000,156
María Corina Machado,2025,2025-01-10,6100000,157
LINGORM ONLY YOU EP1,2025,2025-07-18,6100000,158
Judges,2025,2025-04-26,6100000,159
Hulk Hogan,2025,2025-07-25,6100000,160
Army,2025,2025-06-15,6100000,161
الاتحاد,2025,2025-01-28,6000000,162
Newsom,2025,2025-01-09,6000000,163
دورتموند,2025,2025-04-16,5900000,164
Mahomes,2025,2025-02-10,5900000,165
Jai Hind,2025,2025-05-07,5900000,166
فالنسيا,2025,2025-04-05,5800000,167
Tylenol,2025,2025-09-24,5800000,168
SHINE ON FAYEYOKO TO 4E,2025,2025-02-12,5800000,169
OUR LAST BEAT,2025,2025-03-07,5800000,170
Miguel Uribe,2025,2025-08-12,5800000,171
Le Pen,2025,2025-04-01,5800000,172
Khemjira The Series EP9,2025,2025-10-04,5800000,173
WILLCAtch THE BIGSCREEN,2025,2025-08-21,5700000,174
Uribe,2025,2025-07-29,5700000,175
Que 2025,2025,2025-01-01,5700000,176
Malvinas,2025,2025-04-03,5700000,177
LINGORM PRESENTER SMOOTHE,2025,2025-01-08,5700000,178
Feliz 2025,2025,2025-01-01,5700000,179
Europe,2025,2025-02-15,5700000,180
DEFENDA O BRASIL DO PT,2025,2025-07-13,5600000,181
LOVE WINS WITH DUSTBIA,2025,2025-08-21,5500000,182
LINGORM HCNY AT ICON,2025,2025-01-30,5500000,183
Ecuador,2025,2025-04-14,5500000,184
ايفرتون,2025,2025-02-13,5400000,185
ROCKSTAR LISA COACHELLA,2025,2025-04-19,5400000,186
Padilla,2025,2025-06-13,5400000,187
GRABFOOD SO HOT,2025,2025-04-23,5400000,188
Bondi,2025,2025-02-28,5400000,189
Alaska,2025,2025-08-17,5400000,190
4ELEMENTS MEGA PROJECT,2025,2025-02-19,5400000,191
Nicki,2025,2025-10-01,5300000,192
Memorial Day,2025,2025-05-27,5300000,193
GFSNLYKN Love GrabFood,2025,2025-03-05,5300000,194
어린이날,2025,2025-05-05,5200000,195
新年早々,2025,2025-01-01,5200000,196
Syria,2025,2025-03-08,5200000,197
Politico,2025,2025-02-06,5200000,198
LING SPARKLE ORM LESASHA,2025,2025-08-19,5200000,199
Happy 4th,2025,2025-07-06,5200000,200
Big Pharma,2025,2025-01-30,5200000,201
刀剣乱舞,2025,2025-01-14,5100000,202
ليفربول,2025,2025-04-28,5100000,203
TAEHYUNG TAEHYUNG,2025,2025-08-26,5100000,204
Mavs,2025,2025-02-02,5100000,205
Lula,2025,2025-07-10,5100000,206
Liverpool,2025,2025-07-04,5100000,207
LINGORM ONLY YOU EP5,2025,2025-08-15,5100000,208
Barcelona,2025,2025-05-07,5100000,209
高市さん,2025,2025-10-04,5000000,210
ليغانيس,2025,2025-04-12,5000000,211
سيلتا,2025,2025-04-19,5000000,212
The FBI,2025,2025-01-02,5000000,213
الرائد,2025,2025-04-25,4900000,214
THE NEXT PRINCE TRAILER,2025,2025-04-12,4900000,215
LINGLING EUCERIN ASEAN PST,2025,2025-04-03,4900000,216
Jungkook,2025,2025-09-01,4900000,217
JD Vance,2025,2025-04-22,4900000,218
FREENBECKY LOVE OVERLOAD,2025,2025-03-30,4900000,219
恵方巻き,2025,2025-02-02,4800000,220
Trans,2025,2025-08-28,4800000,221
Thankful,2025,2025-11-28,4800000,222
FREENBECKY READY TO SHINE,2025,2025-08-18,4800000,223
Cardi,2025,2025-10-01,4800000,224
يونايتد,2025,2025-05-09,4700000,225
The Thing,2025,2025-02-04,4700000,226
Shrek,2025,2025-02-28,4700000,227
HK 2NDMEET WITH LINGORM,2025,2025-01-11,4700000,228
GW最終日,2025,2025-05-06,4700000,229
Cristina,2025,2025-06-11,4700000,230
Barca,2025,2025-05-07,4700000,231
Antifa,2025,2025-09-18,4700000,232
القادسية,2025,2025-05-26,4600000,233
SAROCHA REBECCA AT KAZZ AWARDS,2025,2025-05-28,4600000,234
Melania,2025,2025-01-20,4600000,235
Ghibli,2025,2025-03-27,4600000,236
Disney,2025,2025-09-19,4600000,237
Catholic,2025,2025-04-22,4600000,238
América,2025,2025-04-09,4600000,239
اليوم الوطني,2025,2025-09-24,4500000,240
REBECCA WITH LOREAL IN CANNES,2025,2025-05-16,4500000,241
Pokémon,2025,2025-02-28,4500000,242
Justin Bieber,2025,2025-07-11,4500000,243
Cybertruck,2025,2025-01-02,4500000,244
ريال مدريد,2025,2025-04-26,4400000,245
تشيلسي,2025,2025-01-26,4400000,246
Social Security,2025,2025-02-18,4400000,247
SAROCHA REBECCA IN MANILA,2025,2025-02-09,4400000,248
Nikolas,2025,2025-01-16,4400000,249
Dembele,2025,2025-09-23,4400000,250
BTS BTS BTS,2025,2025-07-01,4400000,251
برشلونة,2025,2025-03-17,4300000,252
Simone,2025,2025-06-08,4300000,253
ORMKORN MV FOREVER,2025,2025-04-16,4300000,254
Noroña,2025,2025-08-28,4300000,255
Modi,2025,2025-05-10,4300000,256
Hindus,2025,2025-04-23,4300000,257
Hegseth,2025,2025-04-22,4300000,258
アフリカ,2025,2025-08-25,4200000,259
التعاون,2025,2025-04-16,4200000,260
اسبانيول,2025,2025-02-02,4200000,261
Tik Tok,2025,2025-01-17,4200000,262
PlayStation,2025,2025-02-09,4200000,263
NUNEW FOREVER IS OUT,2025,2025-04-16,4200000,264
LINGORM SONGKRAN KING POWER,2025,2025-04-10,4200000,265
Jesus,2025,2025-04-21,4200000,266
Caracas,2025,2025-01-10,4200000,267
Auschwitz,2025,2025-01-28,4200000,268
توتنهام,2025,2025-05-09,4099999,269
بيتيس,2025,2025-04-05,4099999,270
بورنموث,2025,2025-02-02,4099999,271
hobi,2025,2025-03-07,4099999,272
SEVENTEEN,2025,2025-05-27,4099999,273
ليون,2025,2025-03-22,4000000,274
انتر,2025,2025-03-11,4000000,275
Schumer,2025,2025-03-14,4000000,276
MAYBELLINE X ORM,2025,2025-03-14,4000000,277
LINGORM ONLY YOU EP6,2025,2025-08-22,4000000,278
Khemjira The Series EP7,2025,2025-09-21,4000000,279
Khemjira The Series EP5,2025,2025-09-06,4000000,280
Independence Day,2025,2025-07-06,4000000,281
Shedeur,2025,2025-04-26,3900000,282
ORM AND YOUR HEARTBEAT,2025,2025-05-10,3900000,283
Medicaid,2025,2025-07-03,3900000,284
Los Ángeles,2025,2025-06-09,3900000,285
Labor Day,2025,2025-09-02,3900000,286
LINGORM NIVEA IS FOR SKIN,2025,2025-03-15,3900000,287
LINGORM DIOR TH BOUTIQUE,2025,2025-03-13,3900000,288
GRAB TAT LINGORM,2025,2025-05-28,3900000,289
D.C.,2025,2025-08-12,3900000,290
Corinthians,2025,2025-03-28,3900000,291
Ronaldo,2025,2025-02-05,3800000,292
NARS X LINGLING KWONG,2025,2025-02-28,3800000,293
MaewnamWAN MORE CHANCE,2025,2025-08-21,3800000,294
LINGORM ONLY YOU EP8,2025,2025-09-05,3800000,295
Germany,2025,2025-02-24,3800000,296
Fauci,2025,2025-01-20,3800000,297
Bishop,2025,2025-01-22,3800000,298
BRICS,2025,2025-07-07,3800000,299
津波警報,2025,2025-07-31,3700000,300
Vargas Llosa,2025,2025-04-15,3700000,301
SAROCHA BA VALENTINO PFW25,2025,2025-03-09,3700000,302
Palestine,2025,2025-09-22,3700000,303
Neymar,2025,2025-01-29,3700000,304
FREENBECKY GL AUDITION PROJECT,2025,2025-05-18,3700000,305
FEMA,2025,2025-02-11,3700000,306
Easter,2025,2025-04-21,3700000,307
Canadá,2025,2025-03-05,3700000,308
Big Balls,2025,2025-02-08,3700000,309
Bangkok,2025,2025-03-29,3700000,310
BEYOND THE CALL OF DUTY,2025,2025-06-15,3700000,311
Anas,2025,2025-08-11,3700000,312
Pais,2025,2025-08-10,3600000,313
Netanyahu,2025,2025-09-27,3600000,314
Massie,2025,2025-03-12,3600000,315
María Corina,2025,2025-01-10,3600000,316
LINGORM BD CHARITY 2025,2025,2025-05-17,3600000,317
Holocaust,2025,2025-01-28,3600000,318
Diddy,2025,2025-07-03,3600000,319
高市早苗,2025,2025-10-04,3500000,320
ホームタウン,2025,2025-08-25,3500000,321
stranger things,2025,2025-11-28,3500000,322
ariana,2025,2025-03-29,3500000,323
The UN,2025,2025-09-24,3500000,324
THE NEXT PRINCE EPISODE2,2025,2025-05-10,3500000,325
RISE UP TOGETHER,2025,2025-02-08,3500000,326
PERTHSANTA LOVEMOSPHERE,2025,2025-05-18,3500000,327
Myanmar,2025,2025-03-29,3500000,328
LINGORM FRIENDS OF WATSONS,2025,2025-03-08,3500000,329
LINGLING WITH HERA,2025,2025-08-14,3500000,330
Juneteenth,2025,2025-06-20,3500000,331
Goldberg,2025,2025-03-26,3500000,332
Cracker Barrel,2025,2025-08-22,3500000,333
Christian,2025,2025-09-13,3500000,334
CL OPENING AT EMQ,2025,2025-05-14,3500000,335
広末涼子,2025,2025-04-08,3400000,336
Tucker,2025,2025-06-19,3400000,337
SKY-NANI FRIENOMENON DAY2,2025,2025-02-16,3400000,338
RENJUN'S SCENT,2025,2025-09-06,3400000,339
Montoya,2025,2025-02-07,3400000,340
Minneapolis,2025,2025-08-28,3400000,341
MAGA,2025,2025-09-13,3400000,342
LINGORM ONLY YOU EP4,2025,2025-08-08,3400000,343
Joe Biden,2025,2025-05-19,3400000,344
FUX HONRA A TOGA,2025,2025-09-10,3400000,345
FREEN BIRTHDAY TALK SHOW,2025,2025-08-10,3400000,346
Davos,2025,2025-01-24,3400000,347
Alcatraz,2025,2025-05-06,3400000,348
Al Jazeera,2025,2025-08-11,3400000,349
윤석열 파면,2025,2025-04-04,3300000,350
خيتافي,2025,2025-04-23,3300000,351
بلد الوليد,2025,2025-05-04,3300000,352
الوحدة,2025,2025-02-25,3300000,353
السعودية,2025,2025-05-13,3300000,354
THE TOUCH WITH LINGORM,2025,2025-01-18,3300000,355
Real Madrid,2025,2025-03-13,3300000,356
ORM Y ENT AWARDS,2025,2025-09-23,3300000,357
ORM LOVE AT FIRST SIGHT,2025,2025-02-16,3300000,358
Noboa,2025,2025-04-14,3300000,359
NATARAJA 16TH X ENGLOT,2025,2025-05-18,3300000,360
LeBron,2025,2025-03-27,3300000,361
皆既月食,2025,2025-09-08,3200000,362
نوتنغهام,2025,2025-02-01,3200000,363
For Charlie,2025,2025-09-22,3200000,364
Edmundo,2025,2025-01-11,3200000,365
Digital ID,2025,2025-09-26,3200000,366
Copacabana,2025,2025-05-04,3200000,367
Botafogo,2025,2025-06-20,3200000,368
エアライド,2025,2025-04-03,3100000,369
THE NEXT PRINCE EPISODE3,2025,2025-05-18,3100000,370
THE DAY,2025,2025-08-17,3100000,371
Republican,2025,2025-09-13,3100000,372
LINGLING QD NEWYEAR PARTY,2025,2025-01-25,3100000,373
Johnson,2025,2025-01-04,3100000,374
JASPER X BREEZE,2025,2025-10-02,3100000,375
Independiente,2025,2025-08-21,3100000,376
Happy Chinese New Year,2025,2025-01-29,3100000,377
Dan Bongino,2025,2025-02-24,3100000,378
Benue,2025,2025-06-16,3100000,379
الشباب,2025,2025-07-03,3000000,380
PERTHSANTA DOMIIA AT DOIKHAM,2025,2025-09-18,3000000,381
LINGORM FRIENDS OF VIVO,2025,2025-08-28,3000000,382
Khemjira The Series EP6,2025,2025-09-14,3000000,383
Gene Hackman,2025,2025-02-28,3000000,384
FIRST COME FIRST LOVE,2025,2025-06-26,3000000,385
Coachella,2025,2025-04-12,3000000,386
Bad Bunny,2025,2025-09-30,3000000,387
BORN IN LOVE WITH LINGORM,2025,2025-05-11,3000000,388
ワークライフバランス,2025,2025-10-05,2900000,389
バニーの日,2025,2025-08-21,2900000,390
Violence,2025,2025-09-10,2900000,391
Turkey,2025,2025-11-28,2900000,392
THE PRINCE OF EMMALY,2025,2025-08-03,2900000,393
Reform,2025,2025-05-02,2900000,394
Maine,2025,2025-02-22,2900000,395
MIKBRENT SHINES TOGETHER,2025,2025-08-10,2900000,396
GRABFOOD X WILLIAMEST,2025,2025-05-21,2900000,397
GAP THE SERIES REUNION,2025,2025-04-20,2900000,398
Flamengo,2025,2025-06-22,2900000,399
FREENBECKY X CRANIUM PILOT,2025,2025-01-13,2900000,400
DOMUNDI SPORT DAY,2025,2025-08-31,2900000,401
CAMPAIGN N2U X LINGORM,2025,2025-01-18,2900000,402
Bolton,2025,2025-08-24,2900000,403
選挙投票,2025,2025-07-20,2800000,404
中秋の名月,2025,2025-10-06,2800000,405
Senator,2025,2025-01-15,2800000,406
Selena Gomez,2025,2025-01-28,2800000,407
PTC SERIES ENGLOT EP7,2025,2025-01-12,2800000,408
PST LIVE LINE MAN,2025,2025-09-04,2800000,409
PERTHSANTA FANSIGN INF2025,2025,2025-08-03,2800000,410
NYSC,2025,2025-03-16,2800000,411
MONA LISA,2025,2025-03-21,2800000,412
MILKLOVE VOGUE GALA25,2025,2025-09-08,2800000,413
LINGORM SMOOTHE MEET,2025,2025-06-22,2800000,414
Happy Valentine,2025,2025-02-14,2800000,415
FAYE TIMELESS LOVE IN BKK,2025,2025-03-30,2800000,416
Congreso,2025,2025-03-13,2800000,417
Chicago,2025,2025-10-07,2800000,418
Yamal,2025,2025-05-01,2700000,419
Switch,2025,2025-03-28,2700000,420
SAROCHA REBECCA AT 9ENT 2025,2025,2025-05-22,2700000,421
Reyes,2025,2025-01-06,2700000,422
Portland,2025,2025-09-28,2700000,423
Pete Hegseth,2025,2025-01-14,2700000,424
PONDPHUWIN WEIBO CULTURAL,2025,2025-08-17,2700000,425
Messi,2025,2025-09-05,2700000,426
LINGLING BEST FRIEND OF LUV,2025,2025-09-25,2700000,427
FOURTH HORROR PROJECT,2025,2025-01-17,2700000,428
CL TIKTOK SHOP AT ONEBANGKOK,2025,2025-03-23,2700000,429
Bukele,2025,2025-04-15,2700000,430
BECKY X 4PACHA GALA MAJOR,2025,2025-04-03,2700000,431
9STAR PLS CLARIFY TO FC,2025,2025-02-13,2700000,432
سوسيداد,2025,2025-02-12,2600000,433
Tom Hanks,2025,2025-02-18,2600000,434
Supreme Court,2025,2025-06-29,2600000,435
SKY-DAVID LILO AND STITCH,2025,2025-05-19,2600000,436
Philadelphia,2025,2025-02-01,2600000,437
PERAYA X MILLIONSMAX OPENING,2025,2025-03-04,2600000,438
Manes,2025,2025-03-02,2600000,439
Jasmine Crockett,2025,2025-03-26,2600000,440
Jammu,2025,2025-05-08,2600000,441
España,2025,2025-04-29,2600000,442
BAZAAR MUSE REBECCA,2025,2025-11-28,2600000,443
Aline,2025,2025-03-26,2600000,444
$XRP,2025,2025-03-19,2600000,445
فياريال,2025,2025-03-15,2500000,446
سوريا,2025,2025-03-08,2500000,447
روما,2025,2025-04-27,2500000,448
الفتح,2025,2025-04-12,2500000,449
namjoon,2025,2025-09-12,2500000,450
Yemen,2025,2025-03-16,2500000,451
Tulsi,2025,2025-01-31,2500000,452
Tottenham,2025,2025-05-22,2500000,453
South Park,2025,2025-07-25,2500000,454
South Africa,2025,2025-05-13,2500000,455
RFK Jr.,2025,2025-02-14,2500000,456
Palmer,2025,2025-07-14,2500000,457
PTC SERIES ENGLOT IN PH,2025,2025-02-01,2500000,458
Lions,2025,2025-01-19,2500000,459
Katy Perry,2025,2025-04-15,2500000,460
Jose,2025,2025-06-22,2500000,461
Israël,2025,2025-02-24,2500000,462
FBI Director,2025,2025-02-21,2500000,463
Chiara,2025,2025-05-06,2500000,464
BECKY WALK YOUR WORTH,2025,2025-09-30,2500000,465
Andre,2025,2025-07-03,2500000,466
American Airlines,2025,2025-01-30,2500000,467
沖縄尚学,2025,2025-08-24,2400000,468
نابولي,2025,2025-03-31,2400000,469
بايرن,2025,2025-03-11,2400000,470
Trent,2025,2025-05-06,2400000,471
PTC SERIES ENGLOT EP6,2025,2025-01-04,2400000,472
México,2025,2025-03-24,2400000,473
Mohon,2025,2025-03-31,2400000,474
May the 4th,2025,2025-05-05,2400000,475
May Day,2025,2025-05-01,2400000,476
London,2025,2025-09-14,2400000,477
LINGORM PRESENTER BITE ME,2025,2025-07-13,2400000,478
LINGORM ONLY YOU EP9,2025,2025-09-12,2400000,479
LINGLING X CARTIER,2025,2025-08-14,2400000,480
Kash Patel,2025,2025-01-30,2400000,481
Jesús,2025,2025-04-19,2400000,482
JUNIORMARK ENDLESS SHINERISE,2025,2025-08-12,2400000,483
Indonésia,2025,2025-06-24,2400000,484
Coldplay,2025,2025-07-18,2400000,485
Barça,2025,2025-01-13,2400000,486
Apple,2025,2025-02-22,2400000,487
仕事始め,2025,2025-01-06,2300000,488
ハッピーセット,2025,2025-08-10,2300000,489
トモコレ,2025,2025-03-28,2300000,490
اليمن,2025,2025-03-16,2300000,491
mRNA,2025,2025-01-23,2300000,492
Super Bowl,2025,2025-09-30,2300000,493
SAROCHA HOT ESCAPE WITH NARS,2025,2025-05-10,2300000,494
Robert Redford,2025,2025-09-17,2300000,495
Riley Gaines,2025,2025-06-08,2300000,496
PERTHSANTA OMO NIGHTKISS,2025,2025-09-14,2300000,497
Moraes,2025,2025-08-05,2300000,498
MAEWNAM WAN CALL AWAY,2025,2025-08-14,2300000,499
LINGORM ONLY YOU EP12,2025,2025-10-03,2300000,500
LINGORM AT DIOR PFW26,2025,2025-10-01,2300000,501
LING IN THE NAME OF LOVE,2025,2025-02-16,2300000,502
Ireland,2025,2025-03-18,2300000,503
Gorilla,2025,2025-04-28,2300000,504
FB X GENTLE MONSTER EVENT,2025,2025-01-09,2300000,505
Colbert,2025,2025-07-20,2300000,506
CHARAN ART ROOM,2025,2025-07-06,2300000,507
Bolivia,2025,2025-08-18,2300000,508
탄핵기념,2025,2025-04-04,2200000,509
श्री राम,2025,2025-04-06,2200000,510
Ümit Özdağ,2025,2025-01-22,2200000,511
wonwoo,2025,2025-03-20,2200000,512
YOKO IS NOT ALONE,2025,2025-03-06,2200000,513
XRP $5,2025,2025-01-15,2200000,514
Virgínia,2025,2025-05-13,2200000,515
Saudi Arabia,2025,2025-05-13,2200000,516
Plane,2025,2025-02-01,2200000,517
Khemjira The Series EP3,2025,2025-08-24,2200000,518
Khemjira The Series EP1,2025,2025-08-10,2200000,519
Kennedy,2025,2025-01-30,2200000,520
JICA,2025,2025-08-25,2200000,521
JASPER SONGKRAN ICONSIAM,2025,2025-04-10,2200000,522
GRAB TRAVEL LINGORM,2025,2025-05-06,2200000,523
FREEN BECKY LATAM TOUR PERU,2025,2025-09-04,2200000,524
CHIARA AL 9009,2025,2025-05-02,2200000,525
ニンダイ,2025,2025-03-27,2100000,526
चुनाव आयोग,2025,2025-08-08,2100000,527
Vitória,2025,2025-02-25,2100000,528
TwitterのDM,2025,2025-05-23,2100000,529
Ted Cruz,2025,2025-06-19,2100000,530
Pepe Mujica,2025,2025-05-13,2100000,531
PONDPHUWIN MAGICAL 2026,2025,2025-11-25,2100000,532
OST BY KENG NAMPING,2025,2025-11-24,2100000,533
OREO X WILLIAMEST,2025,2025-04-18,2100000,534
North Carolina,2025,2025-01-25,2100000,535
Manchester,2025,2025-10-03,2100000,536
MAEWNAM IS THE WAN,2025,2025-07-24,2100000,537
LISA PARIS FASHION WEEK,2025,2025-09-30,2100000,538
LINGORM ONLY YOU EP11,2025,2025-09-26,2100000,539
LINGLING X EGG CP,2025,2025-10-07,2100000,540
LINGLING PRESENTER LUV,2025,2025-06-12,2100000,541
Isak,2025,2025-07-25,2100000,542
ITS GONNA BE BETTER,2025,2025-02-28,2100000,543
Happy Lunar New Year,2025,2025-01-29,2100000,544
Globo de Ouro,2025,2025-01-06,2100000,545
DAVICHMETHA CITY,2025,2025-06-08,2100000,546
Carolina,2025,2025-01-25,2100000,547
CALL OUT NINESTAR,2025,2025-02-24,2100000,548
BELIEVE IN EVER AFTER,2025,2025-05-28,2100000,549
マクドナルド,2025,2025-08-10,2000000,550
ポケモン,2025,2025-02-27,2000000,551
ガンダム,2025,2025-06-19,2000000,552
WILLIAMEST WESLEY FNV,2025,2025-10-08,2000000,553
Toronto,2025,2025-02-18,2000000,554
Tim Walz,2025,2025-03-19,2000000,555
THE WATER 4ELEMENTS OVERTURE,2025,2025-03-22,2000000,556
THE AIR 4ELEMENTS OVERTURE,2025,2025-03-15,2000000,557
Scott,2025,2025-02-08,2000000,558
Roberts,2025,2025-03-19,2000000,559
PERTHSANTA DOMIIA FNV FS,2025,2025-10-06,2000000,560
ORM SF SPECIAL FANSCREEN,2025,2025-03-22,2000000,561
MIKBRENT GMAGICAL DATE,2025,2025-08-03,2000000,562
MEENANAGARIN CITY,2025,2025-06-22,2000000,563
George Floyd,2025,2025-09-12,2000000,564
FREEN BECKY LATAM TOUR MEXICO,2025,2025-09-02,2000000,565
FREEN BECKY LATAM TOUR BRAZIL,2025,2025-08-31,2000000,566
FKJD FANDAY24 SG,2025,2025-09-06,2000000,567
Bernie,2025,2025-01-31,2000000,568
Becky,2025,2025-09-01,2000000,569
Alexandre de Moraes,2025,2025-07-31,2000000,570
ワンフェス,2025,2025-02-09,1900000,571
sabrina,2025,2025-08-29,1900000,572
Tommy Robinson,2025,2025-01-03,1900000,573
TEN SOLO2 OUT NOW,2025,2025-03-24,1900000,574
Spring,2025,2025-03-20,1900000,575
SKYNANI X LAZADA 99,2025,2025-09-09,1900000,576
SAROCHA X BVLGARI SIAM PARAGON,2025,2025-02-11,1900000,577
River,2025,2025-04-28,1900000,578
Paulista,2025,2025-04-07,1900000,579
Onana,2025,2025-04-11,1900000,580
ORMKORN QINGDAO MOMENT,2025,2025-01-26,1900000,581
Mulheres,2025,2025-03-08,1900000,582
Minnesota,2025,2025-08-28,1900000,583
Met Gala,2025,2025-05-05,1900000,584
Mbappe,2025,2025-05-12,1900000,585
Luisa,2025,2025-03-24,1900000,586
Labour,2025,2025-05-02,1900000,587
LINGLING PRESENTER SPARKLE,2025,2025-06-16,1900000,588
JOONGDUNK JAIDEE FANIVAL,2025,2025-10-07,1900000,589
JASPER 2nd SINGLE,2025,2025-04-04,1900000,590
Ekrem İmamoğlu,2025,2025-03-19,1900000,591
BOLSONARO CONDENADO,2025,2025-09-12,1900000,592
BACK TO BACK TO BACK,2025,2025-03-29,1900000,593
Affan,2025,2025-08-29,1900000,594
中居くん,2025,2025-01-23,1800000,595
WILLIAMEST VIVO FRIENDS,2025,2025-04-22,1800000,596
WANMAEWNAM LOVE RUNS DEEP,2025,2025-08-07,1800000,597
STYLE YOUR LIPS MAC W CL,2025,2025-09-01,1800000,598
SKYNANI WORLD FASHION,2025,2025-03-04,1800000,599
SAROCHA REBECCA IN MACAU,2025,2025-03-15,1800000,600
S-400,2025,2025-05-08,1800000,601
RIKU TLEFIRSTONE WE GLOW,2025,2025-11-24,1800000,602
Moreno,2025,2025-09-04,1800000,603
Michelle Trachtenberg,2025,2025-02-27,1800000,604
Mark Carney,2025,2025-03-10,1800000,605
MILK PANSA LOEWE SS26,2025,2025-10-03,1800000,606
LOVE AND WORK,2025,2025-01-31,1800000,607
Khemjira The Series EP4,2025,2025-08-31,1800000,608
KENGNAMPING TRUE LUCKYNUMBER,2025,2025-11-24,1800000,609
Gyan Ganga,2025,2025-03-30,1800000,610
Greta Thunberg,2025,2025-10-07,1800000,611
Glastonbury,2025,2025-06-29,1800000,612
FY NO MATTER WHAT,2025,2025-02-19,1800000,613
Davido,2025,2025-04-18,1800000,614
AND NEW,2025,2025-05-11,1800000,615
민주노총,2025,2025-01-03,1700000,616
阪神優勝,2025,2025-09-07,1700000,617
阪神タイガース,2025,2025-09-07,1700000,618
森永卓郎さん,2025,2025-01-29,1700000,619
広陵高校,2025,2025-08-07,1700000,620
勤労感謝の日,2025,2025-11-23,1700000,621
العشر الاواخر,2025,2025-03-20,1700000,622
UNIAO ANOS CINQUENTA,2025,2025-03-14,1700000,623
Tehran,2025,2025-06-17,1700000,624
Tagliaferro,2025,2025-09-03,1700000,625
THE TRUTH BEHIND,2025,2025-06-29,1700000,626
Superman,2025,2025-07-08,1700000,627
Spurs,2025,2025-05-22,1700000,628
SKY-NANI WITH GRABFOOD,2025,2025-01-31,1700000,629
PTC SERIES ENGLOT EP9,2025,2025-01-26,1700000,630
PERTHSANTA OPPO EVENT,2025,2025-07-13,1700000,631
PERAYA X MAYA SIA2025,2025,2025-03-25,1700000,632
NUNEW 1ST CON MACAU,2025,2025-08-17,1700000,633
Manchester United,2025,2025-05-22,1700000,634
MAJOR FANDOM LINGORM,2025,2025-10-08,1700000,635
Lewis,2025,2025-03-22,1700000,636
LINGORM CH3 SPORT DAY,2025,2025-08-31,1700000,637
JAMB,2025,2025-05-15,1700000,638
Guehi,2025,2025-09-02,1700000,639
CHEER FOR ZEENUNEW,2025,2025-08-31,1700000,640
Beyoncé,2025,2025-04-29,1700000,641
BECKY GETS THE CANNES LOOK,2025,2025-05-13,1700000,642
Amad,2025,2025-01-17,1700000,643
春分の日,2025,2025-03-20,1600000,644
ナイジェリア,2025,2025-08-25,1600000,645
सुप्रीम कोर्ट,2025,2025-04-17,1600000,646
YOUR SKY FM IN THAILAND,2025,2025-04-06,1600000,647
WNBA,2025,2025-07-21,1600000,648
Twitterくん,2025,2025-04-01,1600000,649
The Weeknd,2025,2025-01-31,1600000,650
Star Wars,2025,2025-05-05,1600000,651
Sanders,2025,2025-04-26,1600000,652
SEKI OMAKASE X LINGORM,2025,2025-03-20,1600000,653
Roro,2025,2025-07-27,1600000,654
ROYAL ROUND ONE,2025,2025-07-13,1600000,655
Powell,2025,2025-07-25,1600000,656
John Cena,2025,2025-03-02,1600000,657
George Foreman,2025,2025-03-22,1600000,658
Estados Unidos,2025,2025-01-27,1600000,659
Erika Kirk,2025,2025-09-22,1600000,660
Crystal Palace,2025,2025-05-18,1600000,661
Abby,2025,2025-07-27,1600000,662
エアライダー,2025,2025-08-19,1500000,663
محمد,2025,2025-05-10,1500000,664
WE AT DESTINY,2025,2025-03-19,1500000,665
TNP THE ROYAL BALL,2025,2025-05-25,1500000,666
Senators,2025,2025-01-30,1500000,667
STRAY KIDS DOMINATE MIXTAPE,2025,2025-03-21,1500000,668
SOMOS TODOS BOLSONARO,2025,2025-07-17,1500000,669
Portugal,2025,2025-04-28,1500000,670
PERTHSANTA WITH LOREAL,2025,2025-06-29,1500000,671
NUNEW 1ST KOREA SINGLE,2025,2025-09-30,1500000,672
NINESTAR CANCEL YOURSELF,2025,2025-03-12,1500000,673
Mujica,2025,2025-05-14,1500000,674
Monad,2025,2025-11-25,1500000,675
Maxwell,2025,2025-07-27,1500000,676
LING FIRST MEET IN CQ,2025,2025-06-30,1500000,677
JOSSGAWIN INVINCIBLE,2025,2025-09-28,1500000,678
Happy Pride Month,2025,2025-06-03,1500000,679
ENGFA ON RED CARPET,2025,2025-05-16,1500000,680
Chan,2025,2025-04-06,1500000,681
Britain,2025,2025-01-03,1500000,682
Aldo,2025,2025-10-06,1500000,683
ADAPTABILITY OF ORMKORN,2025,2025-01-05,1500000,684
2ND SHOWCASE OF ZEEPRUK,2025,2025-10-06,1500000,685
連休最終日,2025,2025-01-05,1400000,686
箱根駅伝,2025,2025-01-03,1400000,687
津波注意報,2025,2025-07-31,1400000,688
敬老の日,2025,2025-09-15,1400000,689
成人の日,2025,2025-01-13,1400000,690
ジェンティルドンナ,2025,2025-11-26,1400000,691
WILLIAMEST WITH EDGE2025,2025,2025-06-05,1400000,692
THE AIR Q1 SHOOTING,2025,2025-07-17,1400000,693
Steelers,2025,2025-01-12,1400000,694
Penaltı,2025,2025-02-09,1400000,695
Nepo,2025,2025-07-21,1400000,696
NINESTAR ENDING,2025,2025-03-10,1400000,697
Mães,2025,2025-05-11,1400000,698
Miguel,2025,2025-10-09,1400000,699
MICHAEL JACKSON,2025,2025-08-04,1400000,700
LINGORM ONLY YOU MACAU D2,2025,2025-11-23,1400000,701
Heathrow,2025,2025-03-22,1400000,702
Fenerbahçe,2025,2025-02-24,1400000,703
FREENBECK LIVE LINE MAN,2025,2025-07-14,1400000,704
Druze,2025,2025-07-18,1400000,705
Conrad,2025,2025-08-21,1400000,706
Buhari,2025,2025-07-14,1400000,707
Bitcoin,2025,2025-05-21,1400000,708
Astronauts,2025,2025-03-19,1400000,709
風呂の日,2025,2025-11-26,1300000,710
長嶋さん,2025,2025-06-03,1300000,711
花火大会,2025,2025-07-27,1300000,712
石破首相,2025,2025-07-24,1300000,713
ハイキュー,2025,2025-03-02,1300000,714
baekhyun,2025,2025-05-19,1300000,715
WILLIAMEST PRESSTOUR,2025,2025-06-17,1300000,716
WANMAEWNAM IN LOVE,2025,2025-07-31,1300000,717
WANMAEWNAM FIRST KISS,2025,2025-07-10,1300000,718
Senate,2025,2025-07-01,1300000,719
SB19 FIRES UP TAIPEI,2025,2025-06-30,1300000,720
PERTH 24CRET DAY,2025,2025-03-22,1300000,721
OST BY NAMPING,2025,2025-09-16,1300000,722
McLaren,2025,2025-11-23,1300000,723
LINGORM ONLY YOU TEASER,2025,2025-06-30,1300000,724
Hiroshima,2025,2025-08-07,1300000,725
GRABFOOD GFSN BUS,2025,2025-07-11,1300000,726
GFSN UNLOCK POSTER,2025,2025-03-21,1300000,727
FILMRACHA FK AWARDS,2025,2025-09-14,1300000,728
Eduardo,2025,2025-03-19,1300000,729
Duke,2025,2025-04-06,1300000,730
BRASIL NA RUA,2025,2025-08-04,1300000,731
Autopen,2025,2025-03-18,1300000,732
ローソン,2025,2025-06-04,1200000,733
キャンペーン実施中,2025,2025-04-24,1200000,734
राहुल गांधी,2025,2025-08-07,1200000,735
ليفركوزن,2025,2025-05-10,1200000,736
Valencia,2025,2025-01-04,1200000,737
Tatum,2025,2025-05-13,1200000,738
THE SECRET OF 00K EP1,2025,2025-05-15,1200000,739
SECRET DEAL EP5,2025,2025-08-24,1200000,740
Rubio,2025,2025-05-21,1200000,741
Pacers,2025,2025-06-23,1200000,742
ORM BVLGARI HIGH JEWELRY,2025,2025-07-24,1200000,743
Newark,2025,2025-05-10,1200000,744
Magnitsky,2025,2025-07-31,1200000,745
Joy Reid,2025,2025-02-24,1200000,746
Jack Smith,2025,2025-01-14,1200000,747
Gala,2025,2025-08-18,1200000,748
DAM MV TEASER,2025,2025-02-27,1200000,749
COKE X PONDPHUWIN,2025,2025-05-03,1200000,750
CERAMIDE FANDOM x FOURTH,2025,2025-02-11,1200000,751
60 Minutes,2025,2025-02-17,1200000,752
ニャアン,2025,2025-05-21,1100000,753
WELCOME TO OUR DAY TKNUR,2025,2025-11-24,1100000,754
Tyler,2025,2025-07-22,1100000,755
TRAILER KHEMJIRA,2025,2025-07-24,1100000,756
TDP JSP GATE KEEPER NTR,2025,2025-07-11,1100000,757
Snow White,2025,2025-03-23,1100000,758
Schiff,2025,2025-09-17,1100000,759
ORM OST ONLY YOU,2025,2025-07-21,1100000,760
ORM GOP BVLGARI TH,2025,2025-06-20,1100000,761
Mission Of Sant RampalJi,2025,2025-08-26,1100000,762
Malang,2025,2025-03-23,1100000,763
KORNNAPHAT FULL MOON,2025,2025-08-21,1100000,764
Jair Bolsonaro,2025,2025-08-05,1100000,765
JOONG 24th LEVEL UP,2025,2025-03-24,1100000,766
EST AT CENTRAL CHIDLOM,2025,2025-09-03,1100000,767
Deltarune,2025,2025-06-05,1100000,768
DOUBTLESS BY FOURTH MV,2025,2025-03-18,1100000,769
Chargers,2025,2025-01-12,1100000,770
Aarón,2025,2025-09-29,1100000,771
建国記念日,2025,2025-02-11,1000000,772
バトルパートナーズ,2025,2025-01-24,1000000,773
Vikings,2025,2025-01-14,1000000,774
ORM BVLGARI POP UP SG,2025,2025-07-22,1000000,775
LINGORM SEOUL BD PARTY,2025,2025-05-24,1000000,776
JIN JIN,2025,2025-01-26,1000000,777
DONBELLE CELEBRATES DINAGYANG,2025,2025-01-26,1000000,778
DMD FRIENDSHIP NEVER ENDS,2025,2025-01-12,1000000,779
DAOUOFFROAD THE NEW ERA,2025,2025-08-07,1000000,780
MAKEOVER WITH EMIBONNIE,2025,2025-08-24,994000,781
알티이벤트,2025,2025-04-04,984000,782
メタンガス,2025,2025-04-07,984000,783
PondPhuwin SF SnowWhite,2025,2025-03-23,972000,784
DONBELLE TAGSIBALL,2025,2025-04-04,972000,785
オークス,2025,2025-05-25,971000,786
PERTHSANTA CVITT SANRIO,2025,2025-05-20,956000,787
SNAP,2025,2025-03-23,895000,788
The Boys,2025,2025-02-27,894000,789
Miku,2025,2025-01-14,889000,790
Carrie,2025,2025-01-14,888000,791
Dallas,2025,2025-09-25,877000,792
Minecraft,2025,2025-04-05,876000,793
THE​ WATER Q1 SHOOTING,2025,2025-09-25,870000,794
Norway,2025,2025-03-02,869000,795
Hillary,2025,2025-08-01,858000,796
Arrest,2025,2025-05-10,852000,797
アロ〜ハ,2025,2025-07-22,833000,798
コスプレ,2025,2025-04-25,832000,799
Malcolm,2025,2025-07-22,829000,800
Globo,2025,2025-08-05,826000,801
timeless,2025,2025-09-15,808000,802
BOLSONARO PRESO,2025,2025-08-05,799000,803
MARK 1999 OUT NOW,2025,2025-04-07,789000,804
Modric,2025,2025-05-24,770000,805
zelena,2025,2025-01-14,758000,806
Sydney Sweeney,2025,2025-08-01,757000,807
連休明け,2025,2025-09-16,748000,808
Crawford,2025,2025-09-15,735000,809
Happy 520,2025,2025-05-20,725000,810
EL X STITCH MAJOR SCREENING,2025,2025-06-05,716000,811
地震情報,2025,2025-01-14,715000,812
SOBERANO,2025,2025-07-15,659000,813
MetGala,2024,2024-05-07,3647000,1
Trump,2024,2024-05-30,3588000,2
Israel,2024,2024-04-14,3162000,3
Biden,2024,2024-06-28,2900000,4
Valentine's Day,2024,2024-02-14,2865000,5
Happy New Year,2024,2024-01-01,2555000,6
バレンタイン,2024,2024-02-14,2406000,7
Mother's Day,2024,2024-05-13,2153000,8
RafahOnFıre,2024,2024-05-27,2056000,9
getoutofrafah,2024,2024-05-08,1859000,10
Oscars,2024,2024-03-11,1799000,11
Epstein,2024,2024-01-04,1701000,12
Supreme Court,2024,2024-07-02,1675000,13
Happy Easter,2024,2024-03-31,1624000,14
Chiefs,2024,2024-02-12,1578000,15
Usher,2024,2024-02-12,1464000,16
Putin,2024,2024-02-09,1362000,17
JUNGKOOK,2024,2024-06-07,1348000,18
Iran,2024,2024-05-20,1327000,19
SuperBowl,2024,2024-02-12,1298000,20
Easter,2024,2024-03-31,1216000,21
Davi,2024,2024-03-06,1149000,22
Texas,2024,2024-01-26,1140000,23
México,2024,2024-06-03,1109000,24
Fauci,2024,2024-06-04,1108000,25
April Fools,2024,2024-04-01,1053000,26
Ukraine,2024,2024-04-21,1031000,27
Nigeria,2024,2024-02-08,1030000,28
Mbappe,2024,2024-06-03,1002000,29
エイプリルフール,2024,2024-03-31,978000,30
GoldenGlobes,2024,2024-01-08,975000,31
Hunter,2024,2024-06-12,945000,32
RutoMustGo,2024,2024-06-26,940000,33
BBB24,2024,2024-01-15,912000,34
REJECTFINANCEBILL2024,2024,2024-06-20,907000,35
ايران,2024,2024-04-14,906000,36
الهلال,2024,2024-02-09,901000,37
Kendrick,2024,2024-06-20,893000,38
Lula,2024,2024-02-19,875000,39
Drake,2024,2024-05-04,872000,40
บวงสรวงซีรีส์ปิ่นภักดิ์,2024,2024-06-30,861000,41
ROCKSTAR OUT NOW,2024,2024-06-28,859000,42
राहुल गांधी,2024,2024-07-02,854000,43
Hamas,2024,2024-06-08,848000,44
SCOTUS,2024,2024-07-02,804000,45
BUS_WATCHYOURSTEP_MV,2024,2024-02-14,798000,46
T20WorldCup,2024,2024-06-29,796000,47
InternationalWomensDay,2024,2024-03-09,786000,48
WeAreSeriesEP11,2024,2024-06-12,777000,49
Davos,2024,2024-01-17,734000,50
ホワイトデー,2024,2024-03-14,730000,51
اسرائيل,2024,2024-04-14,730000,52
WrestleMania,2024,2024-04-07,698000,53
فوازير_غازي_الذيابي5,2024,2024-03-20,697000,54
AllEyesOnReasi,2024,2024-06-10,695000,55
49ers,2024,2024-02-12,691000,56
Sanremo2024,2024,2024-02-10,690000,57
Happy Pride Month,2024,2024-06-01,668000,58
Bronx,2024,2024-05-24,666000,59
Taylor,2024,2024-05-09,650000,60
Beyoncé,2024,2024-02-12,649000,61
Ecuador,2024,2024-04-06,641000,62
Uranus2324GalaPremiere,2024,2024-07-02,634000,63
BTS11thAnniversary,2024,2024-06-12,626000,64
Yemen,2024,2024-01-12,624000,65
Arsenal,2024,2024-04-14,623000,66
Lali,2024,2024-02-16,599000,67
América,2024,2024-05-27,598000,68
Lions,2024,2024-01-29,590000,69
ISIS,2024,2024-03-23,585000,70
Comebacktome,2024,2024-05-10,585000,71
New Hampshire,2024,2024-01-24,583000,72
RoyalRumble,2024,2024-01-28,579000,73
Netanyahu,2024,2024-05-20,577000,74
20thKomchadluekAwards,2024,2024-05-28,567000,75
大津波警報,2024,2024-01-01,566000,76
Wanessa,2024,2024-03-02,565000,77
Aaron Bushnell,2024,2024-02-26,564000,78
WeAreSeriesEP13,2024,2024-06-26,552000,79
Messi,2024,2024-01-16,546000,80
karina,2024,2024-02-27,542000,81
Mahomes,2024,2024-02-12,538000,82
Fani Willis,2024,2024-02-16,531000,83
GranHermano,2024,2024-02-23,522000,84
チョコレート,2024,2024-02-14,521000,85
FREENBECKY FIRST COUPLE MOVIE,2024,2024-07-02,510000,86
Chelsea,2024,2024-04-23,509000,87
$NIM,2024,2024-03-21,507000,88
Haley,2024,2024-01-24,504000,89
Venezuela,2024,2024-06-27,501000,90
Feliz 2024,2024,2024-01-01,500000,91
WelcomeBackJin,2024,2024-06-12,500000,92
WeAreSeriesEP10,2024,2024-06-05,498000,93
euro2024,2024,2024-06-14,496000,94
こどもの日,2024,2024-05-05,493000,95
Bitcoin,2024,2024-02-28,488000,96
TLP Finished Shooting,2024,2024-06-11,483000,97
ปิ่นภักดิ์ปิดกล้องแล้วจ้า,2024,2024-06-11,477000,98
Macron,2024,2024-06-09,470000,99
يوم_عرفه,2024,2024-06-15,465000,100
新年早々,2024,2024-01-01,463000,101
BETAwards,2024,2024-07-01,457000,102
謹賀新年,2024,2024-01-01,450000,103
応募規約,2024,2024-03-05,450000,104
オーロラ,2024,2024-05-11,444000,105
Leverkusen,2024,2024-04-14,442000,106
HouseoftheDragon,2024,2024-06-17,442000,107
ValentinesDay,2024,2024-02-14,439000,108
New York,2024,2024-05-30,439000,109
Super Bowl,2024,2024-01-29,436000,110
INDvSA,2024,2024-06-29,435000,111
OTGala8,2024,2024-01-23,432000,112
Megan,2024,2024-01-26,431000,113
Nicki,2024,2024-01-26,430000,114
Good Friday,2024,2024-03-30,429000,115
Tucker,2024,2024-02-06,428000,116
Fernanda,2024,2024-02-01,425000,117
Navalny,2024,2024-02-16,421000,118
Disney,2024,2024-02-08,419000,119
บางกอกคณิกาep1,2024,2024-05-08,415000,120
KCLAwards2024xFOURTH,2024,2024-05-28,412000,121
Yasmin,2024,2024-03-13,406000,122
Dortmund,2024,2024-05-08,404000,123
nicki,2024,2024-02-13,401000,124
ツインテールの日,2024,2024-02-02,400000,125
Bills,2024,2024-01-22,394000,126
OTGala6,2024,2024-01-09,390000,127
اليمن,2024,2024-01-12,388000,128
Corinthians,2024,2024-02-19,387000,129
AFCON2023,2024,2024-02-08,386000,130
Bambam,2024,2024-02-25,386000,131
Canadá,2024,2024-06-21,385000,132
Capitol,2024,2024-01-06,384000,133
Liverpool,2024,2024-03-10,383000,134
猫の日,2024,2024-02-22,383000,135
KAZZAWARDS2024,2024,2024-05-14,383000,136
namjoon,2024,2024-05-24,379000,137
11YearsWithBTS,2024,2024-06-12,375000,138
RightPlaceWrongPerson,2024,2024-05-10,368000,139
Piñera,2024,2024-02-06,366000,140
ขวัญฤทัยตอนจบ,2024,2024-05-11,362000,141
OTGala7,2024,2024-01-16,360000,142
Nizam,2024,2024-01-15,359000,143
ALL EYES ON RAFAH,2024,2024-05-28,357000,144
Democrats,2024,2024-05-30,356000,145
INDvsPAK,2024,2024-06-09,353000,146
النصر,2024,2024-03-08,350000,147
NAYEON,2024,2024-06-14,349000,148
Oppenheimer,2024,2024-03-11,347000,149
Zendaya,2024,2024-05-07,343000,150
HouseofThedragon,2024,2024-06-24,343000,151
OTGala10,2024,2024-02-06,341000,152
Palmer,2024,2024-04-05,340000,153
رمضان,2024,2024-03-10,338000,154
Scotland,2024,2024-06-14,329000,155
V_FRIENDS,2024,2024-03-15,328000,156
共同親権,2024,2024-04-12,324000,157
Cowboys,2024,2024-01-15,322000,158
Marielle,2024,2024-03-24,320000,159
鬼滅の刃,2024,2024-06-30,319000,160
台湾の地震,2024,2024-04-03,316000,161
NGARSA,2024,2024-02-08,315000,162
Germany,2024,2024-06-14,311000,163
OTGala5,2024,2024-01-02,309000,164
TEN_FIRST_FANCON_IN_BKK,2024,2024-02-10,304000,165
SoloistLalisaReturns,2024,2024-01-26,303000,166
LISAxPIÈCESJAUNES2024,2024,2024-01-26,302000,167
Alane,2024,2024-02-06,302000,168
FunkGeneration,2024,2024-04-26,302000,169
WeAreSeriesEP12,2024,2024-06-19,302000,170
SAROCHA REBECCA IN KAZZ,2024,2024-05-14,301000,171
Portugal,2024,2024-06-18,299000,172
FECHADOS COM FERNANDA,2024,2024-03-29,298000,173
Ferrari,2024,2024-02-01,296000,174
ブルースカイ,2024,2024-02-07,291000,175
Eid Mubarak,2024,2024-06-16,291000,176
Reyes,2024,2024-01-06,287000,177
ICANTFEELANYTHING TEASER IMAGE,2024,2024-03-07,287000,178
Ghana,2024,2024-01-23,282000,179
すずめの戸締まり,2024,2024-04-05,282000,180
Ronaldo,2024,2024-06-18,281000,181
Vanessa Lopes,2024,2024-01-18,280000,182
casilla,2024,2024-06-02,278000,183
WeAreSeriesEP6,2024,2024-05-08,277000,184
Peso Pluma,2024,2024-02-13,276000,185
WWEBacklash,2024,2024-05-04,275000,186
TeamIndia,2024,2024-06-29,272000,187
OJ Simpson,2024,2024-04-11,269000,188
River,2024,2024-04-21,266000,189
LCDLF4,2024,2024-05-21,264000,190
billie,2024,2024-03-11,262000,191
それスノ,2024,2024-02-23,256000,192
初日の出,2024,2024-01-01,251000,193
Ryan Gosling,2024,2024-03-11,251000,194
Not Like Us,2024,2024-06-20,251000,195
LLOUDByLalisa,2024,2024-02-08,250000,196
Malvinas,2024,2024-04-02,250000,197
HouseOfTheDragon,2024,2024-07-01,250000,198
RCBvsCSK,2024,2024-05-18,246000,199
Ali Koç,2024,2024-06-08,245000,200
Eurovision2024,2024,2024-05-09,243000,201
อิงล็อต,2024,2024-07-02,242000,202
PondPhuwin WeAre EP13,2024,2024-06-26,239000,203
OTGala9,2024,2024-01-29,235000,204
Colombia,2024,2024-06-25,235000,205
TEN FITME LOVE,2024,2024-06-15,234000,206
Aziz Yıldırım,2024,2024-06-08,228000,207
Saban,2024,2024-01-11,224000,208
Hailey,2024,2024-05-09,223000,209
ハイキュー,2024,2024-02-16,222000,210
Rodriguinho,2024,2024-02-28,220000,211
ブルアカらいぶ3周年SPDAY2,2024,2024-01-21,219000,212
UFC303,2024,2024-06-30,219000,213
บางกอกคณิกาep5,2024,2024-05-22,216000,214
Neymar,2024,2024-05-31,216000,215
Win 1st Solo Fancon,2024,2024-02-17,215000,216
大谷翔平,2024,2024-02-29,215000,217
The Rock,2024,2024-04-07,215000,218
LoseMyBreath,2024,2024-05-10,215000,219
WeAreSeriesEP8,2024,2024-05-22,215000,220
都知事選,2024,2024-06-20,215000,221
ExitPoll,2024,2024-06-01,214000,222
renjun,2024,2024-04-20,213000,223
St. Patrick,2024,2024-03-17,212000,224
Sunak,2024,2024-06-04,212000,225
宝塚記念,2024,2024-06-23,212000,226
हे_मेरी_कौम_के_हिंदुओं,2024,2024-01-16,210000,227
السعوديه_كوريا,2024,2024-01-30,210000,228
HAPPYTENDAY,2024,2024-02-26,210000,229
WEARE大阪生配信やで,2024,2024-05-30,209000,230
ขวัญฤทัยEP6,2024,2024-04-21,208000,231
No Riley,2024,2024-06-21,208000,232
Packers,2024,2024-01-15,206000,233
संतगरीबदासजी_को_मिले_भगवान,2024,2024-03-16,206000,234
Lucas,2024,2024-02-06,204000,235
Barca,2024,2024-04-16,203000,236
SecretStory,2024,2024-04-23,202000,237
Lakers,2024,2024-02-09,201000,238
BataREDxZeeNunew,2024,2024-01-30,199000,239
UFC297,2024,2024-01-21,197000,240
Emma Stone,2024,2024-03-11,197000,241
ダービー,2024,2024-05-26,197000,242
UFC298,2024,2024-02-18,195000,243
FerragamoFW24xJENO,2024,2024-02-24,195000,244
Ivete,2024,2024-03-23,195000,245
Dolphins,2024,2024-01-14,194000,246
コロンブス,2024,2024-06-13,194000,247
緊急地震速報,2024,2024-01-01,193000,248
فوازير_غازي_الذيابي7,2024,2024-03-24,192000,249
FathersDay,2024,2024-06-16,192000,250
ariana,2024,2024-01-07,191000,251
เพลงขึ้นใจ,2024,2024-05-06,190000,252
Gachagua,2024,2024-06-26,190000,253
บางกอกคณิกาep4,2024,2024-05-16,189000,254
地震大丈夫,2024,2024-01-01,188000,255
TRIP,2024,2024-06-27,188000,256
DMDLAND2CONCERT,2024,2024-01-13,186000,257
REBECCAPINKLOVELIVE,2024,2024-05-11,184000,258
Northern Lights,2024,2024-05-11,182000,259
PLdaGloboNão,2024,2024-05-21,181000,260
Coachella,2024,2024-01-17,180000,261
Manchester United,2024,2024-04-05,180000,262
Willie Mays,2024,2024-06-19,180000,263
EleccionesMéxico2024,2024,2024-06-02,176000,264
CDTVライブライブ,2024,2024-05-06,175000,265
Michigan,2024,2024-01-09,174000,266
Barcelona,2024,2024-04-11,174000,267
Endrick,2024,2024-03-24,173000,268
ENCOURAGE TO SAROCHA REBECCA,2024,2024-05-28,173000,269
İsmail,2024,2024-04-11,172000,270
테니2024생일축하해NIGHTWALKER,2024,2024-02-26,171000,271
ElClasico,2024,2024-04-21,168000,272
箱根駅伝,2024,2024-01-03,166000,273
RCB FINISHED DHOBI,2024,2024-05-24,166000,274
Yuta,2024,2024-05-23,165000,275
الهلال_النصر,2024,2024-05-31,164000,276
Steelers,2024,2024-01-16,163000,277
LastTwilightSeriesEP10,2024,2024-01-12,163000,278
FOURTH_CANDIDATEMV,2024,2024-02-20,163000,279
ปิ่นภักดิ์Q51ใกล้เสร็จแล้ว,2024,2024-06-03,162000,280
Vina2024,2024,2024-02-27,161000,281
Amethi,2024,2024-05-03,161000,282
Roma,2024,2024-01-16,159000,283
Flamengo,2024,2024-01-18,159000,284
JENO AT FERRAGAMO MFW,2024,2024-02-24,159000,285
Italy,2024,2024-06-29,159000,286
Manzana,2024,2024-02-01,158000,287
GSvFB,2024,2024-04-08,156000,288
الهلال_انترميامي,2024,2024-01-29,155000,289
LISANDRO,2024,2024-03-01,155000,290
MothersDay,2024,2024-05-12,155000,291
JIN AT PARIS OLYMPICS,2024,2024-07-02,155000,292
فوازير_غازي_الذيابي8,2024,2024-03-26,153000,293
Lukaku,2024,2024-06-17,153000,294
secim2024,2024,2024-03-31,153000,295
PSGBVB,2024,2024-05-08,153000,296
Sabrina,2024,2024-02-18,152000,297
高橋一生,2024,2024-05-16,152000,298
Beatriz,2024,2024-01-15,151000,299
SmackDown,2024,2024-02-03,150000,300
6subat2023,2024,2024-02-06,150000,301
فوازير_غازي_الذيابي6,2024,2024-03-21,150000,302
UFC300,2024,2024-04-14,150000,303
10VELY TEN DAY,2024,2024-02-26,149000,304
連休明け,2024,2024-05-07,149000,305
AEWDoN,2024,2024-05-27,147000,306
ヴィクトリアマイル,2024,2024-05-12,146000,307
Spain,2024,2024-06-15,146000,308
Panama,2024,2024-07-02,146000,309
Vivek,2024,2024-01-14,145000,310
STAYs For Eternity With SKZ,2024,2024-03-24,145000,311
Ross,2024,2024-04-14,145000,312
Staracademy,2024,2024-02-04,144000,313
LISAxTheWhiteLotus,2024,2024-02-13,144000,314
Verstappen,2024,2024-06-30,144000,315
恵方巻き,2024,2024-02-03,143000,316
Sanremo24,2024,2024-02-06,143000,317
Joel,2024,2024-02-09,142000,318
Taiwan,2024,2024-04-03,142000,319
Knicks,2024,2024-05-03,142000,320
ITVDebate,2024,2024-06-04,142000,321
HAPPY BIRTHDAY MILEPHAKPHUM,2024,2024-01-05,141000,322
inep,2024,2024-01-16,141000,323
Elections2024,2024,2024-02-08,141000,324
رونالدو,2024,2024-04-09,140000,325
HAPPYHAECHANDAY,2024,2024-06-05,140000,326
Foden,2024,2024-05-19,138000,327
TSTheErasTourTaylorsVersion,2024,2024-03-15,138000,328
TORCHBEARER JIN,2024,2024-07-02,138000,329
Alabama,2024,2024-01-11,137000,330
Toni Kroos,2024,2024-05-21,137000,331
earthquake,2024,2024-04-05,135000,332
Roman,2024,2024-02-03,134000,333
ジョンソン,2024,2024-05-20,134000,334
Musiala,2024,2024-06-14,134000,335
Strickland,2024,2024-01-21,133000,336
ApoFlytoGeneva,2024,2024-04-08,133000,337
Austria,2024,2024-06-25,133000,338
GEMINI_TOOCLOSETOHANDLE,2024,2024-03-07,132000,339
Jerry West,2024,2024-06-12,132000,340
チェルシー,2024,2024-03-04,131000,341
Bill Walton,2024,2024-05-27,130000,342
grandefratello,2024,2024-01-16,129000,343
தமிழகவெற்றிகழகம்,2024,2024-02-02,129000,344
TARAKOさん,2024,2024-03-09,129000,345
レイアース,2024,2024-07-02,129000,346
CherryMagicTHep9,2024,2024-02-10,128000,347
Xbox,2024,2024-02-16,128000,348
Kentucky,2024,2024-03-22,128000,349
Modric,2024,2024-06-25,127000,350
Everton,2024,2024-04-24,126000,351
صالح الاعمال,2024,2024-03-10,126000,352
Barbie,2024,2024-01-23,125000,353
Sora,2024,2024-02-16,125000,354
Will Still,2024,2024-05-02,124000,355
Manchester City,2024,2024-05-19,124000,356
พิธาลิ้มเจริญรัตน์,2024,2024-01-24,123000,357
Happy Holi,2024,2024-03-24,123000,358
MissUniversePhilippines2024,2024,2024-05-22,123000,359
デカ女ブーム,2024,2024-05-28,123000,360
Ramadan Mubarak,2024,2024-03-10,122000,361
Uruguay,2024,2024-07-02,122000,362
Mourinho,2024,2024-01-16,121000,363
東京タワー,2024,2024-06-15,119000,364
仕事始め,2024,2024-01-04,118000,365
新空港占拠,2024,2024-01-27,118000,366
AusOpen,2024,2024-01-28,118000,367
カービィ,2024,2024-03-01,118000,368
BrighterOnMINGYUDay,2024,2024-04-05,118000,369
HappysMILEday2024,2024,2024-01-05,117000,370
Ripple,2024,2024-02-14,117000,371
Normandy,2024,2024-06-06,117000,372
パルワールド,2024,2024-01-20,116000,373
Juanjo,2024,2024-01-23,116000,374
Melodi,2024,2024-06-15,116000,375
春分の日,2024,2024-03-20,115000,376
WWERAW,2024,2024-04-09,115000,377
Kyrie,2024,2024-05-27,115000,378
Sancho,2024,2024-05-01,115000,379
PRIDE OF KOREA JIN,2024,2024-07-02,115000,380
WWERaw,2024,2024-02-06,114000,381
4월에_피어난_민규라는행복,2024,2024-04-05,114000,382
Havertz,2024,2024-03-10,113000,383
Agostina,2024,2024-02-22,113000,384
فوازير_غازي_الذيابي3,2024,2024-03-16,113000,385
CATALINA AL 9009,2024,2024-04-04,113000,386
RM_LOST,2024,2024-05-20,113000,387
Girona,2024,2024-05-04,111000,388
nunew1stfminnanning,2024,2024-03-23,111000,389
Vinicius,2024,2024-03-26,111000,390
オールスター感謝祭24春,2024,2024-04-06,111000,391
Erzincan,2024,2024-02-13,110000,392
ThePopOut,2024,2024-06-20,110000,393
日本海側,2024,2024-01-01,109000,394
光る君へ,2024,2024-06-09,109000,395
メイドの日,2024,2024-05-10,109000,396
Josh Allen,2024,2024-01-22,107000,397
キスの日,2024,2024-05-23,107000,398
TheLoyalPin,2024,2024-01-25,106000,399
Vince,2024,2024-01-26,106000,400
الحرب_العالميه_الثالثه,2024,2024-04-14,106000,401
RCBvSRH,2024,2024-04-16,106000,402
Sami,2024,2024-04-07,105000,403
StarAcademy,2024,2024-01-06,104000,404
プリキュア,2024,2024-01-07,103000,405
해차니_생일_와떠여,2024,2024-06-05,103000,406
梅雨入り,2024,2024-06-21,103000,407
Maycon,2024,2024-01-12,102000,408
Kanye,2024,2024-02-09,102000,409
ハチワレ,2024,2024-03-07,101000,410
Inglaterra,2024,2024-03-24,101000,411
UConn,2024,2024-04-06,101000,412
Bluesky,2024,2024-02-07,100000,413
WWEChamber,2024,2024-02-24,100000,414
Telam,2024,2024-03-04,100000,415
PREP,2024,2024-06-03,100000,416
ブルーアーカイブ,2024,2024-01-21,99000,417
CanadianGP,2024,2024-06-08,99000,418
TVKVijay,2024,2024-02-02,98000,419
ダノンデサイル,2024,2024-05-26,98000,420
Cruz Azul,2024,2024-05-27,98000,421
Jiri,2024,2024-06-30,98000,422
HappyINDay,2024,2024-02-07,97000,423
jihyo,2024,2024-03-24,97000,424
RejectFinanceBill2024,2024,2024-06-13,97000,425
HOTD,2024,2024-06-24,97000,426
Commissioner Rawalpindi,2024,2024-02-17,96000,427
ブローザホーン,2024,2024-06-23,96000,428
Odanz,2024,2024-06-28,96000,429
共通テスト,2024,2024-01-12,95000,430
BUANGSUANGMONRUK2567,2024,2024-01-17,95000,431
ผีฮ่องกง,2024,2024-04-17,95000,432
기자회견,2024,2024-04-25,95000,433
ModiCabinet,2024,2024-06-09,95000,434
成人の日,2024,2024-01-08,94000,435
Tadeu,2024,2024-03-13,94000,436
Ramsdale,2024,2024-03-10,94000,437
お迎え渋谷くん,2024,2024-04-02,94000,438
不破湊3Dライブ,2024,2024-05-11,94000,439
BANGBANGCON24,2024,2024-06-08,94000,440
PrinceOfVocals_IN_Day,2024,2024-02-07,93000,441
DoumbeBaki,2024,2024-03-08,93000,442
BalenciagaxPPKRIT,2024,2024-05-30,93000,443
BenidormFestFinal,2024,2024-02-04,92000,444
Raquele,2024,2024-01-20,91000,445
スシロー,2024,2024-02-21,91000,446
South Carolina,2024,2024-04-08,91000,447
Dembele,2024,2024-04-16,91000,448
FAYEYOKO IZEZA 9STARSTUDIOS,2024,2024-07-02,91000,449
Xavi,2024,2024-05-04,90000,450
ibrahimkeloğlantutuklansın,2024,2024-02-12,90000,451
DOHKYUNGSOO_POPCORN,2024,2024-04-30,90000,452
GERSCO,2024,2024-06-14,90000,453
NEDFRA,2024,2024-06-21,90000,454
INDvENG,2024,2024-06-27,89000,455
Andrea Bocelli,2024,2024-02-27,89000,456
النصر_الاتحاد,2024,2024-05-27,89000,457
サッカー日本代表,2024,2024-01-19,88000,458
아이엔_생일이다_크림채우자,2024,2024-02-07,88000,459
SixTONES_音色,2024,2024-04-29,88000,460
Belgium,2024,2024-06-17,88000,461
日本人女性,2024,2024-02-29,87000,462
Noam Chomsky,2024,2024-06-18,87000,463
PFLParis,2024,2024-03-08,86000,464
QueenOfTearsEp14,2024,2024-04-21,86000,465
PondPhuwin WeAre EP8,2024,2024-05-22,86000,466
Ten Hag,2024,2024-06-12,86000,467
تركيا,2024,2024-07-02,86000,468
سیدالشهدای_خدمت,2024,2024-05-20,85000,469
DoubleTroubleConcert,2024,2024-07-02,85000,470
羽田空港,2024,2024-01-02,84000,471
derek,2024,2024-01-11,84000,472
LAPOSTA2024,2024,2024-01-20,84000,473
البليهي,2024,2024-04-09,84000,474
EidMubarak,2024,2024-06-17,84000,475
RevolutionKe,2024,2024-06-20,84000,476
FRAPOL,2024,2024-06-25,84000,477
CLAMP,2024,2024-07-02,84000,478
Isabel,2024,2024-01-04,83000,479
Cruzeiro,2024,2024-03-31,83000,480
loveIsland,2024,2024-06-03,83000,481
EarthDay,2024,2024-04-22,82000,482
Oakland,2024,2024-03-22,81000,483
ダイジン,2024,2024-04-05,81000,484
Cape Verde,2024,2024-02-04,80000,485
Lille,2024,2024-04-19,80000,486
تتويج_الهلال,2024,2024-05-24,80000,487
سلمان,2024,2024-05-24,80000,488
Dems,2024,2024-06-28,80000,489
Niners,2024,2024-01-29,79000,490
Meek,2024,2024-02-28,79000,491
O Vasco,2024,2024-04-28,79000,492
Covishield,2024,2024-04-30,79000,493
Arda Güler,2024,2024-01-06,78000,494
ちびまる子ちゃん,2024,2024-03-09,78000,495
ذكري_البيعه_السابعه,2024,2024-04-05,78000,496
BVBPSG,2024,2024-05-01,78000,497
BRIDGERTON,2024,2024-05-16,78000,498
LovelyRunnerEp13,2024,2024-05-20,78000,499
Julian Assange,2024,2024-06-25,78000,500
LIVCHE,2024,2024-01-31,77000,501
السعوديه الخضراء,2024,2024-03-28,77000,502
Auroraborealis,2024,2024-05-11,77000,503
ロマンチックウォリアー,2024,2024-06-02,77000,504
連続テレビ小説,2024,2024-06-10,77000,505
Happy New Month,2024,2024-07-01,77000,506
Caitlin Clark,2024,2024-04-08,76000,507
Warriors,2024,2024-01-28,76000,508
Araujo,2024,2024-04-16,76000,509
Mavs,2024,2024-05-27,76000,510
岸辺露伴,2024,2024-05-16,76000,511
Katt Williams,2024,2024-01-04,75000,512
Purdy,2024,2024-01-21,75000,513
インドネシア,2024,2024-01-24,75000,514
Dan Campbell,2024,2024-01-29,75000,515
BenidormFestSemi1,2024,2024-01-31,75000,516
伊東純也,2024,2024-02-01,75000,517
大雪警報,2024,2024-02-05,75000,518
Klopp,2024,2024-04-24,75000,519
Normani,2024,2024-06-14,75000,520
Glastonbury,2024,2024-06-28,75000,521
XiaoZhanWBNight23,2024,2024-01-13,74000,522
Portela,2024,2024-02-13,74000,523
Brentford,2024,2024-03-31,74000,524
Forest,2024,2024-04-21,74000,525
DY_LITTLELIGHT_OutNow,2024,2024-04-22,74000,526
ブルーモーメント,2024,2024-04-24,74000,527
FEDERICO,2024,2024-02-01,73000,528
Ortiz,2024,2024-02-09,73000,529
West Ham,2024,2024-05-19,73000,530
Avrupa,2024,2024-02-22,73000,531
Perez,2024,2024-05-25,73000,532
Alicent,2024,2024-06-17,73000,533
ファンタビ,2024,2024-02-02,72000,534
ModiKaParivar,2024,2024-03-04,72000,535
الكويت,2024,2024-05-10,72000,536
テンハッピーローズ,2024,2024-05-12,72000,537
Angelina,2024,2024-02-10,71000,538
الهلال_الاتحاد,2024,2024-04-11,71000,539
Qatar,2024,2024-04-16,71000,540
Halsey,2024,2024-06-04,71000,541
LIVNEW,2024,2024-01-02,70000,542
West Indies,2024,2024-01-28,70000,543
Brunson,2024,2024-05-03,70000,544
BREAKOUT,2024,2024-06-19,70000,545
InternationalYogaDay,2024,2024-06-21,70000,546
Celtics,2024,2024-01-12,69000,547
Whittaker,2024,2024-02-18,69000,548
Aaron Donald,2024,2024-03-16,69000,549
बुद्ध पूर्णिमा,2024,2024-05-23,69000,550
Colts,2024,2024-01-07,68000,551
Yankees,2024,2024-03-29,68000,552
Antony,2024,2024-04-05,68000,553
Paraguay,2024,2024-06-25,68000,554
Kohli,2024,2024-06-27,68000,555
KADOKAWA,2024,2024-07-02,68000,556
النصر_الفيحاء,2024,2024-02-14,67000,557
Poch,2024,2024-05-21,67000,558
ナイトメア,2024,2024-05-30,67000,559
ElectionResult,2024,2024-02-09,66000,560
めいちゃん,2024,2024-06-16,66000,561
Juneteenth,2024,2024-06-19,66000,562
SixTONESANN,2024,2024-01-27,65000,563
Bayley,2024,2024-01-28,65000,564
Nike,2024,2024-03-21,65000,565
$GME,2024,2024-05-13,65000,566
VoleiNoSporTV,2024,2024-06-16,65000,567
ころんくん誕生祭2024,2024,2024-05-28,65000,568
ViratKohli𓃵,2024,2024-06-29,65000,569
HAPPYJUNKIDAY,2024,2024-01-19,64000,570
死刑判決,2024,2024-01-25,64000,571
Shamar Joseph,2024,2024-01-28,64000,572
事務ミス選手権,2024,2024-02-17,64000,573
Yamal,2024,2024-04-16,64000,574
OTGala11,2024,2024-02-12,63000,575
Marisol,2024,2024-02-23,63000,576
NCTDREAM_icantfeelanything,2024,2024-03-07,63000,577
Alonso,2024,2024-04-20,63000,578
Demichelis,2024,2024-04-21,63000,579
النصر_الوحده,2024,2024-05-04,63000,580
يوم_الترويه,2024,2024-06-14,63000,581
WWECastle,2024,2024-06-15,63000,582
FendiFragrancesXZeePruk,2024,2024-06-20,63000,583
ドウデュース,2024,2024-06-23,63000,584
vanessa lopes,2024,2024-01-06,62000,585
AUSvWI,2024,2024-01-28,62000,586
Wrestlemania,2024,2024-02-03,62000,587
ギャンブル,2024,2024-03-21,62000,588
Cordina,2024,2024-05-18,62000,589
Kabosu,2024,2024-05-24,62000,590
Herrera,2024,2024-04-21,61000,591
Pedro Pascal,2024,2024-02-14,61000,592
Olise,2024,2024-06-21,61000,593
Slovakia,2024,2024-06-30,61000,594
Texans,2024,2024-01-07,60000,595
OTDirecto10E,2024,2024-01-10,60000,596
Ronwen Williams,2024,2024-02-04,60000,597
Jaylen Brown,2024,2024-02-18,60000,598
Medina,2024,2024-02-26,60000,599
さとみくん,2024,2024-02-23,60000,600
BECKY MISS SONGKRAN,2024,2024-04-12,60000,601
Fes蓮ノ空オープニングライブ,2024,2024-04-29,60000,602
デザフェス,2024,2024-05-18,60000,603
Jordan Love,2024,2024-01-21,59000,604
大谷さん,2024,2024-02-29,59000,605
Opay,2024,2024-03-28,59000,606
Stephen Hawking,2024,2024-01-04,58000,607
GBvsDAL,2024,2024-01-15,58000,608
アベンチュリン,2024,2024-03-16,58000,609
GeneralElectionN0W,2024,2024-02-08,58000,610
Raebareli,2024,2024-05-03,58000,611
Timberwolves,2024,2024-05-07,58000,612
للهلال,2024,2024-05-31,58000,613
عيد_الاضحي,2024,2024-06-15,58000,614
MyAgendaGaza,2024,2024-06-28,58000,615
Nunez,2024,2024-01-01,57000,616
叶えよう_純喜を支えた純喜の夢,2024,2024-01-19,57000,617
JO1ANNX,2024,2024-02-28,57000,618
AcneStudiosFW24,2024,2024-02-28,57000,619
Racing,2024,2024-05-13,57000,620
呪術廻戦,2024,2024-05-21,57000,621
t20USA,2024,2024-06-09,57000,622
INDvAFG,2024,2024-01-17,56000,623
カイロス,2024,2024-03-13,56000,624
RCBvsKKR,2024,2024-03-29,56000,625
Shakira,2024,2024-04-01,56000,626
ICONSIAMSongkranxBECKY,2024,2024-04-12,56000,627
السعوديه_الاردن,2024,2024-06-12,56000,628
Hungary,2024,2024-06-15,56000,629
BA PRADA WIN in Milan,2024,2024-01-10,55000,630
Chiara,2024,2024-01-29,55000,631
CanAtalay,2024,2024-01-30,55000,632
sisu,2024,2024-01-30,55000,633
Clippers,2024,2024-04-28,55000,634
Eclipse2024,2024,2024-04-08,55000,635
Amici23,2024,2024-05-13,55000,636
ホロ1期生6周年,2024,2024-06-01,55000,637
Croacia,2024,2024-06-15,55000,638
Hungria,2024,2024-03-26,54000,639
Harden,2024,2024-04-28,54000,640
GoBackModi,2024,2024-05-30,54000,641
Morata,2024,2024-06-15,53000,642
AEWDynamite,2024,2024-01-04,53000,643
Embiid,2024,2024-04-21,53000,644
Apolinho,2024,2024-05-16,53000,645
Smackdown,2024,2024-05-18,53000,646
フジ大奥,2024,2024-01-18,52000,647
フリーレン,2024,2024-02-02,52000,648
うたコン,2024,2024-05-21,52000,649
Borel,2024,2024-02-25,52000,650
JJドーレダ,2024,2024-03-05,52000,651
LaChorraEstaGaga,2024,2024-04-28,52000,652
VoleiNoSportv,2024,2024-05-18,52000,653
Rojo,2024,2024-06-02,52000,654
LeDébatTF1,2024,2024-06-25,52000,655
再アニメ化,2024,2024-07-02,52000,656
LisbonTStheErasTour,2024,2024-05-24,51000,657
DDay,2024,2024-06-06,51000,658
Cancelo,2024,2024-04-21,50000,659
スクフェス2,2024,2024-01-25,50000,660
ヒトナー,2024,2024-02-15,50000,661
Pedri,2024,2024-03-03,50000,662
正解スレバソノ場デ30万名様ニ新発売ノ,2024,2024-03-05,50000,663
クロスプレイ,2024,2024-06-08,50000,664
Humphries,2024,2024-01-04,49000,665
Margot,2024,2024-01-23,49000,666
ラブライブ,2024,2024-01-25,49000,667
京都記念,2024,2024-02-11,49000,668
GSvÇRS,2024,2024-03-09,49000,669
Christ is King,2024,2024-03-24,49000,670
الاتحاد_الاتفاق,2024,2024-05-10,49000,671
sabrina,2024,2024-06-03,49000,672
おっさんずラブ,2024,2024-02-02,48000,673
AFCON2024,2024,2024-02-04,48000,674
$NIBI,2024,2024-02-08,48000,675
不適切にもほどがある,2024,2024-03-29,48000,676
大谷選手,2024,2024-02-29,48000,677
Sterling,2024,2024-03-17,48000,678
لمستقبل_اكثر_استدامه,2024,2024-03-28,48000,679
シェリン,2024,2024-05-06,48000,680
HappyBirthdayRahulGandhi,2024,2024-06-19,48000,681
WHUARS,2024,2024-02-11,47000,682
Declan Rice,2024,2024-02-11,47000,683
プロフェッショナル,2024,2024-05-02,47000,684
魔改造の夜,2024,2024-05-30,47000,685
Carlos Bremer,2024,2024-01-06,46000,686
Luigi,2024,2024-01-17,46000,687
StateofPlay,2024,2024-01-31,46000,688
雪の影響,2024,2024-02-05,46000,689
Leipzig,2024,2024-02-13,46000,690
Freire,2024,2024-03-01,46000,691
حجازي,2024,2024-03-02,46000,692
Budget2024,2024,2024-03-07,46000,693
ARSBRE,2024,2024-03-10,46000,694
Virginia,2024,2024-03-20,46000,695
FCBPSG,2024,2024-04-16,46000,696
ラヴィット,2024,2024-03-20,45000,697
一平さん,2024,2024-03-21,45000,698
Sixers,2024,2024-04-23,45000,699
Trailerบางกอกคณิกา,2024,2024-04-26,45000,700
Pacers,2024,2024-05-09,45000,701
dissolution,2024,2024-06-09,45000,702
Sainz,2024,2024-02-01,44000,703
Volk,2024,2024-02-18,44000,704
Liema,2024,2024-03-18,44000,705
VandaDarbeVar,2024,2024-04-02,44000,706
川崎記念,2024,2024-04-03,44000,707
WWEHOF,2024,2024-04-06,44000,708
PSGFCB,2024,2024-04-11,44000,709
Suns,2024,2024-04-20,44000,710
ナミュール,2024,2024-06-02,44000,711
INDvsUSA,2024,2024-06-12,44000,712
ソールオリエンス,2024,2024-06-23,44000,713
トレード,2024,2024-06-24,44000,714
ANG AKING MUNDO AY PAPAYA,2024,2024-02-19,43000,715
Javiera Contador,2024,2024-02-27,43000,716
オオタニサン,2024,2024-02-29,43000,717
Mets,2024,2024-03-30,43000,718
Raphinha,2024,2024-04-11,43000,719
ジョジョ婚,2024,2024-05-16,43000,720
Gabi,2024,2024-05-18,43000,721
GoBlue,2024,2024-01-09,42000,722
KadıköydeKaraGece,2024,2024-03-10,42000,723
ブレバン,2024,2024-02-01,42000,724
Calleri,2024,2024-01-31,42000,725
TOBE_とべばん,2024,2024-02-14,42000,726
BeratKandili,2024,2024-02-24,42000,727
النصر_الاهلي,2024,2024-03-16,42000,728
SleepyDon,2024,2024-04-16,42000,729
WeAreSeriesEP3,2024,2024-04-17,42000,730
1Mayıs,2024,2024-05-01,42000,731
Bélgica,2024,2024-06-17,42000,732
Tatum,2024,2024-05-24,41000,733
Curry,2024,2024-01-28,41000,734
SeniSeviyoruzKerem,2024,2024-01-29,41000,735
Okan,2024,2024-02-22,41000,736
Mr Ibu,2024,2024-03-02,41000,737
Mainoo,2024,2024-03-27,41000,738
Reggie Bush,2024,2024-04-24,41000,739
Meet the Grahams,2024,2024-05-04,41000,740
GenG,2024,2024-06-09,41000,741
WorldBloodDonorDay,2024,2024-06-14,41000,742
HappyTakumiDay,2024,2024-06-22,41000,743
Poatan,2024,2024-06-30,41000,744
Jota,2024,2024-01-01,40000,745
RHOSLC,2024,2024-01-03,40000,746
Léo Santana,2024,2024-01-18,40000,747
パラレル,2024,2024-01-18,40000,748
ElectoralBonds,2024,2024-02-15,40000,749
amici23,2024,2024-03-24,40000,750
الملك_سلمان_بن_عبدالعزيز,2024,2024-04-24,40000,751
Criciúma,2024,2024-04-28,40000,752
Bruno Mars,2024,2024-05-08,40000,753
ファンパレ,2024,2024-05-21,40000,754
リメイク,2024,2024-07-02,40000,755
SHAWN,2024,2024-03-02,39000,756
JO1_We_GototheTOP,2024,2024-03-04,39000,757
Renato,2024,2024-04-28,39000,758
Rabiot,2024,2024-06-21,39000,759
ساعه_استجابه,2024,2024-01-19,38000,760
SENCIV,2024,2024-01-29,38000,761
SurvivorAllStar2024,2024,2024-02-06,38000,762
翠ジンソーダ,2024,2024-02-07,38000,763
Weverton,2024,2024-02-19,38000,764
Botafogo,2024,2024-03-03,38000,765
2024BAEKHYUNASIATOURinBKK,2024,2024-04-20,38000,766
Maxey,2024,2024-04-23,38000,767
HappyBirthdayKeremBürsin,2024,2024-06-03,38000,768
iHERBxENGLOT,2024,2024-06-13,38000,769
Bama,2024,2024-01-02,37000,770
ピクトマンサー,2024,2024-01-07,37000,771
EVELIV,2024,2024-04-24,37000,772
GW初日,2024,2024-04-27,37000,773
MondayMotivation,2024,2024-07-01,37000,774
Tuchel,2024,2024-05-21,37000,775
ノリさん,2024,2024-05-26,37000,776
目黒記念,2024,2024-05-26,37000,777
Oilers,2024,2024-06-03,37000,778
庭ラジ,2024,2024-06-05,37000,779
スノの衝動,2024,2024-06-19,37000,780
拓実とずっと一緒にいる悪魔の契約,2024,2024-06-22,37000,781
Gallagher,2024,2024-06-25,37000,782
Walker,2024,2024-06-30,37000,783
ShoaibMalik,2024,2024-01-20,36000,784
Doc Rivers,2024,2024-01-24,36000,785
Fresh News for $XRP Holders,2024,2024-02-14,36000,786
Madonna,2024,2024-03-21,36000,787
LISA AT BULGARI KOREA,2024,2024-03-14,36000,788
اشياء_مانفرط_فيها,2024,2024-03-27,36000,789
angie,2024,2024-03-30,36000,790
LabourDay,2024,2024-05-01,36000,791
もちづきさん,2024,2024-05-09,36000,792
GFRunTheWorldConcert,2024,2024-06-08,36000,793
ARSLIV,2024,2024-01-07,35000,794
バレンタインに二つめの恋,2024,2024-01-22,35000,795
バンカライブ,2024,2024-02-10,35000,796
Ruslana,2024,2024-02-12,35000,797
FMSnoCombate,2024,2024-02-25,35000,798
UFCMexico,2024,2024-02-25,35000,799
Mariah,2024,2024-03-19,35000,800
$KATE,2024,2024-03-19,35000,801
KingsWorldCup,2024,2024-05-27,35000,802
ロッキン,2024,2024-05-29,35000,803
ปิ่นภักดิ์Q52ครองคู่หมาย,2024,2024-06-04,35000,804
ドジャース,2024,2024-06-19,35000,805
NationalChampionship,2024,2024-01-09,34000,806
プロテクト,2024,2024-01-11,34000,807
ゴッドイーター,2024,2024-01-22,34000,808
Greta,2024,2024-01-23,34000,809
推しの子,2024,2024-01-24,34000,810
INDvsENG,2024,2024-01-28,34000,811
ワールドドキドキビデオ,2024,2024-01-30,34000,812
Kojima,2024,2024-01-31,34000,813
鉄腕DASH,2024,2024-02-04,34000,814
Howard,2024,2024-03-20,34000,815
ジェシー,2024,2024-04-06,34000,816
Ashutosh,2024,2024-04-19,34000,817
Yasuke,2024,2024-05-15,34000,818
Panthers,2024,2024-06-11,34000,819
Kamala,2024,2024-06-28,34000,820
USMNT,2024,2024-07-02,34000,821
月面着陸,2024,2024-01-19,33000,822
ドレスヒナ,2024,2024-01-21,33000,823
まつもtoなかい,2024,2024-01-28,33000,824
سالم,2024,2024-04-11,33000,825
サマソニ,2024,2024-02-21,33000,826
Cam Newton,2024,2024-02-26,33000,827
Coventry,2024,2024-03-16,33000,828
Stones,2024,2024-03-27,33000,829
BREMUN,2024,2024-03-31,33000,830
Dibu,2024,2024-04-19,33000,831
マリノス,2024,2024-04-24,33000,832
スターレイル予告番組,2024,2024-04-26,33000,833
HalaMadrid,2024,2024-05-04,33000,834
ソフトバンク,2024,2024-05-21,33000,835
Lando,2024,2024-06-22,33000,836
Berhalter,2024,2024-07-02,33000,837
ハリポタ,2024,2024-01-12,32000,838
Jerry Jones,2024,2024-01-15,32000,839
春になったら,2024,2024-02-19,32000,840
NuNew x PaulKim,2024,2024-03-05,32000,841
LISAxBulgariStudio,2024,2024-03-14,32000,842
Duquesne,2024,2024-03-21,32000,843
Gabigol,2024,2024-06-28,32000,844
Paige,2024,2024-04-06,32000,845
Cavani,2024,2024-05-09,32000,846
ヒロミのおせっ買い,2024,2024-05-11,32000,847
Varane,2024,2024-05-14,32000,848
Hayırlı Cumalar,2024,2024-05-17,32000,849
ユーフォ3期,2024,2024-05-26,32000,850
Clacton,2024,2024-06-03,32000,851
PORCZE,2024,2024-06-18,32000,852
Stonehenge,2024,2024-06-19,32000,853
Aina,2024,2024-01-18,31000,854
Sinner,2024,2024-01-28,31000,855
雪だるま,2024,2024-02-05,31000,856
ノーマルタイヤ,2024,2024-02-05,31000,857
Steve Wright,2024,2024-02-13,31000,858
ACSvGS,2024,2024-02-22,31000,859
僕は乃木坂を好きになる,2024,2024-03-17,31000,860
ゴーストバスターズ,2024,2024-03-29,31000,861
ブルアカTVアニメ,2024,2024-04-21,31000,862
ドレミファドン,2024,2024-05-06,31000,863
Karoline,2024,2024-05-24,31000,864
Luciano,2024,2024-05-30,31000,865
悪魔の日,2024,2024-06-06,31000,866
Hungría,2024,2024-06-15,31000,867
AUTFRA,2024,2024-06-17,31000,868
YESANDISCOMING,2024,2024-01-07,30000,869
港区女子,2024,2024-01-20,30000,870
TheTraitors,2024,2024-01-26,30000,871
Dunk,2024,2024-03-27,30000,872
CM Punk,2024,2024-04-01,30000,873
25aprile,2024,2024-04-25,30000,874
MayDay,2024,2024-05-01,30000,875
ConexiónHonduras10,2024,2024-05-13,30000,876
シグウィン,2024,2024-06-19,30000,877
Axar,2024,2024-06-27,30000,878
幻想シアター,2024,2024-07-01,30000,879
Maidstone,2024,2024-01-27,29000,880
Yuri Alberto,2024,2024-01-31,29000,881
BTBBxZeeNuNew,2024,2024-02-02,29000,882
संतगरीबदासजी_बोधदिवस,2024,2024-03-20,29000,883
ForaBeatriz,2024,2024-04-10,29000,884
WIN5,2024,2024-05-12,29000,885
يوم_الجمعه,2024,2024-05-24,29000,886
الدوري الذهبي,2024,2024-05-27,29000,887
Normandie,2024,2024-06-06,29000,888
kimmich_to_alahli,2024,2024-06-08,29000,889
DOYOUNG_Dear_Youth_BANGKOK,2024,2024-06-14,29000,890
ベルばら,2024,2024-07-02,29000,891
FILAxWarWanarat,2024,2024-07-02,29000,892
Las Palmas,2024,2024-01-27,28000,893
Chula,2024,2024-01-17,28000,894
ブレイバーン,2024,2024-01-18,28000,895
ミリオン,2024,2024-02-15,28000,896
poze,2024,2024-03-29,28000,897
Abel,2024,2024-03-31,28000,898
Feio,2024,2024-04-09,28000,899
OLYvFB,2024,2024-04-11,28000,900
キュウゴー,2024,2024-04-29,28000,901
Laporta,2024,2024-05-17,28000,902
土砂降り,2024,2024-06-02,28000,903
BlackHistoryMonth,2024,2024-02-01,27000,904
あなたを猫ミームで例えると診断,2024,2024-02-16,27000,905
Sousa,2024,2024-02-22,27000,906
どん兵衛,2024,2024-02-28,27000,907
FRAALL,2024,2024-03-24,27000,908
njSG,2024,2024-04-06,27000,909
SDカード,2024,2024-05-02,27000,910
مجلس الامه,2024,2024-05-10,27000,911
Cole Palmer,2024,2024-05-15,27000,912
Silvio Luiz,2024,2024-05-16,27000,913
劇場版ウマ娘,2024,2024-05-24,27000,914
広島ドラゴンフライズ,2024,2024-05-28,27000,915
ブートヒル,2024,2024-05-29,27000,916
StateOfPlay,2024,2024-05-30,27000,917
DiamondTemaTutuklansın,2024,2024-06-17,27000,918
Dube,2024,2024-06-27,27000,919
ダンジョン飯,2024,2024-01-18,26000,920
共同通信杯,2024,2024-02-11,26000,921
ビコーペガサス,2024,2024-02-13,26000,922
سافيتش,2024,2024-03-02,26000,923
SURREAL OUT NOW,2024,2024-02-28,26000,924
LaIslaDeLasTentaciones10,2024,2024-03-06,26000,925
Venue101,2024,2024-03-16,26000,926
アンメット,2024,2024-05-13,26000,927
GameStop,2024,2024-05-13,26000,928
Bianca,2024,2024-05-18,26000,929
メラルバ,2024,2024-05-24,26000,930
3RACHA TRIPLE THREATS OF KPOP,2024,2024-01-17,25000,931
ブルアカふぇすすたーと,2024,2024-01-20,25000,932
Oscars2024,2024,2024-01-23,25000,933
櫻坂46_何歳の頃に戻りたいのか,2024,2024-01-24,25000,934
Dua Lipa,2024,2024-02-16,25000,935
SVGala1,2024,2024-03-08,25000,936
Wagner,2024,2024-03-20,25000,937
KaitoHBD,2024,2024-04-02,25000,938
jjk256,2024,2024-04-04,25000,939
参騎出陣,2024,2024-04-30,25000,940
CHEWHU,2024,2024-05-05,25000,941
FileninSultanları,2024,2024-05-15,25000,942
ガイナックス,2024,2024-06-07,25000,943
ニコニコ超開示,2024,2024-07-02,25000,944
Wemby,2024,2024-01-05,24000,945
Dzeko,2024,2024-01-10,24000,946
ヴィブロス,2024,2024-01-18,24000,947
DukunganTulus Untuk02,2024,2024-01-30,24000,948
ちーちゃん,2024,2024-01-30,24000,949
Klay,2024,2024-02-15,24000,950
セフィロス,2024,2024-02-28,24000,951
BloomingJustForYou,2024,2024-03-05,24000,952
Jolene,2024,2024-03-28,24000,953
CSKvsKKR,2024,2024-04-08,24000,954
キミの隣ににじさんじ,2024,2024-04-22,24000,955
Number_i_ナゲット愛,2024,2024-04-23,24000,956
Westbrook,2024,2024-04-27,24000,957
Chivas,2024,2024-04-28,24000,958
DeNiro,2024,2024-05-28,24000,959
MHA424,2024,2024-05-30,24000,960
marti,2024,2024-06-03,24000,961
RohitSharma,2024,2024-01-17,23000,962
サイドオーダー,2024,2024-01-24,23000,963
Alcaraz,2024,2024-01-24,23000,964
ハッピーセット,2024,2024-02-23,23000,965
MC Gui,2024,2024-02-25,23000,966
モクシチマルバツブ,2024,2024-03-07,23000,967
IniHasil DipilihRakyat,2024,2024-03-13,23000,968
02Unggul1Ptran,2024,2024-03-13,23000,969
Kenny Pickett,2024,2024-03-16,23000,970
Jemerson,2024,2024-03-31,23000,971
ジョイフル,2024,2024-04-03,23000,972
FORABIA,2024,2024-04-10,23000,973
SPELL MV IS RIGHT HERE,2024,2024-05-16,23000,974
WelcomeYugyeomToThailand,2024,2024-05-17,23000,975
Norita,2024,2024-05-30,23000,976
KohLanta,2024,2024-06-04,23000,977
James Rodríguez,2024,2024-06-25,23000,978
الاردن,2024,2024-06-27,23000,979
オールスター,2024,2024-07-02,23000,980
The33rdSMAxZeeNuNew,2024,2024-01-02,22000,981
篠山紀信さん,2024,2024-01-05,22000,982
GHDúoGala3,2024,2024-01-26,22000,983
menezes,2024,2024-01-31,22000,984
ゼウスシルエット,2024,2024-02-08,22000,985
JUSTIN Our BELLEntine,2024,2024-02-17,22000,986
NBAAllStar2024,2024,2024-02-19,22000,987
02Santai AdemAyem,2024,2024-02-27,22000,988
Licha,2024,2024-03-19,22000,989
Anthony Edwards,2024,2024-04-20,22000,990
じさんじ学校分け診断,2024,2024-04-22,22000,991
初星学園オープンキャンパス,2024,2024-04-28,22000,992
RiyadhSeason,2024,2024-05-18,22000,993
アンチヒーロー,2024,2024-06-09,22000,994
MusicianLISAisBACK,2024,2024-06-28,22000,995
eyeloveyou,2024,2024-01-23,21000,996
TimnasDay,2024,2024-01-28,21000,997
Thiaguinho,2024,2024-02-03,21000,998
KAAN,2024,2024-02-21,21000,999
髙橋海人誕生祭2024,2024,2024-04-02,21000,1000
Snoop,2024,2024-04-20,21000,1001
Tobias Harris,2024,2024-05-03,21000,1002
作者の性別,2024,2024-05-09,21000,1003
Cádiz,2024,2024-05-15,21000,1004
THE WAY I LOVED YOU,2024,2024-05-24,21000,1005
Farage,2024,2024-06-03,21000,1006
インリン,2024,2024-06-06,21000,1007
GSvKNY,2024,2024-01-07,20000,1008
あなたを龍に例えると,2024,2024-01-10,20000,1009
Haas,2024,2024-01-10,20000,1010
UğurMumcu,2024,2024-01-24,20000,1011
PoonamPandey,2024,2024-02-02,20000,1012
BWリメイク,2024,2024-02-04,20000,1013
スタッドレス,2024,2024-02-05,20000,1014
قطر_ايران,2024,2024-02-07,20000,1015
F1Testing,2024,2024-02-21,20000,1016
ALNvGS,2024,2024-04-16,20000,1017
長谷部引退,2024,2024-04-17,20000,1018
Borja,2024,2024-05-15,20000,1019
RIP Rob,2024,2024-06-02,20000,1020
VISIPrabowo MAJUKANbangsa,2024,2024-06-10,20000,1021
LebihKOMPAK LebihSERU,2024,2024-06-10,20000,1022
櫻坂46_IN_TOKYO_DOME,2024,2024-06-15,20000,1023
MasterChefCelebrity,2024,2024-06-24,20000,1024
エーステ,2024,2024-07-02,20000,1025
CIVNGA,2024,2024-01-18,19000,1026
NINGNINGxVERSACE,2024,2024-02-08,19000,1027
DMDLANDINJAPAN,2024,2024-02-21,19000,1028
デジタルハリウッド大学,2024,2024-02-27,19000,1029
كانتي,2024,2024-06-21,19000,1030
LLEGA LO QUE NO VES DE MI,2024,2024-03-29,19000,1031
Woop,2024,2024-04-03,19000,1032
メンディー,2024,2024-04-30,19000,1033
メンさん,2024,2024-04-30,19000,1034
يوم_Iلجمعه,2024,2024-05-17,19000,1035
BorsadaVergiyeHayır,2024,2024-06-04,19000,1036
SVFinal,2024,2024-06-18,19000,1037
ラウール誕生祭2024,2024,2024-06-26,19000,1038
ぱしゃっつ,2024,2024-06-27,19000,1039
ENGSVK,2024,2024-06-30,19000,1040
ゼンゼロ,2024,2024-07-02,19000,1041
劇団四季,2024,2024-01-24,18000,1042
ジョジョミュ,2024,2024-02-08,18000,1043
GHDúoGala5,2024,2024-02-09,18000,1044
Edey,2024,2024-04-09,18000,1045
njriot,2024,2024-04-13,18000,1046
Tama Tonga,2024,2024-04-13,18000,1047
Vargas,2024,2024-04-28,18000,1048
Amad,2024,2024-05-15,18000,1049
Defante,2024,2024-05-31,18000,1050
キンキーブーツ,2024,2024-06-21,18000,1051
ネット上,2024,2024-01-10,17000,1052
SoarSuperEagles,2024,2024-01-18,17000,1053
ありがとうシノアリス,2024,2024-01-24,17000,1054
ヤン坊マー坊,2024,2024-01-30,17000,1055
不要不急の外出,2024,2024-02-04,17000,1056
Ozzy,2024,2024-02-10,17000,1057
シャンフロ,2024,2024-02-11,17000,1058
FeyzaAltunYalnızDeğildir,2024,2024-02-19,17000,1059
Berkan,2024,2024-02-22,17000,1060
DocNelleTueMani3,2024,2024-02-22,17000,1061
Daronco,2024,2024-02-26,17000,1062
みんなを生きるな自分を生きよう,2024,2024-02-27,17000,1063
BatePapoBBB,2024,2024-02-28,17000,1064
14MartTıpBayramı,2024,2024-03-14,17000,1065
النقل_الخارجي_لعقود44,2024,2024-03-18,17000,1066
PSLFinal,2024,2024-03-18,17000,1067
Aぇヤンタン,2024,2024-04-17,17000,1068
Booker,2024,2024-04-20,17000,1069
Mile1stSoloConcert,2024,2024-04-25,17000,1070
ミンヒジン,2024,2024-04-25,17000,1071
BF_Masterplan,2024,2024-05-06,17000,1072
Antero,2024,2024-05-16,17000,1073
재난문자,2024,2024-05-28,17000,1074
突破ファイル,2024,2024-06-13,17000,1075
三輪勝恵さん,2024,2024-07-01,17000,1076
フォーライ,2024,2024-07-02,17000,1077
総合優勝,2024,2024-01-03,16000,1078
Dorival,2024,2024-01-05,16000,1079
ブルアカすとーりー,2024,2024-01-20,16000,1080
Raheem Morris,2024,2024-01-26,16000,1081
照ノ富士,2024,2024-01-28,16000,1082
尾丸ポルカ生誕祭2024,2024,2024-01-30,16000,1083
MGO_LIVE,2024,2024-02-20,16000,1084
WithYouth_Now,2024,2024-02-23,16000,1085
WorldBookDay,2024,2024-03-07,16000,1086
$PENG,2024,2024-03-08,16000,1087
徹子の部屋,2024,2024-03-22,16000,1088
Crystal Palace,2024,2024-04-06,16000,1089
DragRace,2024,2024-04-13,16000,1090
FBvOLY,2024,2024-04-19,16000,1091
Josh Hart,2024,2024-04-21,16000,1092
Kolo Muani,2024,2024-05-01,16000,1093
ファンパレハーフアニバーサリー,2024,2024-05-21,16000,1094
素のまんま,2024,2024-05-30,16000,1095
PRABOWOingin RAKYATmakmur,2024,2024-06-07,16000,1096
ブルーインパルス,2024,2024-06-08,16000,1097
Françoise Hardy,2024,2024-06-12,16000,1098
ひたちなか,2024,2024-06-24,16000,1099
推し福袋,2024,2024-01-02,15000,1100
Ceballos,2024,2024-01-06,15000,1101
CJ Stroud,2024,2024-01-07,15000,1102
立ち往生,2024,2024-01-24,15000,1103
Draymond,2024,2024-04-10,15000,1104
プラダリア,2024,2024-02-11,15000,1105
OneSpark_OutNow,2024,2024-02-23,15000,1106
Draya,2024,2024-03-09,15000,1107
Dani Alves,2024,2024-03-10,15000,1108
EFFACLARxZeePruk,2024,2024-04-04,15000,1109
梅ちゃん,2024,2024-04-04,15000,1110
ブーイング,2024,2024-04-12,15000,1111
Kawhi,2024,2024-04-27,15000,1112
LokSabhaElctions2024,2024,2024-05-20,15000,1113
$bull,2024,2024-05-22,15000,1114
SalingJAGA SalingBANTU,2024,2024-06-07,15000,1115
Patrick Make Sachets🪻,2024,2024-06-10,15000,1116
Kuldeep,2024,2024-06-27,15000,1117
Harriet,2024,2024-06-28,15000,1118
ダークウェブ,2024,2024-07-02,15000,1119
地震の次,2024,2024-01-02,14000,1120
BeterbievSmith,2024,2024-01-14,14000,1121
bbcqt,2024,2024-01-26,14000,1122
結束バンド,2024,2024-02-07,14000,1123
Léo Pereira,2024,2024-03-02,14000,1124
東北新幹線,2024,2024-03-06,14000,1125
さよならマエストロ,2024,2024-03-17,14000,1126
TheBachelor,2024,2024-03-19,14000,1127
بنزيما,2024,2024-03-30,14000,1128
Benfica,2024,2024-03-30,14000,1129
المداح_اسطوره_العوده,2024,2024-04-01,14000,1130
世界頂グルメ,2024,2024-04-17,14000,1131
あなたのタイプ,2024,2024-04-22,14000,1132
ペンネーム,2024,2024-04-26,14000,1133
Masterplan_BF_10M,2024,2024-04-28,14000,1134
モニタリング,2024,2024-05-02,14000,1135
Kdot,2024,2024-05-04,14000,1136
Fausto Vera,2024,2024-05-15,14000,1137
Canucks,2024,2024-05-21,14000,1138
كوريا,2024,2024-06-27,14000,1139
さんま御殿,2024,2024-07-02,14000,1140
ปาฏิหาริย์รักร้อยปี,2024,2024-07-02,14000,1141
njnbg,2024,2024-01-20,13000,1142
ブルスカ,2024,2024-02-07,13000,1143
しょぴインライ,2024,2024-02-19,13000,1144
ティフォン,2024,2024-02-27,13000,1145
チリちゃん,2024,2024-03-23,13000,1146
アオキさん,2024,2024-03-23,13000,1147
لنعلم_ضيوف_الرحمن_القران_بمكه,2024,2024-04-08,13000,1148
هلال_شوال,2024,2024-04-08,13000,1149
Donnarumma,2024,2024-04-11,13000,1150
史上最高の領地設計士,2024,2024-04-20,13000,1151
Buon 25,2024,2024-04-25,13000,1152
Rodri,2024,2024-05-09,13000,1153
キンプリ会社はじめました,2024,2024-05-23,13000,1154
オーストラリア,2024,2024-06-27,13000,1155
T20IWorldCup,2024,2024-06-27,13000,1156
ラジエル,2024,2024-06-30,13000,1157
Pulisic,2024,2024-07-02,13000,1158
$HOPPY,2024,2024-07-02,13000,1159
バビット,2024,2024-02-11,12000,1160
ドッキリGP,2024,2024-02-17,12000,1161
UFCVegas87,2024,2024-03-02,12000,1162
CTCF,2024,2024-03-03,12000,1163
$ZKHIVE,2024,2024-03-06,12000,1164
الحمله_الوطنيه_للعمل_الخيري,2024,2024-03-16,12000,1165
$CRONK,2024,2024-03-18,12000,1166
Veiga,2024,2024-03-31,12000,1167
승민_네번째OST도_잘부탁해,2024,2024-04-09,12000,1168
TheMidnightStudio_OST_Destiny,2024,2024-04-09,12000,1169
SEUNGMIN 4TH OST DESTINY,2024,2024-04-09,12000,1170
マイナ保険証,2024,2024-04-09,12000,1171
ルートビア,2024,2024-04-12,12000,1172
Marner,2024,2024-04-28,12000,1173
びりーぶ,2024,2024-05-02,12000,1174
プレバト,2024,2024-05-09,12000,1175
人生最高レストラン,2024,2024-05-11,12000,1176
MAZZEL,2024,2024-05-14,12000,1177
GUILTY AS SIN,2024,2024-05-18,12000,1178
海ちゃん,2024,2024-05-29,12000,1179
Eastern Cape,2024,2024-05-30,12000,1180
IN2IT WITH POOHPAVEL,2024,2024-06-15,12000,1181
NationalDoctorsDay,2024,2024-07-01,12000,1182
Hathras,2024,2024-07-02,12000,1183
エメロード姫,2024,2024-07-02,12000,1184
日本航空の機体,2024,2024-01-02,11000,1185
谷口さん,2024,2024-01-03,11000,1186
Wellgotogether,2024,2024-01-22,11000,1187
タクトオーパス,2024,2024-02-08,11000,1188
COAC2024Final,2024,2024-02-10,11000,1189
Caicedo,2024,2024-02-12,11000,1190
君が心をくれたから,2024,2024-02-19,11000,1191
仰天ニュース,2024,2024-02-20,11000,1192
EliminationChamber,2024,2024-02-24,11000,1193
SiPalingJuruSlamat,2024,2024-03-15,11000,1194
TolakSi PemecahBelah,2024,2024-03-15,11000,1195
新宿アルタ,2024,2024-03-22,11000,1196
Amorim,2024,2024-03-29,11000,1197
فيصل_ابورميه_المطيري_58,2024,2024-05-05,11000,1198
ポケモンタイプ診断,2024,2024-05-08,11000,1199
太陽フレアのせい,2024,2024-05-11,11000,1200
櫻坂46_承認欲求,2024,2024-05-13,11000,1201
あなたを犬の種類で例えると診断,2024,2024-05-13,11000,1202
ZonaDeRisco,2024,2024-05-15,11000,1203
松本潤,2024,2024-05-16,11000,1204
ゴンチャの新作,2024,2024-05-21,11000,1205
新庄監督,2024,2024-05-29,11000,1206
ラップメドレー,2024,2024-07-02,11000,1207
夏の連隊戦,2024,2024-07-02,11000,1208
うたプリ,2024,2024-07-02,11000,1209
AylaAlgan,2024,2024-01-04,10000,1210
櫻坂46_五月雨よ,2024,2024-01-10,10000,1211
ActorJustin PrimetimeDebut,2024,2024-01-10,10000,1212
サムレム,2024,2024-01-13,10000,1213
アークナイツ4周年SP,2024,2024-01-13,10000,1214
リスニング,2024,2024-01-13,10000,1215
勇者レック登場,2024,2024-01-14,10000,1216
マツコの知らない世界,2024,2024-01-16,10000,1217
SOTA_HBD_23rd,2024,2024-01-17,10000,1218
Renascer,2024,2024-01-23,10000,1219
MRGWIN,2024,2024-02-04,10000,1220
CRYCHE,2024,2024-02-12,10000,1221
SupremeCourtofIndia,2024,2024-02-15,10000,1222
ASUSZenbookDUO,2024,2024-03-07,10000,1223
Amine,2024,2024-03-18,10000,1224
خطط_سفرتك_تطبيق_مصرف_الراجحي,2024,2024-04-07,10000,1225
Ziyech,2024,2024-04-16,10000,1226
Paul Auster,2024,2024-05-01,10000,1227
EuropeDay,2024,2024-05-09,10000,1228
クソマロ,2024,2024-05-09,10000,1229
Fabra,2024,2024-05-13,10000,1230
Ana Cristina,2024,2024-05-15,10000,1231
TierraDeNadie11,2024,2024-05-21,10000,1232
詩子おねえさん,2024,2024-05-23,10000,1233
新シナリオ,2024,2024-05-28,10000,1234
Fethi'nin 571,2024,2024-05-29,10000,1235
ドリアイ,2024,2024-05-30,10000,1236
400Paar,2024,2024-06-04,10000,1237
クマローラー,2024,2024-06-08,10000,1238
٤٧_عام_متزوج,2024,2024-06-13,10000,1239
ENGSLO,2024,2024-06-25,10000,1240
Trump,2023,2023-04-05,3997000,1
Israel,2023,2023-10-08,3919000,2
VMAs,2023,2023-09-13,3840000,3
Christmas,2023,2023-12-25,3794000,4
เลือกตั้ง66,2023,2023-05-14,3772000,5
deprem,2023,2023-02-06,3376000,6
jungkook,2023,2023-07-14,3260000,7
Hamas,2023,2023-10-10,3150000,8
MetGala,2023,2023-05-02,2985000,9
Titanic,2023,2023-06-23,2946000,10
Wagner,2023,2023-06-24,2805000,11
Halloween,2023,2023-10-31,2773000,12
バレンタイン,2023,2023-02-14,2700000,13
Threads,2023,2023-07-06,2651000,14
Happy New Year,2023,2023-12-31,2472000,15
Oscars,2023,2023-03-13,2370000,16
Merry Christmas,2023,2023-12-25,2348000,17
Thanksgiving,2023,2023-11-23,2280000,18
Putin,2023,2023-06-24,2218000,19
Russia,2023,2023-06-24,2213000,20
クリスマス,2023,2023-12-24,2150000,21
ハロウィン,2023,2023-10-31,2044000,22
spotify,2023,2023-11-29,2001000,23
Gaza,2023,2023-10-08,1978000,24
Ahbap,2023,2023-02-10,1960000,25
Shakira,2023,2023-01-12,1869000,26
Messi,2023,2023-10-31,1835000,27
Father's Day,2023,2023-06-18,1808000,28
Happy Easter,2023,2023-04-09,1702000,29
Tucker,2023,2023-04-25,1657000,30
Mchoice2023,2023,2023-09-16,1563000,31
音楽の日,2023,2023-07-15,1449000,32
Palestine,2023,2023-10-08,1439000,33
Eurovision2023,2023,2023-05-14,1397000,34
Friends,2023,2023-10-29,1385000,35
Barbie,2023,2023-04-05,1368000,36
الهلال,2023,2023-02-08,1350000,37
JUNGKOOK,2023,2023-09-13,1348000,38
Madrid,2023,2023-05-18,1346000,39
EXO_CreamSoda,2023,2023-07-10,1297000,40
Taylor,2023,2023-09-13,1271000,41
Valentine's Day,2023,2023-02-14,1269000,42
The Best,2023,2023-02-27,1253000,43
EXO_EXIST,2023,2023-07-10,1246000,44
Iran,2023,2023-10-08,1244000,45
BTS10thAnniversary,2023,2023-06-13,1238000,46
Champions,2023,2023-06-10,1235000,47
Elon,2023,2023-07-01,1231000,48
ValentinesDay,2023,2023-02-14,1225000,49
Supreme Court,2023,2023-06-30,1224000,50
Apple,2023,2023-06-06,1222000,51
Milei,2023,2023-10-23,1210000,52
Massa,2023,2023-11-13,1209000,53
Brasília,2023,2023-01-09,1180000,54
Lazada1212THLive,2023,2023-12-12,1180000,55
猫の日,2023,2023-02-22,1147000,56
BallonDor,2023,2023-10-31,1141000,57
Black,2023,2023-04-14,1138000,58
エイプリルフール,2023,2023-04-01,1126000,59
taylor,2023,2023-11-19,1089000,60
Moscow,2023,2023-06-24,1079000,61
dek66,2023,2023-05-20,1074000,62
Pakistan,2023,2023-05-09,1072000,63
CeasefireNOW,2023,2023-10-28,1038000,64
Jimin_FACE,2023,2023-03-24,1023000,65
WWDC23,2023,2023-06-06,1011000,66
นายกคนที่30,2023,2023-05-15,1009000,67
Arsenal,2023,2023-01-22,983000,68
BLACKPINKxCoachella,2023,2023-04-23,973000,69
Feliz Navidad,2023,2023-12-25,968000,70
ZionistCensorship,2023,2023-11-19,949000,71
Matthew Perry,2023,2023-10-29,946000,72
on_the_street,2023,2023-03-03,939000,73
Tennessee,2023,2023-04-07,939000,74
BamBamAREA52inseoul,2023,2023-09-16,935000,75
Argentina,2023,2023-10-23,922000,76
Happy 4th,2023,2023-07-05,916000,77
hatayyardimbekliyor,2023,2023-02-07,908000,78
يوم_التاسيس,2023,2023-02-22,902000,79
SUGA,2023,2023-04-07,898000,80
อิงฟ้ามาหานะเธอEP5,2023,2023-06-25,890000,81
Lebron,2023,2023-02-08,881000,82
789SURVIVALTHEFINAL,2023,2023-08-11,878000,83
McCarthy,2023,2023-10-04,855000,84
UCLfinal,2023,2023-06-10,853000,85
ENGLOTxRapidLife,2023,2023-02-09,848000,86
BBB23,2023,2023-01-24,841000,87
كاس العالم,2023,2023-02-08,829000,88
Spotify,2023,2023-01-14,827000,89
ImranKhan,2023,2023-05-09,785000,90
ホワイトデー,2023,2023-03-14,778000,91
WrestleMania,2023,2023-04-03,776000,92
April Fools,2023,2023-04-01,773000,93
OurSkyyxMySchoolPresidentEP1,2023,2023-05-17,730000,94
hobi,2023,2023-04-18,729000,95
Speaker,2023,2023-10-04,726000,96
PINKCHELLA,2023,2023-04-23,721000,97
Flamengo,2023,2023-02-08,720000,98
ひろがるホロライブDAY2,2023,2023-03-19,718000,99
Sanremo2023,2023,2023-02-08,708000,100
jisoo,2023,2023-03-31,708000,101
Sinan Oğan,2023,2023-05-22,695000,102
Marcos,2023,2023-03-28,685000,103
Liverpool,2023,2023-02-22,681000,104
Colorado,2023,2023-12-20,667000,105
China,2023,2023-02-04,663000,106
ZEROBASEONE,2023,2023-07-10,651000,107
日本優勝,2023,2023-03-22,650000,108
Bharat,2023,2023-09-05,650000,109
BLACKPINKatCoachella,2023,2023-04-16,637000,110
MissUniverse2022,2023,2023-01-15,630000,111
Hunter Biden,2023,2023-06-20,614000,112
Georgia,2023,2023-08-15,613000,113
侍ジャパン,2023,2023-03-21,611000,114
THE SHOW,2023,2023-02-15,609000,115
Drake,2023,2023-10-07,606000,116
INDvsAUS,2023,2023-11-19,603000,117
LISAXCELINE,2023,2023-12-19,603000,118
Fury,2023,2023-10-29,602000,119
HappyHalloween,2023,2023-10-31,594000,120
iHeartAwards,2023,2023-01-11,592000,121
Lakers,2023,2023-05-13,587000,122
อิงล็อตxCEOแป้งวิงค์ไวท์,2023,2023-02-07,585000,123
LISAatCelineBKK,2023,2023-12-19,584000,124
WBC,2023,2023-03-21,582000,125
トラウト,2023,2023-03-22,581000,126
Domitila,2023,2023-04-19,569000,127
Happy Thanksgiving,2023,2023-11-23,568000,128
PIG2,2023,2023-07-09,559000,129
Prigozhin,2023,2023-08-23,553000,130
หมอนอิง1stSingleByNuNew,2023,2023-07-06,550000,131
Chandler,2023,2023-10-29,547000,132
9ent2023xfreenbecky,2023,2023-05-25,544000,133
jennie,2023,2023-05-18,535000,134
Sánchez,2023,2023-07-10,529000,135
Dortmund,2023,2023-05-27,528000,136
Namjoon,2023,2023-06-01,528000,137
Durham,2023,2023-05-16,523000,138
Benzema,2023,2023-06-04,514000,139
Eurovision,2023,2023-05-13,514000,140
GRAMMYs,2023,2023-02-06,513000,141
الهلال_ريال_مدريد,2023,2023-02-12,509000,142
Canada,2023,2023-06-07,508000,143
Fernando Villavicencio,2023,2023-08-10,499000,144
TGAT,2023,2023-01-07,498000,145
Garcia,2023,2023-04-23,498000,146
St. Patrick,2023,2023-03-17,495000,147
ซีเซียม137,2023,2023-03-20,493000,148
いい推しの日,2023,2023-11-04,493000,149
恵方巻き,2023,2023-02-03,492000,150
LadyJisooxDiorCoutureSS23,2023,2023-01-23,491000,151
Hilda,2023,2023-05-15,490000,152
메리크리스마스,2023,2023-12-24,489000,153
D_DAY,2023,2023-04-07,485000,154
Wrestlemania,2023,2023-04-02,482000,155
CaraACaraAtresmedia,2023,2023-07-10,481000,156
depremsondakika,2023,2023-02-09,478000,157
SCOTUS,2023,2023-06-30,474000,158
JungKookOnFallon,2023,2023-11-07,469000,159
الهلال_النصر,2023,2023-12-01,469000,160
Nashville,2023,2023-03-27,466000,161
Grammy,2023,2023-11-10,465000,162
Henry Kissinger,2023,2023-11-30,465000,163
FML OFFICIAL PHOTO 1,2023,2023-04-11,462000,164
โหวตนายก,2023,2023-07-13,461000,165
Vini,2023,2023-05-22,460000,166
LikeCrazy,2023,2023-03-24,459000,167
ประชุมสภา,2023,2023-07-04,455000,168
UFC287,2023,2023-04-09,454000,169
WinkWhiteFactoryXCharlotte,2023,2023-06-25,453000,170
DentisteLoveLISA,2023,2023-01-09,450000,171
RiyadhExpo2030,2023,2023-11-28,450000,172
ジャニーズ,2023,2023-10-16,449000,173
श्री राम,2023,2023-03-30,446000,174
Venezuela,2023,2023-01-15,443000,175
フォロー中,2023,2023-07-15,442000,176
OceanGate,2023,2023-06-22,440000,177
Heat,2023,2023-05-30,438000,178
Masksinger12xZeeNuNew,2023,2023-04-05,432000,179
Celtics,2023,2023-05-30,429000,180
StrikeForGaza,2023,2023-12-11,426000,181
ShiningStarJISOODay,2023,2023-01-02,425000,182
WBC決勝,2023,2023-03-22,424000,183
LaVelada3,2023,2023-07-01,423000,184
FNS歌謡祭,2023,2023-12-06,422000,185
namjoon,2023,2023-05-05,419000,186
UFC290,2023,2023-07-09,418000,187
Feliz Natal,2023,2023-12-25,415000,188
간판올리고_문열어라_지수_생일이다,2023,2023-01-02,412000,189
Nate,2023,2023-08-06,411000,190
MissFrance2024,2023,2023-12-17,402000,191
Brazil,2023,2023-01-09,400000,192
Larissa Manoela,2023,2023-08-14,399000,193
LISAConfidentsmile,2023,2023-01-09,395000,194
Eagles,2023,2023-02-13,394000,195
Corinthians,2023,2023-08-17,393000,196
大谷翔平,2023,2023-03-22,392000,197
기다려왔잖니_쩨고의날_해찬생일,2023,2023-06-05,390000,198
HAPPYJAEHYUNDAY,2023,2023-02-13,389000,199
SuperBowl,2023,2023-02-13,386000,200
バニーの日,2023,2023-08-02,385000,201
River,2023,2023-05-08,383000,202
ひな祭り,2023,2023-03-03,382000,203
Bray Wyatt,2023,2023-08-25,382000,204
People_Pt2,2023,2023-04-07,380000,205
SummerSlam,2023,2023-08-06,380000,206
HappyBirthdayJungkook,2023,2023-08-31,374000,207
VIBEftJimin,2023,2023-01-13,372000,208
UCLdraw,2023,2023-08-31,371000,209
水星の魔女,2023,2023-06-04,369000,210
Warriors,2023,2023-05-13,365000,211
こどもの日,2023,2023-05-05,365000,212
Sevilla,2023,2023-06-01,364000,213
Hate You,2023,2023-11-03,363000,214
मगहर_लीला,2023,2023-01-25,359000,215
PremiumMusic2023,2023,2023-03-22,358000,216
Ecuador,2023,2023-08-10,358000,217
โหวตนายกรอบ3,2023,2023-08-22,358000,218
JISOOatDiorSS24,2023,2023-09-26,357000,219
YOUTHINTHESHADE,2023,2023-07-10,350000,220
يوم_عرفه,2023,2023-06-27,349000,221
DIOR SHOW WITH JISOO,2023,2023-09-26,348000,222
CDTVライブライブ,2023,2023-08-14,346000,223
TSTheErasTour,2023,2023-03-18,346000,224
EidMubarak,2023,2023-04-22,345000,225
Jets,2023,2023-09-12,345000,226
Hakimi,2023,2023-04-14,344000,227
ทักษิณกลับไทย,2023,2023-08-22,342000,228
Rita Lee,2023,2023-05-09,337000,229
BETAwards,2023,2023-06-26,336000,230
有馬記念,2023,2023-12-24,336000,231
reyes,2023,2023-01-06,335000,232
HappyBirthdayJin,2023,2023-12-03,332000,233
TürkiyeTekYürek,2023,2023-02-15,331000,234
TransDayOfVisibility,2023,2023-04-01,331000,235
Lukaku,2023,2023-06-10,330000,236
PinkFriday2,2023,2023-12-08,330000,237
Gaetz,2023,2023-01-07,329000,238
HappyBirthdayJhope,2023,2023-02-17,325000,239
Mount,2023,2023-07-05,325000,240
Haegeum,2023,2023-04-19,324000,241
ZionistLobbyAttack,2023,2023-11-28,324000,242
UFC286,2023,2023-03-19,321000,243
นายกพิธา,2023,2023-07-12,321000,244
Clark,2023,2023-04-03,319000,245
사람_Pt2,2023,2023-04-07,319000,246
ポッキー,2023,2023-11-11,316000,247
Chelsea,2023,2023-05-25,314000,248
Kyrie,2023,2023-02-06,314000,249
บวงสรวงดับแสงรวี,2023,2023-03-30,314000,250
Canelo,2023,2023-10-01,312000,251
Veterans Day,2023,2023-11-11,312000,252
Steph,2023,2023-05-01,310000,253
Golden323RenjunDay,2023,2023-03-22,310000,254
BestMusicVideo,2023,2023-01-11,309000,255
UFC285,2023,2023-03-05,305000,256
Mothers Day,2023,2023-05-14,304000,257
Juneteenth,2023,2023-06-19,304000,258
夫婦の日,2023,2023-11-22,303000,259
MySchoolPresidentFinalEP,2023,2023-02-24,301000,260
Adesanya,2023,2023-04-09,301000,261
Chivas,2023,2023-05-29,301000,262
ACİL,2023,2023-02-06,300000,263
Guardiola,2023,2023-06-10,300000,264
hoshi,2023,2023-02-09,299000,265
Chiefs,2023,2023-02-13,298000,266
WhatsApp,2023,2023-06-16,298000,267
ツイッター,2023,2023-07-02,297000,268
Coachella,2023,2023-04-15,296000,269
Rashford,2023,2023-01-14,293000,270
Barça,2023,2023-03-20,293000,271
NFLDraft,2023,2023-04-28,292000,272
NCT127_NEOCITY_THE_UNITYinBKK,2023,2023-12-23,292000,273
勤労感謝の日,2023,2023-11-23,291000,274
ドンブラザーズ,2023,2023-02-26,290000,275
Crawford,2023,2023-07-30,289000,276
Bruno Mars,2023,2023-09-04,288000,277
Wray,2023,2023-07-12,287000,278
sohee,2023,2023-07-14,287000,279
Neymar,2023,2023-06-22,286000,280
mingyu,2023,2023-07-05,286000,281
TheLulosShow,2023,2023-09-04,286000,282
MemuraEk5Bin,2023,2023-01-09,285000,283
ミサイル,2023,2023-04-13,285000,284
FACE IS COMING,2023,2023-02-21,284000,285
Cowboys,2023,2023-01-17,282000,286
Roma,2023,2023-05-31,282000,287
Afghanistan,2023,2023-10-23,281000,288
NandriNadda,2023,2023-03-10,280000,289
EarthDay,2023,2023-04-22,280000,290
Mbappe,2023,2023-06-13,280000,291
CWC23Final,2023,2023-11-19,280000,292
UFC291,2023,2023-07-30,279000,293
ハッピーハロウィン,2023,2023-10-31,279000,294
الاهلي,2023,2023-06-12,278000,295
PortfolioDay,2023,2023-07-12,276000,296
NCTDREAM_THEDREAMSHOW2_in_BKK,2023,2023-02-11,276000,297
Fenerbahçe,2023,2023-06-04,273000,298
LAYOVER IS COMING,2023,2023-08-08,272000,299
決勝進出,2023,2023-03-21,270000,300
O Santos,2023,2023-12-07,270000,301
Taylor Swift,2023,2023-11-29,268000,302
WWEChamber,2023,2023-02-19,267000,303
MVติดเธอ,2023,2023-04-12,267000,304
النصر,2023,2023-05-08,267000,305
仕事納め,2023,2023-12-28,267000,306
凍結祭り,2023,2023-02-03,266000,307
ひろがるホロライブDAY1,2023,2023-03-18,266000,308
Milan,2023,2023-05-17,266000,309
キスの日,2023,2023-05-23,266000,310
PAKvsAFG,2023,2023-10-23,266000,311
プロセカ生放送,2023,2023-06-19,265000,312
MOONLIGHTSUNRISE,2023,2023-01-20,264000,313
depremzede,2023,2023-02-10,264000,314
ダルビッシュ,2023,2023-03-22,263000,315
INDvPAK,2023,2023-09-11,263000,316
IndependenceDay,2023,2023-08-15,262000,317
Rodgers,2023,2023-09-12,262000,318
Giants,2023,2023-01-16,261000,319
SourandSweet_DDAY,2023,2023-03-28,261000,320
LoveIsland,2023,2023-07-05,261000,321
Vivek,2023,2023-08-24,261000,322
ProudAmbassadorRM,2023,2023-06-01,260000,323
Schiff,2023,2023-06-22,259000,324
الهلال_الدحيل,2023,2023-02-26,256000,325
Usman,2023,2023-03-19,256000,326
DeSantis,2023,2023-08-24,256000,327
Johnson,2023,2023-06-09,255000,328
WWENOC,2023,2023-05-27,251000,329
ダービー,2023,2023-05-28,250000,330
スキルヴィング,2023,2023-05-28,248000,331
SRCHAFREEN WITH K-EXPO,2023,2023-11-12,247000,332
テレ東音楽祭,2023,2023-06-28,244000,333
回転寿司,2023,2023-01-30,243000,334
Marcelo,2023,2023-09-07,242000,335
Maguire,2023,2023-04-20,241000,336
الاتحاد_الفيحاء,2023,2023-05-27,241000,337
今月描いた絵を晒そう,2023,2023-11-30,239000,338
Kareem,2023,2023-02-08,238000,339
Memphis,2023,2023-01-28,237000,340
Kremlin,2023,2023-05-03,237000,341
KEXPOxFreen,2023,2023-11-12,237000,342
النصر_الاتحاد,2023,2023-03-10,236000,343
West Ham,2023,2023-06-07,236000,344
hololiveSPDAY1,2023,2023-08-27,235000,345
Leon,2023,2023-03-19,234000,346
ポケモン,2023,2023-03-24,234000,347
YUNOwhoseDAYitis,2023,2023-02-13,232000,348
InternationalWomensDay,2023,2023-03-08,232000,349
Barbie,2023,2023-07-10,232000,350
OTGala2,2023,2023-12-05,232000,351
インスタ,2023,2023-07-02,230000,352
seferberlik,2023,2023-02-06,230000,353
UFC289,2023,2023-06-11,230000,354
イクイノックス,2023,2023-06-25,230000,355
رمضان كريم,2023,2023-03-23,229000,356
Chargers,2023,2023-01-15,228000,357
ハッピーバレンタイン,2023,2023-02-14,228000,358
Jerry Springer,2023,2023-04-27,228000,359
Brady,2023,2023-01-17,227000,360
ARSMUN,2023,2023-01-22,227000,361
GOPDebate,2023,2023-08-24,227000,362
Haney,2023,2023-05-21,226000,363
Happy Pride Month,2023,2023-06-01,226000,364
CharlottePossibleConcert,2023,2023-03-31,225000,365
الهلال_اوراوا,2023,2023-04-29,224000,366
Wendy,2023,2023-08-14,224000,367
Claudia,2023,2023-09-07,224000,368
الاهلي_الاتحاد,2023,2023-10-07,224000,369
Bullrich,2023,2023-10-09,224000,370
SweetVenom,2023,2023-11-17,224000,371
y2kDMDCallingYou,2023,2023-01-09,223000,372
Indy500,2023,2023-05-28,222000,373
花火大会,2023,2023-07-29,222000,374
ゴールデンラヴィット,2023,2023-12-26,222000,375
Gustavo,2023,2023-02-26,221000,376
フォンテーヌ,2023,2023-08-16,221000,377
Swift,2023,2023-09-15,221000,378
Coronation,2023,2023-05-06,220000,379
Feliz 2024,2023,2023-12-31,220000,380
Tatum,2023,2023-05-15,219000,381
فوازير_غازي_الذيابي8,2023,2023-04-06,219000,382
Keke,2023,2023-07-06,219000,383
Onana,2023,2023-10-04,219000,384
BUCK-TICK,2023,2023-10-24,218000,385
George Santos,2023,2023-12-01,218000,386
Sarah,2023,2023-04-17,217000,387
Florida,2023,2023-09-01,216000,388
AnotherLevellxEnglot,2023,2023-09-09,216000,389
KingandPrince,2023,2023-02-13,215000,390
الاتحاد_الهلال,2023,2023-04-23,215000,391
GranHermanoCHV,2023,2023-07-17,214000,392
FIRETIGERXENGLOT,2023,2023-10-05,214000,393
Jokic,2023,2023-06-13,213000,394
PSOE,2023,2023-05-29,213000,395
Dame,2023,2023-09-27,213000,396
Lucas,2023,2023-08-17,213000,397
中秋の名月,2023,2023-09-29,212000,398
いいツインテールの日,2023,2023-11-22,212000,399
FBvGS,2023,2023-01-08,211000,400
世界猫の日,2023,2023-08-08,210000,401
Binance,2023,2023-11-21,210000,402
Ohtani,2023,2023-03-22,209000,403
ポケモンプレゼンツ,2023,2023-08-08,209000,404
箱根駅伝,2023,2023-01-02,208000,405
OTGala0,2023,2023-11-21,208000,406
우리의_첫번째_플리스마스,2023,2023-12-12,208000,407
Anitta,2023,2023-01-19,207000,408
Gabriel,2023,2023-03-29,206000,409
RepublicDay,2023,2023-01-26,206000,410
Our_BirthdayBoy_JENO,2023,2023-04-22,206000,411
똑똑_제노생일이에요잇,2023,2023-04-22,205000,412
宝塚記念,2023,2023-06-25,205000,413
Ramadan Mubarak,2023,2023-03-23,204000,414
LoveIsBlindLIVE,2023,2023-04-17,204000,415
イーロン,2023,2023-07-02,203000,416
MUNvGS,2023,2023-10-04,203000,417
UFC293,2023,2023-09-10,202000,418
Olimpia,2023,2023-08-11,200000,419
Michigan,2023,2023-12-03,198000,420
どうする家康,2023,2023-01-29,197000,421
CharlotteXGlutaWithMe,2023,2023-10-09,197000,422
Haaland,2023,2023-04-26,196000,423
C103,2023,2023-12-30,196000,424
Jorge,2023,2023-07-28,195000,425
الهلال_الشباب,2023,2023-08-10,194000,426
Denver,2023,2023-06-13,194000,427
JISOO,2023,2023-08-31,193000,428
Beyoncé,2023,2023-02-01,193000,429
النصر_الباطن,2023,2023-03-03,193000,430
イタリア,2023,2023-03-16,193000,431
LVMenPreFall24,2023,2023-11-30,193000,432
IWD2023,2023,2023-03-08,192000,433
श्री कृष्ण,2023,2023-09-07,192000,434
الاتحاد,2023,2023-12-23,192000,435
罠の戦争,2023,2023-01-16,191000,436
LaCasaDeLosFamososMx,2023,2023-08-14,191000,437
ARB Аirdrop,2023,2023-06-12,191000,438
Eid Mubarak,2023,2023-06-28,191000,439
Who_Is_SantGaribdasJiMaharaj,2023,2023-02-25,190000,440
BackForMore,2023,2023-09-15,190000,441
ElonGoToGaza,2023,2023-11-27,190000,442
Larissa,2023,2023-03-15,188000,443
WWEPayback,2023,2023-09-03,188000,444
鬼滅の刃,2023,2023-06-18,187000,445
Saudi,2023,2023-06-06,187000,446
カミオト,2023,2023-06-17,187000,447
ComplementDenquete,2023,2023-12-01,187000,448
الزمالك,2023,2023-08-03,186000,449
東日本大震災,2023,2023-03-11,184000,450
オリックス,2023,2023-09-20,184000,451
STOPインボイス,2023,2023-09-25,184000,452
Sporting,2023,2023-03-17,183000,453
AusGP,2023,2023-04-02,183000,454
Rihanna,2023,2023-05-02,183000,455
TrueStoryOfJagannath,2023,2023-06-20,183000,456
GnaGsaShowtime,2023,2023-07-01,183000,457
FileninSultanları,2023,2023-07-17,183000,458
LOrealHairLabXBecky,2023,2023-10-02,183000,459
gfvip,2023,2023-01-31,182000,460
夕暮れに手をつなぐ,2023,2023-01-17,182000,461
Marília,2023,2023-01-25,182000,462
母の日,2023,2023-05-14,182000,463
Coti,2023,2023-01-02,180000,464
TREASURE_hello_in_bangkok,2023,2023-01-28,179000,465
Cinco de Mayo,2023,2023-05-05,179000,466
ナウシカ,2023,2023-07-07,179000,467
AlwaysWithYou,2023,2023-02-10,178000,468
Charles,2023,2023-06-11,178000,469
Uruguay,2023,2023-11-17,177000,470
Inter Miami,2023,2023-08-20,177000,471
LOREAL WITH ADMIN BECK,2023,2023-10-02,177000,472
Paula,2023,2023-02-14,176000,473
lana,2023,2023-05-26,176000,474
MoonlightChickenEP4,2023,2023-02-16,176000,475
กกตมีไว้ทําไม,2023,2023-07-12,176000,476
SalarioRosa,2023,2023-03-17,175000,477
INDvsENG,2023,2023-10-29,174000,478
Tina,2023,2023-03-23,173000,479
Florida State,2023,2023-12-03,173000,480
BestFanArmy,2023,2023-01-11,172000,481
النصر_التعاون,2023,2023-08-19,172000,482
ProphetMuhammad_NeverAteMeat,2023,2023-06-28,172000,483
Klay,2023,2023-05-13,171000,484
WITH BUILD UNTIL THE END,2023,2023-02-10,171000,485
INDvsNZ,2023,2023-11-15,171000,486
Apple Music,2023,2023-11-29,171000,487
Anfield,2023,2023-02-22,170000,488
ProudOfYouBecky,2023,2023-04-01,170000,489
震度6強,2023,2023-05-05,170000,490
COME TO BRAZIL PFL,2023,2023-05-12,170000,491
LikeWe7ustMet7DREAM,2023,2023-08-24,170000,492
Ronaldo,2023,2023-02-09,168000,493
BJKvGS,2023,2023-04-30,168000,494
Mendy,2023,2023-07-14,168000,495
AkatsukiJapan,2023,2023-09-02,168000,496
Raiders,2023,2023-12-25,167000,497
Turkey,2023,2023-02-06,167000,498
فوازير_غازي_الذيابي3,2023,2023-03-27,167000,499
Happy10thAnniversaryARMY,2023,2023-07-08,167000,500
Hall,2023,2023-08-16,167000,501
luisa,2023,2023-08-30,167000,502
IsraelGazaWar,2023,2023-10-16,167000,503
オークス,2023,2023-05-21,166000,504
Taylor Lautner,2023,2023-07-08,166000,505
Andre Braugher,2023,2023-12-13,166000,506
HataydaSuYok,2023,2023-03-03,165000,507
सच्चा_सतगुरु_कौन,2023,2023-07-03,165000,508
FRAvRSA,2023,2023-10-16,165000,509
Kathniel,2023,2023-11-30,165000,510
Maher,2023,2023-01-17,164000,511
1stTEASERดับแสงรวี,2023,2023-05-28,164000,512
HappyMilePhakphumBD2023,2023,2023-01-05,163000,513
SmackDown,2023,2023-08-26,163000,514
วาดไว้NuNew,2023,2023-02-20,163000,515
キングオージャー,2023,2023-03-05,163000,516
HALSEY,2023,2023-05-15,163000,517
VIVANT,2023,2023-09-10,163000,518
Embiid,2023,2023-05-15,162000,519
Happy_BirthJAY,2023,2023-04-19,162000,520
MCIARS,2023,2023-04-26,162000,521
GenocideSupporters,2023,2023-10-23,162000,522
ツインテールの日,2023,2023-02-02,161000,523
แสงรวีOSTดับแสงรวี,2023,2023-06-23,161000,524
THE LOYAL PIN X ANIL PIN,2023,2023-10-22,161000,525
INDvsPAK,2023,2023-09-10,160000,526
Twitter連携,2023,2023-02-02,159000,527
AustrianGP,2023,2023-07-02,159000,528
HappyBirthdayARMY,2023,2023-07-08,158000,529
Bayern,2023,2023-03-24,157000,530
FunkRave,2023,2023-06-23,157000,531
WWEFastlane,2023,2023-10-08,157000,532
ログイン,2023,2023-02-02,156000,533
LIVRMA,2023,2023-02-22,156000,534
billie,2023,2023-03-25,156000,535
BamBamAREA52inBKK,2023,2023-09-10,156000,536
Michael Gambon,2023,2023-09-28,156000,537
Teaserมนต์รักลูกทุ่ง2567,2023,2023-12-25,156000,538
Guimê,2023,2023-01-24,155000,539
うーたん,2023,2023-03-07,155000,540
Lance Reddick,2023,2023-03-17,155000,541
FACupFinal,2023,2023-06-03,155000,542
30億ルフィWANTED,2023,2023-11-27,155000,543
Hanouna,2023,2023-12-01,155000,544
GW明け,2023,2023-05-08,154000,545
WorldEnvironmentDay,2023,2023-06-05,154000,546
Strickland,2023,2023-09-10,154000,547
UFC284,2023,2023-02-12,153000,548
Izzy,2023,2023-07-09,153000,549
Kings,2023,2023-04-16,153000,550
Botafogo,2023,2023-11-30,153000,551
Misskey,2023,2023-07-02,153000,552
ForbiddenDoor,2023,2023-06-26,152000,553
TREASURE_MOVE,2023,2023-06-28,152000,554
Purdue,2023,2023-03-18,151000,555
推しの子,2023,2023-04-12,151000,556
Harden,2023,2023-05-02,151000,557
NBADraft,2023,2023-06-23,151000,558
Wilder,2023,2023-12-23,151000,559
Camila,2023,2023-02-21,150000,560
MidnightMuseumEP3,2023,2023-03-13,150000,561
Browns,2023,2023-10-16,150000,562
MahalimaIsBack,2023,2023-12-05,150000,563
ENGFAinTSQ_NewYork,2023,2023-02-01,149000,564
18MartÇanakkaleZaferi,2023,2023-03-18,149000,565
ريبون_في_الرياض_بارك,2023,2023-04-14,149000,566
IPL2023Finals,2023,2023-05-30,149000,567
Jack Smith,2023,2023-07-19,149000,568
AppleEvent,2023,2023-09-12,149000,569
LeoReview,2023,2023-10-19,149000,570
Lions,2023,2023-09-29,148000,571
TONY MONTANA,2023,2023-04-30,148000,572
SBSconcerttourinJPD1,2023,2023-06-17,148000,573
bella,2023,2023-08-29,148000,574
TheMissPhilippinesXFourth,2023,2023-10-24,148000,575
ATIN ANG SB19,2023,2023-12-05,148000,576
新年早々,2023,2023-12-31,148000,577
TopExcellenceDOday,2023,2023-01-11,147000,578
Dr. King,2023,2023-01-16,147000,579
Selena,2023,2023-03-24,147000,580
中村倫也,2023,2023-03-25,147000,581
LabourDay,2023,2023-05-01,147000,582
Nuggets,2023,2023-05-21,147000,583
MITB,2023,2023-07-01,147000,584
BritishGP,2023,2023-07-08,147000,585
海の日,2023,2023-07-17,147000,586
XRC20,2023,2023-12-27,147000,587
TWICE_Gonna_SetMeFree,2023,2023-03-10,146000,588
MakroHoReCaxZeeNuNew,2023,2023-11-16,146000,589
GranHermano,2023,2023-12-14,145000,590
JIMIN IS COMING,2023,2023-01-04,145000,591
SUGA_AgustD_TOUR,2023,2023-02-14,145000,592
Osasuna,2023,2023-05-06,145000,593
baekhyun,2023,2023-07-31,145000,594
Dodgers,2023,2023-12-09,145000,595
Bahia,2023,2023-12-07,145000,596
Bruna,2023,2023-01-19,144000,597
あんスタウェルカム祭,2023,2023-03-15,144000,598
내_모든걸_걸어_트와이스,2023,2023-03-10,143000,599
DiabloIV,2023,2023-06-02,143000,600
BunnyPrinceDoyoungDay,2023,2023-01-31,142000,601
acildeprem,2023,2023-02-08,142000,602
5_STAR,2023,2023-04-27,142000,603
ESPN,2023,2023-06-30,142000,604
따끈따끈_도영빵_생일이_왔옹,2023,2023-01-31,141000,605
loveisland,2023,2023-02-17,141000,606
SEVENTEEN_To_8finity,2023,2023-05-25,141000,607
それスノ,2023,2023-09-15,141000,608
VS魂,2023,2023-09-28,141000,609
Bregman,2023,2023-10-02,141000,610
KızılcıkŞerbeti,2023,2023-06-09,140000,611
MCIEndingYarn,2023,2023-02-24,139000,612
Chaco,2023,2023-09-18,139000,613
الهلال_ابها,2023,2023-12-21,139000,614
アニメ化,2023,2023-03-19,138000,615
坂本龍一さん,2023,2023-04-02,138000,616
連休明け,2023,2023-05-08,138000,617
ONEPIECE1071,2023,2023-08-06,138000,618
VIBE IS COMING,2023,2023-01-04,137000,619
T5 SHOW YOUR MOVES,2023,2023-06-28,137000,620
EXOSC_BackToBackinBKK,2023,2023-07-08,137000,621
TheLastOfUs,2023,2023-03-06,136000,622
ريبون,2023,2023-04-15,136000,623
Mora,2023,2023-08-29,136000,624
紅白出場,2023,2023-11-13,136000,625
緊急地震速報,2023,2023-05-05,135000,626
Pence,2023,2023-08-24,135000,627
DayOneWithZB1,2023,2023-07-10,134000,628
SoyRebeldeTour,2023,2023-08-26,134000,629
V最協S5,2023,2023-04-15,133000,630
Romero,2023,2023-10-06,133000,631
The Road,2023,2023-06-13,133000,632
SKZ_SocialPath_featLiSA,2023,2023-08-29,133000,633
DunkiReview,2023,2023-12-21,133000,634
Newcastle,2023,2023-08-31,132000,635
عيد_الاضحي_المبارك,2023,2023-06-28,132000,636
Poole,2023,2023-06-23,131000,637
ariana,2023,2023-02-24,131000,638
BUILD SOLO CONCERT SOON,2023,2023-05-24,131000,639
O Vasco,2023,2023-11-29,131000,640
Luka,2023,2023-01-13,130000,641
WBC2023,2023,2023-03-16,130000,642
frank ocean,2023,2023-04-17,130000,643
Napoli,2023,2023-05-04,130000,644
Mourinho,2023,2023-05-31,130000,645
BuildTheRebornConcert,2023,2023-05-24,130000,646
ムツゴロウさん,2023,2023-04-06,129000,647
BirthOfTheBrightestStar,2023,2023-04-19,129000,648
Caleb Martin,2023,2023-05-30,129000,649
팀세븐틴_보고올랐지_8주년까지,2023,2023-05-25,129000,650
seokjin,2023,2023-01-18,128000,651
Bengals,2023,2023-01-22,128000,652
TyreNichols,2023,2023-01-28,128000,653
De Bruyne,2023,2023-05-09,128000,654
Ramos,2023,2023-09-30,128000,655
テレ東60祭Mフェス,2023,2023-11-15,128000,656
Gabigol,2023,2023-07-13,127000,657
Vitor Pereira,2023,2023-02-08,127000,658
岸田首相,2023,2023-04-15,127000,659
babydoge2,2023,2023-07-09,127000,660
Racing,2023,2023-08-31,127000,661
LaResistenciaLulo,2023,2023-09-21,127000,662
helaletmiyorum,2023,2023-02-27,126000,663
Ja Morant,2023,2023-12-20,126000,664
Romina,2023,2023-02-21,125000,665
HappyRenDay,2023,2023-03-01,125000,666
Welcome_to_MyKarina,2023,2023-04-10,125000,667
AgustD_DDAY,2023,2023-04-21,125000,668
Tottenham,2023,2023-04-30,125000,669
jisung,2023,2023-07-05,125000,670
サークル,2023,2023-10-31,125000,671
ブロック機能,2023,2023-08-19,125000,672
Barcelona,2023,2023-12-14,125000,673
지민아_마이의_푸른봄은_너야,2023,2023-04-10,124000,674
EnglotAnvs1Y3M,2023,2023-07-04,124000,675
シャニソン,2023,2023-11-14,124000,676
Miami,2023,2023-03-27,123000,677
Vikings,2023,2023-09-15,123000,678
Braves,2023,2023-10-10,123000,679
GTA 6,2023,2023-12-05,123000,680
Draymond,2023,2023-04-18,122000,681
UELfinal,2023,2023-05-31,122000,682
วอลเลย์บอลหญิง,2023,2023-09-05,122000,683
RoçaAFazenda,2023,2023-10-04,122000,684
Tom Brady,2023,2023-02-01,121000,685
30thSpringWithSEHUN,2023,2023-04-11,121000,686
الاتحاد_ابها,2023,2023-05-08,121000,687
モニタリング,2023,2023-01-05,120000,688
大谷さん,2023,2023-03-22,120000,689
IWannaStayWithGYU,2023,2023-04-05,120000,690
민규생일은_아름답기를_따뜻하길,2023,2023-04-05,120000,691
オールスター感謝祭23春,2023,2023-04-08,120000,692
RMAMCI,2023,2023-05-09,120000,693
Scott,2023,2023-07-05,120000,694
Maui,2023,2023-08-10,120000,695
Christie,2023,2023-08-24,120000,696
Mahomes,2023,2023-09-08,120000,697
NeverForget,2023,2023-09-11,120000,698
MissionFanEP1,2023,2023-05-05,119000,699
Bruyne,2023,2023-05-09,119000,700
君たちはどう生きるか,2023,2023-07-14,119000,701
UFC292,2023,2023-08-20,119000,702
SmokeSpritexRM,2023,2023-03-14,118000,703
MiamiGP,2023,2023-05-06,118000,704
梅雨入り,2023,2023-05-29,118000,705
Guatemala,2023,2023-08-21,118000,706
Getafe,2023,2023-08-14,118000,707
PAKvsSL,2023,2023-09-14,118000,708
Spurs,2023,2023-04-30,117000,709
TAEKOOK,2023,2023-04-24,117000,710
HOBI,2023,2023-05-24,117000,711
Luton,2023,2023-05-27,117000,712
Hazard,2023,2023-06-03,117000,713
感謝キャンペーン,2023,2023-07-11,117000,714
الهلال_الحزم,2023,2023-10-30,117000,715
Brighton,2023,2023-01-14,116000,716
ARSMCI,2023,2023-02-15,116000,717
Mac McClung,2023,2023-02-19,116000,718
Saka,2023,2023-04-16,116000,719
언제든_놀러와요_큥데이,2023,2023-05-05,116000,720
トリリオンゲーム,2023,2023-09-15,116000,721
だが情熱はある,2023,2023-06-18,116000,722
Steelers,2023,2023-09-10,115000,723
GYAO,2023,2023-01-16,115000,724
Tuchel,2023,2023-03-24,115000,725
UFCJacksonville,2023,2023-06-24,115000,726
CriançaEsperança,2023,2023-08-08,115000,727
FenerbahçeyeVarOperasyonu,2023,2023-08-21,115000,728
세훈이의_30번째_봄바람,2023,2023-04-11,114000,729
LLLTrailer,2023,2023-06-07,114000,730
تويتر,2023,2023-07-01,114000,731
loveIsland,2023,2023-07-31,114000,732
49ers,2023,2023-10-09,114000,733
ラグビー,2023,2023-09-10,114000,734
TWICE_OurMoonlightandSunrise,2023,2023-01-20,113000,735
Cano,2023,2023-11-04,113000,736
Nacho,2023,2023-03-15,113000,737
TaLuengBabyXENGFA,2023,2023-03-02,113000,738
Packers,2023,2023-09-29,113000,739
新社会人,2023,2023-04-03,113000,740
Roman,2023,2023-04-03,113000,741
AMVCA9,2023,2023-05-20,113000,742
GSvFB,2023,2023-06-04,113000,743
Bears,2023,2023-12-17,113000,744
النصر_الوحده,2023,2023-02-09,112000,745
REN_Journey_EP26,2023,2023-03-01,112000,746
キンプリMV1億回おめでとう,2023,2023-03-16,112000,747
リバティアイランド,2023,2023-04-09,112000,748
النصر_الاتفاق,2023,2023-10-31,112000,749
Toney,2023,2023-09-08,112000,750
Patriots,2023,2023-09-18,112000,751
IPL2023,2023,2023-03-31,111000,752
モスクワ,2023,2023-06-24,111000,753
フレミネ,2023,2023-07-03,111000,754
RakshaBandhan,2023,2023-08-30,111000,755
Juliette,2023,2023-01-24,110000,756
Vinicius,2023,2023-05-06,110000,757
ガンダム,2023,2023-06-04,110000,758
اوراوا_الهلال,2023,2023-05-06,110000,759
HAYLEY,2023,2023-06-05,110000,760
父の日,2023,2023-06-18,110000,761
Beal,2023,2023-06-18,110000,762
Milwaukee,2023,2023-09-27,110000,763
パレード,2023,2023-11-23,110000,764
テイオウイカ,2023,2023-02-16,109000,765
MUNCHE,2023,2023-05-25,109000,766
BalloonMV,2023,2023-06-23,109000,767
EliminaçãoAFazenda,2023,2023-09-29,109000,768
フェブラリーS,2023,2023-02-19,108000,769
8M2023,2023,2023-03-08,108000,770
Aaron Rodgers,2023,2023-03-15,108000,771
BangBangCon2023,2023,2023-06-03,108000,772
RICKY_IS_ZB1,2023,2023-06-11,108000,773
TakeTwo1stWin,2023,2023-06-22,108000,774
ENGFA_2ndConcert,2023,2023-08-20,108000,775
Josh Allen,2023,2023-09-12,107000,776
Villa,2023,2023-04-15,107000,777
GetWellSoonJeno,2023,2023-03-13,107000,778
भगवान परशुराम,2023,2023-04-22,107000,779
Finland,2023,2023-05-13,107000,780
Ederson,2023,2023-06-10,107000,781
劇場版呪術廻戦0,2023,2023-07-05,107000,782
CePostaPerTe,2023,2023-01-08,106000,783
Arizona,2023,2023-03-17,106000,784
RamNavami,2023,2023-03-30,106000,785
Jai Hind,2023,2023-08-15,106000,786
OTDirecto26D,2023,2023-12-26,106000,787
เขินให้หน่อยMV,2023,2023-03-14,105000,788
Barco,2023,2023-04-19,105000,789
Girona,2023,2023-04-26,105000,790
Succession,2023,2023-05-29,105000,791
Atlético,2023,2023-07-30,105000,792
ファミマのクリスピーチキン食べたい,2023,2023-11-07,105000,793
ElectionResults,2023,2023-12-03,105000,794
WWERaw,2023,2023-04-04,104000,795
น่าฮักจังเล๊ย,2023,2023-02-05,104000,796
Marvvila,2023,2023-03-06,104000,797
仮面ライダー,2023,2023-03-17,104000,798
SpeakNowTaylorsVersion,2023,2023-07-07,104000,799
逃走中,2023,2023-09-10,104000,800
ワイのLOVEゲーム,2023,2023-02-08,103000,801
Ramadan,2023,2023-03-22,103000,802
RamNavmi,2023,2023-03-30,103000,803
アニポケ,2023,2023-04-14,103000,804
ラストマン,2023,2023-06-25,103000,805
หน้ากากรถยนต์,2023,2023-05-24,103000,806
الدوري_الاستثنايي_العالمي,2023,2023-05-27,103000,807
SHALALA_OutNow,2023,2023-06-05,103000,808
Thug,2023,2023-06-23,103000,809
العام_الجديد_1445,2023,2023-07-19,103000,810
해피큥데이,2023,2023-05-05,102000,811
TOBECONTINUED_02,2023,2023-07-06,102000,812
Golden24thWithLucas,2023,2023-01-24,101000,813
Jrue,2023,2023-09-27,101000,814
샤랄라한_태용_솔로_6시,2023,2023-06-05,101000,815
مجزره_جباليا,2023,2023-10-31,101000,816
Everton,2023,2023-05-08,100000,817
gaga,2023,2023-02-15,100000,818
Huw Edwards,2023,2023-07-12,100000,819
demi lovato,2023,2023-08-30,100000,820
KANさん,2023,2023-11-17,100000,821
ニンダイ,2023,2023-02-08,99000,822
銀河鉄道999,2023,2023-02-20,99000,823
Dibu,2023,2023-02-27,99000,824
Welcome7DREAMtoThailand,2023,2023-03-09,99000,825
THE LAST TIME,2023,2023-06-17,99000,826
札幌記念,2023,2023-08-20,99000,827
Broncos,2023,2023-10-30,99000,828
敬老の日,2023,2023-09-18,99000,829
しばゆー,2023,2023-10-17,99000,830
Ten Hag,2023,2023-11-02,99000,831
Alejo Vidal,2023,2023-11-09,99000,832
モンハン新作,2023,2023-12-08,99000,833
カーヴェ,2023,2023-05-02,98000,834
Arrascaeta,2023,2023-07-30,98000,835
InternationalYogaDay,2023,2023-06-21,98000,836
taeil,2023,2023-08-15,98000,837
Dumbledore,2023,2023-09-28,98000,838
スプリンターズS,2023,2023-10-01,98000,839
ガルパ超大型アプデ発表会,2023,2023-01-09,97000,840
BBTitans,2023,2023-01-15,97000,841
BahrainGP,2023,2023-03-04,97000,842
Bruins,2023,2023-05-01,97000,843
ESC2023,2023,2023-05-13,97000,844
Suns,2023,2023-06-18,97000,845
يوم_الترويه,2023,2023-06-26,97000,846
EXO_TeaserImage5,2023,2023-07-02,97000,847
中山記念,2023,2023-02-26,96000,848
الهلال_الفتح,2023,2023-03-06,96000,849
U149,2023,2023-04-05,96000,850
ตัวอย่างดับแสงรวี,2023,2023-06-15,96000,851
リオセスリ,2023,2023-09-15,96000,852
プリキュア,2023,2023-04-28,95000,853
roger guedes,2023,2023-08-01,95000,854
WelcomeTREASUREtoThailand,2023,2023-03-30,94000,855
CHELIV,2023,2023-04-04,94000,856
Wemby,2023,2023-07-08,94000,857
猿之助さん,2023,2023-05-18,94000,858
JUVFunInTheSunWithBecky,2023,2023-06-20,94000,859
タイタニック,2023,2023-06-24,94000,860
MartinFierro,2023,2023-07-10,94000,861
RAWXXX,2023,2023-01-24,93000,862
東京新聞杯,2023,2023-02-05,93000,863
Alaska,2023,2023-02-11,93000,864
Jimmy Butler,2023,2023-05-20,93000,865
BamBam_TOUR_AREA52,2023,2023-07-12,93000,866
Weiss,2023,2023-08-11,93000,867
Knicks,2023,2023-04-27,92000,868
hailey,2023,2023-03-24,92000,869
RawAfterMania,2023,2023-04-04,92000,870
Borja,2023,2023-05-08,92000,871
Jaylen Brown,2023,2023-05-30,92000,872
日本シリーズ,2023,2023-10-28,92000,873
Netherlands,2023,2023-10-17,92000,874
Gibraltar,2023,2023-11-19,92000,875
spkgovtr,2023,2023-02-08,91000,876
Sami,2023,2023-02-19,91000,877
हनुमान_जन्मोत्सव,2023,2023-04-06,91000,878
Louisville,2023,2023-04-10,91000,879
neymar,2023,2023-04-19,91000,880
NBAFinals,2023,2023-06-13,91000,881
Moreno,2023,2023-07-09,91000,882
Garland,2023,2023-08-11,91000,883
GPExplorer2,2023,2023-09-09,91000,884
CentralLadpraoxBFF2023_Nunew,2023,2023-09-21,91000,885
IsraelPalestineConflict,2023,2023-10-11,91000,886
SixTONESANN,2023,2023-04-22,90000,887
TAEMINisback_DDAY,2023,2023-04-03,90000,888
Xavi,2023,2023-12-14,90000,889
ليله_27,2023,2023-04-17,90000,890
เม้าท์อยู่กับปากxบ้านแกรนด์,2023,2023-08-01,90000,891
우리슈퍼맨_루카스_생일축하해,2023,2023-01-24,89000,892
ヘブバン1周年,2023,2023-02-05,89000,893
Nicola Sturgeon,2023,2023-02-15,89000,894
Alisson,2023,2023-02-22,89000,895
ForaGustavo,2023,2023-02-24,89000,896
KanivaxBible,2023,2023-03-03,89000,897
KarnatakaElectionResults2023,2023,2023-05-13,89000,898
TrainAccident,2023,2023-06-03,89000,899
Bruno Henrique,2023,2023-09-03,89000,900
アイコン,2023,2023-07-31,89000,901
SarochaSoloStageD1,2023,2023-08-13,89000,902
Noboa,2023,2023-08-21,89000,903
ベストヒット歌謡祭,2023,2023-11-16,89000,904
Oscars2023,2023,2023-01-24,88000,905
UConn,2023,2023-04-04,88000,906
ラストエンペラー,2023,2023-04-02,88000,907
سالم,2023,2023-04-29,88000,908
الاتحاد_التعاون,2023,2023-05-03,88000,909
MSDhoni,2023,2023-05-29,88000,910
BeatPlasticPollution,2023,2023-06-05,88000,911
わっしょいCAMPなう,2023,2023-08-20,88000,912
Ravens,2023,2023-11-27,88000,913
Mitch McConnell,2023,2023-08-30,88000,914
ProvaDoFazendeiro,2023,2023-10-05,88000,915
الهلال_نافباخور,2023,2023-11-28,88000,916
الاتحاد_الاهلي_المصري,2023,2023-12-15,88000,917
黄旭熙生日快乐0125,2023,2023-01-24,87000,918
Christian Atsu,2023,2023-02-18,87000,919
Nagelsmann,2023,2023-03-24,87000,920
ディープボンド,2023,2023-06-25,87000,921
Havertz,2023,2023-08-26,87000,922
LINEMANxFreenBecky,2023,2023-08-22,87000,923
渋谷事変,2023,2023-08-24,87000,924
WithGyuEveryMoment,2023,2023-08-29,87000,925
여름_끝자락의_빛나는별_김규빈,2023,2023-08-29,87000,926
Estudiantes,2023,2023-08-30,87000,927
ミリアニ実況,2023,2023-10-08,87000,928
豪華賞品,2023,2023-10-26,87000,929
BamBamAREA52inBKKDAY1,2023,2023-10-28,87000,930
Booba,2023,2023-12-01,87000,931
dr fred,2023,2023-01-25,86000,932
KEMALKILIÇDAROĞLU,2023,2023-03-06,86000,933
Lexa,2023,2023-03-16,86000,934
Lampard,2023,2023-04-08,86000,935
Buona Pasqua,2023,2023-04-09,86000,936
Leafs,2023,2023-04-30,86000,937
Melo,2023,2023-05-22,86000,938
FathersDay,2023,2023-06-18,86000,939
เรื่องเล่าเสาร์อาทิตย์xแบมแบม,2023,2023-08-27,86000,940
Nebraska,2023,2023-09-01,86000,941
BBUK,2023,2023-11-04,86000,942
Fabra,2023,2023-11-04,86000,943
呪術廻戦,2023,2023-11-09,86000,944
النصر_بيرسبوليس,2023,2023-11-27,86000,945
Potter,2023,2023-04-01,85000,946
instagramdown,2023,2023-05-22,85000,947
スレッズ,2023,2023-07-06,85000,948
BB25,2023,2023-08-03,85000,949
پر_امن_ملک_گیر_احتجاج,2023,2023-08-05,85000,950
ドウデュース,2023,2023-10-29,85000,951
ホームラン,2023,2023-03-16,84000,952
Lamar,2023,2023-03-27,84000,953
SmileySoapxMGT,2023,2023-04-24,84000,954
HAVE A SAFE FLIGHT TAEHYUNG,2023,2023-06-30,84000,955
HAVE A SAFE FLIGHT JUNGKOOK,2023,2023-07-12,84000,956
ChangbinDayWithJutdae,2023,2023-08-10,84000,957
일곱빛의_꿈으로_펼쳐지는_7주년,2023,2023-08-24,84000,958
Diniz,2023,2023-11-17,84000,959
Wolves,2023,2023-09-16,84000,960
Rossi,2023,2023-09-21,84000,961
Bobby Charlton,2023,2023-10-21,84000,962
Casemiro,2023,2023-05-25,83000,963
API有料化,2023,2023-02-02,83000,964
SONA2023,2023,2023-02-09,83000,965
Cruzeiro,2023,2023-06-01,83000,966
dua lipa,2023,2023-05-01,83000,967
Galatasaray,2023,2023-05-31,83000,968
Senegal,2023,2023-06-20,83000,969
Panamá,2023,2023-07-13,83000,970
줏대있게_창빈이_생일축하해,2023,2023-08-10,83000,971
HBD SOLOFREEN DAY1,2023,2023-08-13,83000,972
Ahsoka,2023,2023-09-13,83000,973
OpenAI,2023,2023-11-18,83000,974
Clippers,2023,2023-02-09,82000,975
الهلال_الوحده,2023,2023-03-02,82000,976
ElClasico,2023,2023-03-02,82000,977
王様に捧ぐ薬指,2023,2023-05-09,82000,978
Herrera,2023,2023-05-08,82000,979
AEWCollision,2023,2023-06-18,82000,980
Greenwood,2023,2023-08-16,82000,981
原神祝1000万フォロワー,2023,2023-08-23,82000,982
Will Smith,2023,2023-10-11,82000,983
Microsoft,2023,2023-11-20,82000,984
Antony,2023,2023-12-30,81000,985
CriticsChoiceAwards,2023,2023-01-16,81000,986
SoundCheckรักก็รักดิซีนุนิว,2023,2023-01-31,81000,987
sumika,2023,2023-02-24,81000,988
MothersDay,2023,2023-05-14,81000,989
Berni,2023,2023-04-03,81000,990
Blumenau,2023,2023-04-05,81000,991
TemptationIsland,2023,2023-07-10,81000,992
BattleOfTheBaddest,2023,2023-10-10,81000,993
ゆずxJO1夏色コラボで冬もぽかぽか,2023,2023-12-06,81000,994
SpeakerVote,2023,2023-01-07,80000,995
Dolphins,2023,2023-10-23,80000,996
MLKDay,2023,2023-01-16,80000,997
NCT127_Say_AyYo,2023,2023-01-30,80000,998
33YinShopeeWar,2023,2023-03-03,80000,999
USDC,2023,2023-03-11,80000,1000
メキシコ,2023,2023-03-20,80000,1001
Jアラート,2023,2023-04-13,80000,1002
Texans,2023,2023-04-28,80000,1003
경계경보,2023,2023-05-31,80000,1004
音楽の日,2023,2023-07-07,80000,1005
HappyBdayModiJi,2023,2023-09-17,80000,1006
큰_항해가_펼쳐질_에이티즈5주년,2023,2023-10-23,80000,1007
AUSvsAFG,2023,2023-11-07,80000,1008
大判焼き,2023,2023-11-08,80000,1009
10Kasım,2023,2023-11-09,80000,1010
阪神JF,2023,2023-12-10,80000,1011
الاهلي_المصري_فلومينينسي,2023,2023-12-18,80000,1012
Gavi,2023,2023-01-15,79000,1013
Mステ,2023,2023-06-02,79000,1014
ヒルナンデス,2023,2023-02-23,79000,1015
はじめてさんいらっしゃ〜い,2023,2023-03-15,79000,1016
The Wire,2023,2023-03-17,79000,1017
19MayısGenclikveSporBayramı,2023,2023-05-19,79000,1018
Grant Williams,2023,2023-05-20,79000,1019
サンリオキャラクター大賞,2023,2023-06-11,79000,1020
Genshin,2023,2023-08-16,79000,1021
USGP,2023,2023-10-21,79000,1022
LIVARS,2023,2023-12-23,79000,1023
Abel,2023,2023-10-06,78000,1024
hoseok,2023,2023-02-26,78000,1025
CarabaoCupFinal,2023,2023-02-26,78000,1026
メイドの日,2023,2023-05-10,78000,1027
yoona,2023,2023-07-03,78000,1028
仙台育英,2023,2023-08-23,78000,1029
Doyin,2023,2023-09-10,78000,1030
常闇トワ1stソロライブ,2023,2023-10-13,78000,1031
ウイニングチケット,2023,2023-02-18,77000,1032
モバマス,2023,2023-03-30,77000,1033
Westbrook,2023,2023-04-17,77000,1034
Sabonis,2023,2023-04-18,77000,1035
Dillon Brooks,2023,2023-05-02,77000,1036
地震大丈夫,2023,2023-05-05,77000,1037
Amanda Nunes,2023,2023-06-11,77000,1038
隅田川花火大会,2023,2023-07-29,77000,1039
Djokovic,2023,2023-08-21,77000,1040
Almirón,2023,2023-10-06,77000,1041
サルゴリラ,2023,2023-10-21,77000,1042
OpenseaExploit,2023,2023-11-13,77000,1043
ViVi国宝級イケメンランキング,2023,2023-12-14,77000,1044
UFC283,2023,2023-01-22,76000,1045
महाशिवरात्रि,2023,2023-02-18,76000,1046
Sixers,2023,2023-05-14,76000,1047
BEFIRST,2023,2023-05-24,76000,1048
Cavani,2023,2023-11-04,76000,1049
GOTY,2023,2023-11-13,76000,1050
Pelé,2023,2023-12-07,76000,1051
AEWDynamite,2023,2023-04-06,75000,1052
Kante,2023,2023-04-04,75000,1053
الهلال_الطايي,2023,2023-04-10,75000,1054
Leeds,2023,2023-04-17,75000,1055
GeminiFourthConcert,2023,2023-07-15,75000,1056
LoveYourW2023,2023,2023-11-24,75000,1057
فوز_السعوديه,2023,2023-11-28,75000,1058
スレッタ,2023,2023-04-09,74000,1059
ForaBruna,2023,2023-04-10,74000,1060
鉄腕DASH,2023,2023-09-03,74000,1061
Seahawks,2023,2023-10-03,74000,1062
Scalise,2023,2023-10-11,74000,1063
Declan Rice,2023,2023-12-05,74000,1064
TSKsahaya,2023,2023-02-07,73000,1065
戌神ころね4周年,2023,2023-04-13,73000,1066
JHOPE,2023,2023-04-17,73000,1067
Kabine,2023,2023-06-03,73000,1068
उत्तर प्रदेश,2023,2023-06-05,73000,1069
Millonarios,2023,2023-06-25,73000,1070
Nick Chubb,2023,2023-09-19,73000,1071
Menendez,2023,2023-09-23,73000,1072
zionistterror,2023,2023-10-16,73000,1073
Saints,2023,2023-10-20,73000,1074
回転焼き,2023,2023-11-08,73000,1075
ORANGEBLOOD_OutNow,2023,2023-11-17,73000,1076
السوبر_التركي,2023,2023-12-30,73000,1077
Trevor Lawrence,2023,2023-01-15,72000,1078
タモリ倶楽部,2023,2023-02-22,72000,1079
Ellie,2023,2023-03-06,72000,1080
Şanlıurfa,2023,2023-03-15,72000,1081
Rover2ndWin,2023,2023-03-25,72000,1082
Maringá,2023,2023-04-14,72000,1083
SVT_8th_Anniversary,2023,2023-05-25,72000,1084
ノクナレア,2023,2023-08-10,72000,1085
フリーナ,2023,2023-09-25,72000,1086
Majul,2023,2023-11-06,72000,1087
Raya,2023,2023-12-05,72000,1088
今年の漢字,2023,2023-12-12,72000,1089
ليله_صوت_الارض,2023,2023-02-01,71000,1090
大病院占拠,2023,2023-03-04,71000,1091
Masvidal,2023,2023-04-09,71000,1092
النصر_الفيحاء,2023,2023-04-09,71000,1093
Dybala,2023,2023-05-31,71000,1094
emma,2023,2023-06-05,71000,1095
原神予告番組,2023,2023-06-23,71000,1096
ワグネル,2023,2023-06-24,71000,1097
七夕の願い事,2023,2023-07-07,71000,1098
conrad,2023,2023-08-18,71000,1099
ZeeNuNewConcertDay1,2023,2023-09-30,71000,1100
Jada,2023,2023-10-11,71000,1101
24KasımÖğretmenlerGünü,2023,2023-11-24,71000,1102
James Gunn,2023,2023-01-31,70000,1103
Bulls,2023,2023-04-13,70000,1104
moonbin,2023,2023-04-19,70000,1105
ムンビン,2023,2023-04-20,70000,1106
MIN YOONGI,2023,2023-04-21,70000,1107
النصر_الرايد,2023,2023-04-28,70000,1108
Vidal,2023,2023-05-25,70000,1109
エウルア,2023,2023-06-23,70000,1110
Lizzo,2023,2023-08-01,70000,1111
GeminiFourthConcertD2,2023,2023-08-27,70000,1112
Zach Wilson,2023,2023-09-12,70000,1113
CrownJewelSeulgiDay,2023,2023-02-09,69000,1114
गुरु पूर्णिमा,2023,2023-07-03,69000,1115
عزنا_فخرنا,2023,2023-07-14,69000,1116
OnlyFriendsSeriesEP2,2023,2023-08-19,69000,1117
Stanford,2023,2023-10-14,69000,1118
4eveNowOrNeverConcert,2023,2023-12-16,69000,1119
Julieta,2023,2023-02-16,68000,1120
DON QUIXOTE,2023,2023-01-06,68000,1121
Klopp,2023,2023-01-14,68000,1122
sporting,2023,2023-03-10,68000,1123
BlueBeetle,2023,2023-04-03,68000,1124
Advincula,2023,2023-11-04,68000,1125
PILOTภพเธอ,2023,2023-06-05,68000,1126
2MLoveForBecky,2023,2023-06-15,68000,1127
Black Mirror,2023,2023-06-16,68000,1128
ITZY_BETONME,2023,2023-07-02,68000,1129
Cataluña,2023,2023-11-02,68000,1130
現役ドラフト,2023,2023-12-08,68000,1131
capitão holt,2023,2023-12-13,68000,1132
DCStudios,2023,2023-01-31,67000,1133
OMPSG,2023,2023-02-08,67000,1134
مبارك_عليكم_الشهر,2023,2023-03-22,67000,1135
Shane,2023,2023-04-03,67000,1136
のっぽさん,2023,2023-05-10,67000,1137
Athletico,2023,2023-07-13,67000,1138
プリゴジン,2023,2023-08-23,67000,1139
HaddiniBilASpor,2023,2023-08-24,67000,1140
SafeFlightRebecca,2023,2023-09-07,67000,1141
جمعه_طوفان_الاقصي,2023,2023-10-13,67000,1142
Martial,2023,2023-05-25,66000,1143
冒険少年,2023,2023-03-27,66000,1144
Jalen Carter,2023,2023-04-28,66000,1145
ペンディングトレイン,2023,2023-06-23,66000,1146
Aぇヤンタン,2023,2023-06-14,66000,1147
Chandrayaan3,2023,2023-07-14,66000,1148
Bolívia,2023,2023-09-09,66000,1149
日本シリーズ,2023,2023-11-04,66000,1150
Maxwell,2023,2023-11-07,66000,1151
Lucho,2023,2023-11-17,66000,1152
OT2023,2023,2023-11-21,66000,1153
precure,2023,2023-02-12,65000,1154
GULF1stFMinSEOUL,2023,2023-01-14,65000,1155
TekCareEkZam,2023,2023-01-30,65000,1156
Venue101,2023,2023-04-08,65000,1157
haruto,2023,2023-04-13,65000,1158
Sampaoli,2023,2023-08-11,65000,1159
Terry Funk,2023,2023-08-23,65000,1160
FRAGIB,2023,2023-11-19,65000,1161
フロイニ,2023,2023-12-15,65000,1162
David Crosby,2023,2023-01-20,64000,1163
hatayiskenderun,2023,2023-02-08,64000,1164
FallenMisfitLost_Photo,2023,2023-04-11,64000,1165
STAY WITH FREENBECKY,2023,2023-08-01,64000,1166
SixTONES_CREAK,2023,2023-08-14,64000,1167
スキズfeatLiSA_MV公開先行配信スタート,2023,2023-08-29,64000,1168
ナヴィア,2023,2023-11-06,64000,1169
FCBvGS,2023,2023-11-08,64000,1170
MUNLEE,2023,2023-02-08,63000,1171
은우의_모든날이_찬란한_봄이길,2023,2023-03-29,63000,1172
教場0,2023,2023-04-10,63000,1173
FML_D12,2023,2023-04-11,63000,1174
咲き誇れ23歳の大平祥生,2023,2023-04-12,63000,1175
cashappvacay,2023,2023-06-06,63000,1176
Debatea7RTVE,2023,2023-07-13,63000,1177
ISTJ3rdWin,2023,2023-07-29,63000,1178
ForeverFreenBecky,2023,2023-08-01,63000,1179
Arteta,2023,2023-08-26,63000,1180
ラプラス2周年LIVE,2023,2023-11-26,63000,1181
GHVIPGala12,2023,2023-12-01,63000,1182
東京ドーム,2023,2023-12-09,63000,1183
BVBPSG,2023,2023-12-14,63000,1184
ドンブラザーズ,2023,2023-02-12,62000,1185
Mahashivratri,2023,2023-02-18,62000,1186
AustralianGP,2023,2023-04-02,62000,1187
スルーセブンシーズ,2023,2023-06-25,62000,1188
キントレ,2023,2023-07-01,62000,1189
NXTGAB,2023,2023-07-31,62000,1190
pokemonpresents,2023,2023-08-08,62000,1191
アスクビクターモア,2023,2023-08-09,62000,1192
NeerajChopra,2023,2023-08-28,62000,1193
Rema,2023,2023-10-30,62000,1194
デザフェス,2023,2023-11-11,62000,1195
OTDirecto9D,2023,2023-12-09,62000,1196
DoctorWho,2023,2023-12-09,62000,1197
Buffalo,2023,2023-01-22,61000,1198
キングオージャー,2023,2023-10-15,61000,1199
Sainz,2023,2023-04-02,61000,1200
Chase,2023,2023-05-29,61000,1201
อิงล็อตXบ้านแกรนด์,2023,2023-06-11,61000,1202
AllStarGame,2023,2023-07-12,61000,1203
Anahi,2023,2023-08-26,61000,1204
格付けチェック,2023,2023-01-01,60000,1205
AntalyadaKaraGece,2023,2023-01-03,60000,1206
TXT_Farewell,2023,2023-01-12,60000,1207
Shannon Sharpe,2023,2023-01-21,60000,1208
رونالدو,2023,2023-12-01,60000,1209
JO1ANNX,2023,2023-08-02,60000,1210
CSKvLSG,2023,2023-04-03,60000,1211
Pereira,2023,2023-04-19,60000,1212
Cormac McCarthy,2023,2023-06-14,60000,1213
The Band,2023,2023-08-10,60000,1214
CORNELIA STREET,2023,2023-08-27,60000,1215
ProsecuteRaisiNOW,2023,2023-09-19,60000,1216
Toulouse,2023,2023-11-09,60000,1217
BOC2023Projects,2023,2023-01-18,59000,1218
Morty,2023,2023-01-25,59000,1219
TOBE新たな時代へ,2023,2023-03-21,59000,1220
WorldHealthDay,2023,2023-04-07,59000,1221
SEVMUN,2023,2023-04-20,59000,1222
Karina,2023,2023-04-29,59000,1223
Ali Yeşildağ,2023,2023-05-05,59000,1224
THEFIRSTTAKE,2023,2023-05-12,59000,1225
Ali Koç,2023,2023-06-04,59000,1226
Catherine,2023,2023-07-05,59000,1227
Emilio,2023,2023-07-10,59000,1228
AFavelaLoveStory,2023,2023-08-18,59000,1229
EGOIST,2023,2023-08-26,59000,1230
津波注意報,2023,2023-10-09,59000,1231
東海オンエア,2023,2023-10-17,59000,1232
percy jackson,2023,2023-12-20,59000,1233
Friday the 13th,2023,2023-01-13,58000,1234
キンプる,2023,2023-03-11,58000,1235
الاتحاد_النصر,2023,2023-01-26,58000,1236
ニャオハ,2023,2023-04-14,58000,1237
Leclerc,2023,2023-05-06,58000,1238
立てこもり,2023,2023-05-25,58000,1239
재난문자,2023,2023-05-31,58000,1240
Domingo German,2023,2023-06-29,58000,1241
KontakKapat,2023,2023-07-16,58000,1242
benzin,2023,2023-07-16,58000,1243
Cuiabá,2023,2023-08-07,58000,1244
BrandedFeatures,2023,2023-08-30,58000,1245
PAKvsSA,2023,2023-10-27,58000,1246
LYKN_NoWorriesMV,2023,2023-11-01,58000,1247
LYKN X BECKY OFFICIAL MV,2023,2023-11-01,58000,1248
Rockstar,2023,2023-12-05,58000,1249
iplauction2024,2023,2023-12-19,58000,1250
IPL2024Auction,2023,2023-12-19,58000,1251
Tulane,2023,2023-01-03,57000,1252
DALvsTB,2023,2023-01-17,57000,1253
NBAAllStar,2023,2023-02-19,57000,1254
Imperatriz,2023,2023-02-22,57000,1255
Bad Bunny,2023,2023-04-15,57000,1256
Gerson,2023,2023-04-27,57000,1257
Levis,2023,2023-04-28,57000,1258
Hakan Fidan,2023,2023-06-03,57000,1259
人気投票ガチャ,2023,2023-07-11,57000,1260
BlueMonday,2023,2023-01-16,56000,1261
薩摩ホグワーツ,2023,2023-02-14,56000,1262
Tadeu,2023,2023-02-21,56000,1263
يوم_الجمعه,2023,2023-03-10,56000,1264
Ituano,2023,2023-03-12,56000,1265
MARJORIE,2023,2023-03-18,56000,1266
スノニューMV,2023,2023-04-12,56000,1267
Hawks,2023,2023-04-26,56000,1268
Copa do Brasil,2023,2023-05-02,56000,1269
De Gea,2023,2023-08-10,56000,1270
ぐるナイ,2023,2023-10-12,56000,1271
キティちゃん,2023,2023-11-01,56000,1272
Kアリーナ,2023,2023-11-23,56000,1273
イクイノックス引退,2023,2023-11-30,56000,1274
ホロお正月CUP2023,2023,2023-01-07,55000,1275
DavisGarcia,2023,2023-01-08,55000,1276
Daniel Jones,2023,2023-10-03,55000,1277
上様とお祭りじゃんけん,2023,2023-03-15,55000,1278
الشهر الفضيل,2023,2023-03-22,55000,1279
UFCSanAntonio,2023,2023-03-26,55000,1280
それパク,2023,2023-04-12,55000,1281
Trae Young,2023,2023-04-26,55000,1282
TaylorCameron,2023,2023-05-20,55000,1283
snow on the beach,2023,2023-05-26,55000,1284
UECLfinal,2023,2023-06-07,55000,1285
Demichelis,2023,2023-08-09,55000,1286
KANA,2023,2023-12-11,55000,1287
صباح_الخير,2023,2023-01-31,54000,1288
Lazada22xGeminiFourth,2023,2023-02-01,54000,1289
Türkiyem,2023,2023-02-06,54000,1290
MayThe4thBeWithYou,2023,2023-05-04,54000,1291
Tigres,2023,2023-05-21,54000,1292
Mets,2023,2023-06-09,54000,1293
Marcus Smart,2023,2023-06-22,54000,1294
Bluesky,2023,2023-07-01,54000,1295
アップデート,2023,2023-07-29,54000,1296
甲子園決勝,2023,2023-08-23,54000,1297
Group F,2023,2023-08-31,54000,1298
Debate2023,2023,2023-10-09,54000,1299
しゅごキャラ,2023,2023-10-03,54000,1300
BizimÇocuklar,2023,2023-10-15,54000,1301
GHVIPSemifinal,2023,2023-12-21,54000,1302
Gareth Bale,2023,2023-01-09,53000,1303
Elisa,2023,2023-02-11,53000,1304
Goya2023,2023,2023-02-12,53000,1305
NocheCero,2023,2023-02-18,53000,1306
レモンポップ,2023,2023-02-19,53000,1307
SalarioRosaContinua,2023,2023-03-01,53000,1308
アルマゲドン,2023,2023-03-17,53000,1309
シャニマス5th_day1,2023,2023-03-18,53000,1310
JaYxYuuri_Cover_Collab,2023,2023-03-18,53000,1311
بنزيما,2023,2023-06-04,53000,1312
Raptors,2023,2023-04-13,53000,1313
Shotaro,2023,2023-05-24,53000,1314
Happy 8th,2023,2023-05-25,53000,1315
Modric,2023,2023-06-18,53000,1316
Ferka,2023,2023-06-26,53000,1317
ブラウザ,2023,2023-07-01,53000,1318
ウソ婚,2023,2023-07-18,53000,1319
ARSFUL,2023,2023-08-26,53000,1320
OccupyJulorbiHouse,2023,2023-09-21,53000,1321
Ryan Day,2023,2023-11-25,53000,1322
Ginny,2023,2023-01-06,52000,1323
Burt Bacharach,2023,2023-02-09,52000,1324
ApuracaoRJ,2023,2023-02-22,52000,1325
RCBvsLSG,2023,2023-04-10,52000,1326
jongin,2023,2023-05-03,52000,1327
Léo Pereira,2023,2023-05-21,52000,1328
ただできないといわれたら仕方がない,2023,2023-05-22,52000,1329
Happy New Month,2023,2023-06-01,52000,1330
VoleiNoSporTV,2023,2023-06-16,52000,1331
設営完了,2023,2023-12-30,52000,1332
ライコウ,2023,2023-08-08,52000,1333
バスケW杯2023,2023,2023-09-02,52000,1334
Achilles,2023,2023-09-12,52000,1335
PreEstreiaAFazenda,2023,2023-09-19,52000,1336
デコピン,2023,2023-12-15,52000,1337
ジャンフェス,2023,2023-12-16,52000,1338
Ivete,2023,2023-12-21,52000,1339
발렌타인데이,2023,2023-02-13,51000,1340
DAYTONA500,2023,2023-02-19,51000,1341
TSxCapitalOne,2023,2023-03-06,51000,1342
Always_x_DriedFlower,2023,2023-03-18,51000,1343
TierraDeNadie8,2023,2023-04-26,51000,1344
ミオリネ,2023,2023-05-07,51000,1345
あなたの子安武人はどこから,2023,2023-06-19,51000,1346
Asnawi,2023,2023-06-19,51000,1347
Rutte,2023,2023-07-07,51000,1348
Lavia,2023,2023-08-10,51000,1349
ほん怖,2023,2023-08-19,51000,1350
Sri Lanka,2023,2023-09-14,51000,1351
Petri,2023,2023-09-21,51000,1352
ベストナイン,2023,2023-11-27,51000,1353
M1グランプリ,2023,2023-12-24,51000,1354
SASUKE2023,2023,2023-12-27,51000,1355
Staley,2023,2023-01-15,50000,1356
AZN_LIVEday1,2023,2023-02-04,50000,1357
舞いあがれ,2023,2023-02-17,50000,1358
スピッツ,2023,2023-03-01,50000,1359
또있지또있지_런쥔이_생일,2023,2023-03-22,50000,1360
ZIP,2023,2023-03-27,50000,1361
Snoop,2023,2023-04-03,50000,1362
البليهي,2023,2023-12-01,50000,1363
LesFlammes2023,2023,2023-05-11,50000,1364
ソールオリエンス,2023,2023-05-28,50000,1365
Dear John,2023,2023-06-25,50000,1366
Deyverson,2023,2023-08-07,50000,1367
المغرب,2023,2023-09-09,50000,1368
HappyBirthdayRM,2023,2023-09-11,50000,1369
ヌヴィレット,2023,2023-09-27,50000,1370
LEO MONTH BEGINS,2023,2023-10-01,50000,1371
JACKANDJOKER,2023,2023-11-30,50000,1372
NEWMUN,2023,2023-12-02,50000,1373
PPKritThe1stFanMeeting,2023,2023-01-28,49000,1374
FebruaryStarJihyoDay,2023,2023-01-31,49000,1375
Garnacho,2023,2023-06-19,49000,1376
Raquel Welch,2023,2023-02-15,49000,1377
Dania,2023,2023-03-15,49000,1378
シャンパンファイト,2023,2023-03-22,49000,1379
LakeShow,2023,2023-05-13,49000,1380
Cássio,2023,2023-08-30,49000,1381
Karl Lagerfeld,2023,2023-05-01,49000,1382
SABRINA,2023,2023-06-02,49000,1383
Bragantino,2023,2023-06-23,49000,1384
McLaren,2023,2023-07-08,49000,1385
Eliana,2023,2023-08-08,49000,1386
Venita,2023,2023-09-10,49000,1387
Renê,2023,2023-09-28,49000,1388
StarAcademy,2023,2023-12-23,49000,1389
NuNew2ndSingle,2023,2023-11-26,49000,1390
ヴェルディ,2023,2023-12-02,49000,1391
Catalina,2023,2023-12-14,49000,1392
Maine,2023,2023-12-29,49000,1393
Ohio State,2023,2023-12-30,49000,1394
Dani Alves,2023,2023-01-20,48000,1395
amici22,2023,2023-05-06,48000,1396
Ferran,2023,2023-02-19,48000,1397
Dudu,2023,2023-04-09,48000,1398
Água Santa,2023,2023-04-09,48000,1399
JacksonWangCoachella,2023,2023-04-17,48000,1400
Jared Leto,2023,2023-05-02,48000,1401
バウアー,2023,2023-07-06,48000,1402
阪神タイガース,2023,2023-10-28,48000,1403
DayDay,2023,2023-06-05,48000,1404
Mitch,2023,2023-06-14,48000,1405
النصر_الاتحاد_المنستيري,2023,2023-07-31,48000,1406
الهلال_الوداد,2023,2023-08-02,48000,1407
Richarlison,2023,2023-09-09,48000,1408
WOLLIV,2023,2023-09-16,48000,1409
Fábio,2023,2023-10-05,48000,1410
Bielsa,2023,2023-11-17,48000,1411
Falcons,2023,2023-12-17,48000,1412
unprofessore2,2023,2023-12-21,48000,1413
Grizzlies,2023,2023-01-21,47000,1414
仮面ライダーギーツ,2023,2023-02-12,47000,1415
PulwamaAttack,2023,2023-02-14,47000,1416
松本零士先生,2023,2023-02-20,47000,1417
ضمك_النصر,2023,2023-02-25,47000,1418
LEIARS,2023,2023-02-25,47000,1419
만우절 기념,2023,2023-03-31,47000,1420
カリオストロ,2023,2023-05-05,47000,1421
SVGala14,2023,2023-06-02,47000,1422
アリエル,2023,2023-06-02,47000,1423
Stanley Cup,2023,2023-06-14,47000,1424
William Friedkin,2023,2023-08-07,47000,1425
Trey Lance,2023,2023-08-26,47000,1426
Bruninho,2023,2023-09-11,47000,1427
カワカミプリンセス,2023,2023-09-12,47000,1428
FactCheck2ndWin,2023,2023-10-13,47000,1429
Ceballos,2023,2023-01-20,46000,1430
Budget2023,2023,2023-02-01,46000,1431
الاهلي_ريال_مدريد,2023,2023-02-08,46000,1432
まことお兄さん,2023,2023-02-20,46000,1433
タイトルホルダー,2023,2023-03-25,46000,1434
Shiv,2023,2023-05-08,46000,1435
talkwithbecky,2023,2023-05-12,46000,1436
ラプラス生誕祭2023,2023,2023-05-25,46000,1437
リトルマーメイド,2023,2023-06-02,46000,1438
Billkin04NovImpactArena,2023,2023-06-27,46000,1439
相葉マナブ,2023,2023-07-09,46000,1440
Solari,2023,2023-08-02,46000,1441
Faustão,2023,2023-08-28,46000,1442
HYUNJIN_RUSHREMIX,2023,2023-08-31,46000,1443
ホーキンソン,2023,2023-09-02,46000,1444
港区女子,2023,2023-10-03,46000,1445
AMINAjaDulu,2023,2023-10-19,46000,1446
ラモーヌ,2023,2023-10-19,46000,1447
INDvsSA,2023,2023-11-05,46000,1448
GSvMUN,2023,2023-11-29,46000,1449
ラウール,2023,2023-12-06,46000,1450
Ariel,2023,2023-01-05,45000,1451
Bucks,2023,2023-02-15,45000,1452
EmbraceEquity,2023,2023-03-08,45000,1453
Princeton,2023,2023-03-17,45000,1454
UCLA,2023,2023-03-24,45000,1455
Rhea,2023,2023-04-02,45000,1456
HanumanJayanti,2023,2023-04-06,45000,1457
カミオト,2023,2023-06-03,45000,1458
oneสนั่นจอ2023xซีพฤกษ์,2023,2023-06-20,45000,1459
shindanmaker,2023,2023-07-07,45000,1460
karlie,2023,2023-08-10,45000,1461
山本由伸,2023,2023-11-04,45000,1462
Zinchenko,2023,2023-12-23,45000,1463
Vijayakanth,2023,2023-12-28,45000,1464
ヨハンナ,2023,2023-02-04,44000,1465
Brits2023,2023,2023-02-12,44000,1466
Hamza,2023,2023-02-17,44000,1467
ハーツクライ,2023,2023-03-10,44000,1468
MarchMadness,2023,2023-03-16,44000,1469
Trent,2023,2023-04-17,44000,1470
SmileAgain,2023,2023-05-24,44000,1471
Thaisa,2023,2023-06-16,44000,1472
メリュジーヌ,2023,2023-08-15,44000,1473
らでん初配信,2023,2023-09-10,44000,1474
ONEDAY,2023,2023-10-09,44000,1475
Lolla,2023,2023-11-07,44000,1476
ゲマズライブ2023,2023,2023-11-23,44000,1477
二度と撮れない画像を貼れ,2023,2023-11-25,44000,1478
ドジャース,2023,2023-12-09,44000,1479
和牛解散,2023,2023-12-12,44000,1480
Rams,2023,2023-09-26,43000,1481
Hayırlı Cumalar,2023,2023-01-20,43000,1482
決戦ロマサガRS,2023,2023-02-23,43000,1483
スクフェス,2023,2023-04-15,43000,1484
DPRCHELLA,2023,2023-04-17,43000,1485
公式マーク,2023,2023-04-21,43000,1486
Sterling,2023,2023-05-02,43000,1487
Serbia,2023,2023-05-13,43000,1488
水着キャストリア,2023,2023-07-29,43000,1489
KomisyondaAdilOlTFF,2023,2023-08-02,43000,1490
स्वतंत्रता_दिवस,2023,2023-08-15,43000,1491
아기두목_박지효_솔로데뷔,2023,2023-08-18,43000,1492
ختام_الاستديو,2023,2023-08-28,43000,1493
AskSRK,2023,2023-09-03,43000,1494
EstreiaAFazenda,2023,2023-09-20,43000,1495
SHOxRIEHATA,2023,2023-09-25,43000,1496
DJ Moore,2023,2023-10-06,43000,1497
Martinelli,2023,2023-12-29,43000,1498
الاهلي_ضمك,2023,2023-11-09,43000,1499
ククルカン,2023,2023-02-07,42000,1500
Bournemouth,2023,2023-03-04,42000,1501
Kawhi,2023,2023-04-17,42000,1502
Nolan Smith,2023,2023-04-28,42000,1503
Hopkins,2023,2023-05-26,42000,1504
Alcaraz,2023,2023-07-14,42000,1505
なでしこジャパン,2023,2023-08-11,42000,1506
ErkinKoray,2023,2023-08-07,42000,1507
Medvedev,2023,2023-09-09,42000,1508
Sam Altman,2023,2023-11-18,42000,1509
Jags,2023,2023-01-08,41000,1510
予約ツイート,2023,2023-02-08,41000,1511
Gonzaga,2023,2023-03-24,41000,1512
ジャンプチ5周年,2023,2023-03-28,41000,1513
สามล้านหกตกหลุมรักซี,2023,2023-06-14,41000,1514
リスイン,2023,2023-07-02,41000,1515
ゴジラ-1.0,2023,2023-07-12,41000,1516
Robbie Robertson,2023,2023-08-10,41000,1517
スウェーデン,2023,2023-08-11,41000,1518
小倉記念,2023,2023-08-13,41000,1519
運転再開,2023,2023-08-16,41000,1520
Fantastico,2023,2023-08-21,41000,1521
SAvsNED,2023,2023-10-17,41000,1522
Nadja,2023,2023-11-29,41000,1523
Staracademy,2023,2023-12-09,41000,1524
黄金のワンスプーン,2023,2023-12-23,41000,1525
ARSWHU,2023,2023-12-29,41000,1526
wk17,2023,2023-01-04,40000,1527
imas_ml_9th_day1,2023,2023-01-14,40000,1528
روما,2023,2023-03-10,40000,1529
NintendoDirect,2023,2023-02-08,40000,1530
DieForYouRemix,2023,2023-02-24,40000,1531
R1グランプリ,2023,2023-03-04,40000,1532
ジャンプチ検定,2023,2023-03-28,40000,1533
回答時間,2023,2023-03-28,40000,1534
スターズオンアース,2023,2023-04-02,40000,1535
SuccessionHBO,2023,2023-04-10,40000,1536
ハマダ歌謡祭,2023,2023-04-14,40000,1537
Watkins,2023,2023-09-30,40000,1538
Franklin,2023,2023-04-20,40000,1539
PMSDraftSpectacular,2023,2023-04-28,40000,1540
TwitterDown,2023,2023-07-01,40000,1541
CRYARS,2023,2023-08-21,40000,1542
Mr. President,2023,2023-08-25,40000,1543
Bob Barker,2023,2023-08-26,40000,1544
FELIXxPFW23,2023,2023-09-30,40000,1545
LVSS24,2023,2023-09-30,40000,1546
平野紫耀,2023,2023-11-12,40000,1547
ちーちゃん,2023,2023-12-12,40000,1548
キャスターな会,2023,2023-01-14,39000,1549
borsadaislemleriptaledilsin,2023,2023-02-08,39000,1550
ゲルテナ展,2023,2023-02-10,39000,1551
ゆういちろう,2023,2023-02-20,39000,1552
バナナサンド,2023,2023-03-07,39000,1553
Jonathan Majors,2023,2023-03-26,39000,1554
Marrocos,2023,2023-03-26,39000,1555
IRLFRA,2023,2023-03-27,39000,1556
OLOM,2023,2023-04-23,39000,1557
Bolaños,2023,2023-05-02,39000,1558
Kendrick,2023,2023-05-20,39000,1559
Tim Scott,2023,2023-05-22,39000,1560
大雨警報,2023,2023-06-02,39000,1561
フィルム,2023,2023-06-20,39000,1562
WarismConcert,2023,2023-08-05,39000,1563
Don3,2023,2023-08-09,39000,1564
ジェラミー,2023,2023-09-17,39000,1565
ネギガナイト,2023,2023-09-27,39000,1566
Lina,2023,2023-11-21,39000,1567
HBO Max,2023,2023-01-16,38000,1568
26january,2023,2023-01-26,38000,1569
素のまんま,2023,2023-12-14,38000,1570
Ibarra,2023,2023-03-20,38000,1571
SMCUEp3_Girls,2023,2023-02-23,38000,1572
Karius,2023,2023-02-26,38000,1573
ビッグラン,2023,2023-03-04,38000,1574
YenidenErdoğanKazanacak,2023,2023-03-06,38000,1575
Wrexham,2023,2023-04-10,38000,1576
حجازي,2023,2023-04-23,38000,1577
ROGER GUEDES,2023,2023-05-29,38000,1578
slowにアイして,2023,2023-05-01,38000,1579
エンゼルス,2023,2023-06-25,38000,1580
vingadores,2023,2023-07-18,38000,1581
ジュラルドン,2023,2023-08-08,38000,1582
Venus,2023,2023-09-07,38000,1583
Jalen,2023,2023-10-16,38000,1584
RaftaSiyonistİstemiyoruz,2023,2023-11-02,38000,1585
MUNLUT,2023,2023-11-11,38000,1586
紅白歌合戦,2023,2023-11-13,38000,1587
الاتحاد_الرايد,2023,2023-12-23,38000,1588
EastEnders,2023,2023-12-25,38000,1589
ElectricityShutDown,2023,2023-01-23,37000,1590
HappyValley,2023,2023-02-06,37000,1591
SalarioRosaEsUnaRealidad,2023,2023-02-09,37000,1592
akamemorialservice,2023,2023-02-17,37000,1593
Caxias,2023,2023-03-27,37000,1594
グエルくん,2023,2023-05-07,37000,1595
ノッポさん,2023,2023-05-10,37000,1596
シャディク,2023,2023-05-28,37000,1597
Chris Paul,2023,2023-06-07,37000,1598
bbcqt,2023,2023-06-23,37000,1599
Busta,2023,2023-06-26,37000,1600
IRIAMメンテ中のフォロー祭り,2023,2023-06-27,37000,1601
Rochet,2023,2023-08-09,37000,1602
มาตาลดาep20,2023,2023-08-14,37000,1603
سافيتش,2023,2023-09-01,37000,1604
ENGvRSA,2023,2023-10-21,37000,1605
セイレーン,2023,2023-11-26,37000,1606
スノハレ,2023,2023-12-10,37000,1607
Felipe Melo,2023,2023-12-22,37000,1608
ARSNEW,2023,2023-01-03,36000,1609
SaintLaurentxTEN,2023,2023-01-31,36000,1610
EliminationChamber,2023,2023-02-19,36000,1611
ぱかライブTV,2023,2023-02-22,36000,1612
SnowfallFX,2023,2023-04-20,36000,1613
WATCH SMCU EP3 NOW,2023,2023-02-23,36000,1614
自分の誕生日と同じ図鑑Noのポケモン,2023,2023-03-08,36000,1615
能登半島,2023,2023-05-05,36000,1616
サッカー日本代表,2023,2023-09-12,36000,1617
Quavo,2023,2023-06-26,36000,1618
TOBE七夕_私の願い,2023,2023-07-07,36000,1619
キャリバーン,2023,2023-07-15,36000,1620
Rojas,2023,2023-08-09,36000,1621
Yiens30thMark,2023,2023-09-04,36000,1622
獅白ぼたん生誕祭2023,2023,2023-09-08,36000,1623
SupportZNNwithTKN,2023,2023-09-26,36000,1624
INDvsNED,2023,2023-11-12,36000,1625
Juliana,2023,2023-12-14,36000,1626
GusMuhaimin,2023,2023-01-04,35000,1627
Madonna,2023,2023-01-17,35000,1628
Yarde,2023,2023-01-29,35000,1629
Mallorca,2023,2023-02-05,35000,1630
John Wall,2023,2023-02-09,35000,1631
WayV_Phantom_in_BANGKOK,2023,2023-03-05,35000,1632
目黒蓮,2023,2023-05-08,35000,1633
WTCFinal,2023,2023-06-07,35000,1634
サザン45,2023,2023-06-25,35000,1635
Tyrique,2023,2023-07-04,35000,1636
حسان_هلالي,2023,2023-08-21,35000,1637
جيسوس,2023,2023-09-01,35000,1638
SZ_本音と建前,2023,2023-09-18,35000,1639
ケンタッキー,2023,2023-10-04,35000,1640
Sebastian,2023,2023-11-23,35000,1641
Trippier,2023,2023-12-20,35000,1642
ゆくマスくるマス2023視聴中,2023,2023-12-25,35000,1643
دياز,2023,2023-01-26,34000,1644
SuperFesTON,2023,2023-02-11,34000,1645
cgよまつり,2023,2023-03-02,34000,1646
Austin Reaves,2023,2023-03-20,34000,1647
吸血鬼すぐ死ぬ2,2023,2023-03-27,34000,1648
Ramirez,2023,2023-04-07,34000,1649
Wiggins,2023,2023-04-16,34000,1650
Gundogan,2023,2023-05-14,34000,1651
Pied Piper,2023,2023-06-03,34000,1652
柱稽古編,2023,2023-06-18,34000,1653
パリ五輪出場決定,2023,2023-09-02,34000,1654
ヤクルト,2023,2023-09-03,34000,1655
Fernando Botero,2023,2023-09-15,34000,1656
jjk236,2023,2023-09-20,34000,1657
الاتحاد_القوه_الجويه,2023,2023-10-23,34000,1658
WayV_4thAnniversary,2023,2023-01-16,33000,1659
ساعه_استجابه,2023,2023-06-02,33000,1660
TFCOM,2023,2023-02-19,33000,1661
金スマ,2023,2023-03-24,33000,1662
finalbbb23,2023,2023-04-26,33000,1663
asgariücret,2023,2023-06-20,33000,1664
ミスキー,2023,2023-07-02,33000,1665
ÖzkanUğur,2023,2023-07-08,33000,1666
Rayados,2023,2023-08-12,33000,1667
プログノーシス,2023,2023-08-20,33000,1668
プロセカもうすぐ3周年,2023,2023-09-27,33000,1669
WE LOVE YOU FREEN,2023,2023-10-28,33000,1670
Chris Wood,2023,2023-12-26,33000,1671
あの頃からわたしたちは,2023,2023-12-26,33000,1672
HarryTheInterview,2023,2023-01-09,32000,1673
メンテの日なのでssを貼る,2023,2023-01-17,32000,1674
Giannis,2023,2023-04-25,32000,1675
予約投稿,2023,2023-02-08,32000,1676
雪だるま,2023,2023-02-10,32000,1677
SatishKaushik,2023,2023-03-09,32000,1678
Temblor,2023,2023-03-10,32000,1679
WBC準々決勝,2023,2023-03-16,32000,1680
Wes Anderson,2023,2023-03-29,32000,1681
スッキリ,2023,2023-03-31,32000,1682
JuveInter,2023,2023-04-05,32000,1683
AloneVideo,2023,2023-05-02,32000,1684
Austria,2023,2023-05-11,32000,1685
修学旅行,2023,2023-05-16,32000,1686
Maracanã,2023,2023-08-11,32000,1687
Barbieri,2023,2023-06-06,32000,1688
ロッキン,2023,2023-06-07,32000,1689
ロックの日,2023,2023-06-09,32000,1690
faizkararı,2023,2023-06-22,32000,1691
SVSemifinal,2023,2023-06-23,32000,1692
ThreeManDown,2023,2023-06-30,32000,1693
789SURVIVALEP7,2023,2023-07-07,32000,1694
Twitter調子,2023,2023-07-15,32000,1695
Derrick Lewis,2023,2023-07-30,32000,1696
ONEPIECE1072,2023,2023-08-13,32000,1697
マジック1,2023,2023-09-13,32000,1698
1989TaylorsVersionVault,2023,2023-09-20,32000,1699
男子バレー,2023,2023-09-30,32000,1700
TellUSNicki,2023,2023-11-08,32000,1701
岩本照,2023,2023-11-13,32000,1702
McTominay,2023,2023-12-30,32000,1703
ヘリオス,2023,2023-01-19,31000,1704
トップガン,2023,2023-01-25,31000,1705
ليله_طلال_مداح,2023,2023-02-01,31000,1706
Cam Thomas,2023,2023-02-07,31000,1707
超人間要塞ヒロシ戦記,2023,2023-02-13,31000,1708
シルヴァーソニック,2023,2023-02-25,31000,1709
WorldBookDay,2023,2023-03-02,31000,1710
オーストラリア,2023,2023-03-09,31000,1711
해피믕믕데이_지훈아_생일축하해,2023,2023-03-13,31000,1712
14MartTıpBayramı,2023,2023-03-14,31000,1713
ヒプアニ2期,2023,2023-03-25,31000,1714
Chief Keef,2023,2023-04-23,31000,1715
Sálvame,2023,2023-05-05,31000,1716
Usher,2023,2023-05-06,31000,1717
エアリアル,2023,2023-05-07,31000,1718
Bedard,2023,2023-05-09,31000,1719
Tristan Thompson,2023,2023-05-23,31000,1720
TSmidnighTS,2023,2023-05-26,31000,1721
ウルショ祭り,2023,2023-06-06,31000,1722
SHAWN,2023,2023-06-09,31000,1723
Manzur,2023,2023-06-22,31000,1724
生クリームの会_セクゾ,2023,2023-07-15,31000,1725
最高の教師,2023,2023-07-15,31000,1726
अब्दुल कलाम,2023,2023-07-28,31000,1727
みんなで翔べ鑑賞会,2023,2023-07-30,31000,1728
Sammy,2023,2023-07-31,31000,1729
みんなもそうなら愛の賜物,2023,2023-08-14,31000,1730
ハイキューの日2023,2023,2023-08-19,31000,1731
THEGIRLS,2023,2023-08-23,31000,1732
めざましライブ,2023,2023-08-27,31000,1733
OperacionChileCHV,2023,2023-09-06,31000,1734
いちばんすきな花,2023,2023-11-23,31000,1735
baystars,2023,2023-10-14,31000,1736
Manchin,2023,2023-11-09,31000,1737
Monopoly,2023,2023-11-14,31000,1738
Grealish,2023,2023-12-03,31000,1739
ヤーレンズ,2023,2023-12-07,31000,1740
njpw,2023,2023-01-04,30000,1741
クラシックTV,2023,2023-01-05,30000,1742
9TahunUUDesa,2023,2023-01-14,30000,1743
Ziyech,2023,2023-01-30,30000,1744
アズ生ロイヤルSP,2023,2023-02-20,30000,1745
猫又おかゆ2023生誕祭Live,2023,2023-02-22,30000,1746
F1Testing,2023,2023-02-23,30000,1747
INDvAUS,2023,2023-03-22,30000,1748
BhagatSingh,2023,2023-03-23,30000,1749
ジャックドール,2023,2023-04-02,30000,1750
Rahane,2023,2023-04-08,30000,1751
Shakur,2023,2023-11-17,30000,1752
ILUVmyHOSHIday,2023,2023-06-14,30000,1753
トレード,2023,2023-07-18,30000,1754
Qatar,2023,2023-07-03,30000,1755
モンスト10周年,2023,2023-07-11,30000,1756
PROXIE_The1stConcert,2023,2023-07-15,30000,1757
Cabrera,2023,2023-07-30,30000,1758
ブロック廃止,2023,2023-08-19,30000,1759
Minnesota,2023,2023-09-01,30000,1760
Mリーグ,2023,2023-09-18,30000,1761
真夏のシンデレラ,2023,2023-09-18,30000,1762
キュラソー,2023,2023-09-23,30000,1763
السعوديه_مالي,2023,2023-10-17,30000,1764
NIKKE1周年記念生放送,2023,2023-10-27,30000,1765
ARSBUR,2023,2023-11-11,30000,1766
マイハル,2023,2023-12-12,30000,1767
マユリカ,2023,2023-12-07,30000,1768
John Kennedy,2023,2023-12-18,30000,1769
SanremoGiovani,2023,2023-12-20,30000,1770
あんたの夢をかなえたろかSP,2023,2023-01-09,29000,1771
BlackHistoryMonth,2023,2023-02-01,29000,1772
ジェリー,2023,2023-02-10,29000,1773
スペイン村,2023,2023-02-11,29000,1774
Portela,2023,2023-02-21,29000,1775
Shining314JihoonDay,2023,2023-03-13,29000,1776
WBC準決勝,2023,2023-03-20,29000,1777
タッキー,2023,2023-03-21,29000,1778
ITAENG,2023,2023-03-23,29000,1779
佐々木朗希,2023,2023-04-14,29000,1780
JuveNapoli,2023,2023-04-23,29000,1781
Adara,2023,2023-04-26,29000,1782
Fortaleza,2023,2023-04-29,29000,1783
Jamal Murray,2023,2023-05-19,29000,1784
Kendall,2023,2023-05-01,29000,1785
Dourado,2023,2023-05-11,29000,1786
Panthers,2023,2023-06-14,29000,1787
MemurHakkınıAlamıyor,2023,2023-06-15,29000,1788
SingaporeTSTheErasTour,2023,2023-07-05,29000,1789
TeamInfierno,2023,2023-07-10,29000,1790
Trossard,2023,2023-07-28,29000,1791
Morocco,2023,2023-08-03,29000,1792
InternationalYouthDay,2023,2023-08-12,29000,1793
FinalSurvivorMx,2023,2023-08-26,29000,1794
カラオケバトル,2023,2023-09-03,29000,1795
Stroll,2023,2023-09-16,29000,1796
Grasso,2023,2023-09-17,29000,1797
櫻坂46_承認欲求,2023,2023-09-25,29000,1798
WangYibo_CHANELSS24,2023,2023-10-03,29000,1799
Kershaw,2023,2023-10-08,29000,1800
IndiaVsNewZealand,2023,2023-11-15,29000,1801
原神CP,2023,2023-12-28,29000,1802
Rony,2023,2023-02-17,28000,1803
Camilo,2023,2023-02-25,28000,1804
ليله_الجمعه,2023,2023-03-10,28000,1805
Fringe,2023,2023-03-17,28000,1806
PomemYedeklere5Bin,2023,2023-03-27,28000,1807
Travessia,2023,2023-04-29,28000,1808
SZ_Cream,2023,2023-05-01,28000,1809
君の声が聴きたい,2023,2023-05-12,28000,1810
Bowen,2023,2023-06-07,28000,1811
ブルプロ,2023,2023-06-14,28000,1812
モバイルSuica,2023,2023-06-24,28000,1813
ドゥルガー,2023,2023-06-25,28000,1814
holoENConnect,2023,2023-07-03,28000,1815
あなたの1票,2023,2023-07-11,28000,1816
排出対象,2023,2023-07-11,28000,1817
Disneyiptalet,2023,2023-08-01,28000,1818
白銀ノエル4周年,2023,2023-08-08,28000,1819
グラブル配布の日,2023,2023-08-12,28000,1820
Leao,2023,2023-09-19,28000,1821
GHVIPDBT5,2023,2023-10-15,28000,1822
RHOP,2023,2023-11-06,28000,1823
AusOpen,2023,2023-01-17,27000,1824
LaIslaDeLasTentaciones3,2023,2023-02-07,27000,1825
Jailson,2023,2023-04-06,27000,1826
OurMiracleWendyDay,2023,2023-02-20,27000,1827
우리_승완이_생일축하해_사랑해_고마워,2023,2023-02-20,27000,1828
Neto,2023,2023-03-01,27000,1829
不可解参想,2023,2023-03-04,27000,1830
FCBBVB,2023,2023-04-01,27000,1831
SDSU,2023,2023-04-04,27000,1832
TierraDeNadie5,2023,2023-04-05,27000,1833
わたしのお嫁くん,2023,2023-04-12,27000,1834
インライ,2023,2023-05-05,27000,1835
オーギュストロダン,2023,2023-06-03,27000,1836
DiabloRTX,2023,2023-06-06,27000,1837
ElGranChefFamosos,2023,2023-06-22,27000,1838
Ashes23,2023,2023-07-02,27000,1839
平野紫耀_質問の箱,2023,2023-07-17,27000,1840
Veiga,2023,2023-08-03,27000,1841
Monterrey,2023,2023-08-12,27000,1842
BLACKPINK_THE_GAME,2023,2023-08-23,27000,1843
الشوط الثاني,2023,2023-09-01,27000,1844
Mac Jones,2023,2023-10-02,27000,1845
RyderCup,2023,2023-09-29,27000,1846
ブギウギ,2023,2023-10-02,27000,1847
jjk238,2023,2023-10-04,27000,1848
愛し生きること_TV初披露,2023,2023-11-06,27000,1849
永遠の命,2023,2023-11-08,27000,1850
コンパスヒーローチャレンジ,2023,2023-12-11,27000,1851
DebatCapres,2023,2023-12-12,27000,1852
Survivor45,2023,2023-12-21,27000,1853
中山大障害,2023,2023-12-23,27000,1854
Mステ最強ソング,2023,2023-01-13,26000,1855
MakarSankranti,2023,2023-01-14,26000,1856
櫻坂46桜月,2023,2023-01-25,26000,1857
LaIslaDeLasTentaciones2,2023,2023-01-31,26000,1858
Partey,2023,2023-02-15,26000,1859
DOMITILA MERECE UM CARRO,2023,2023-03-10,26000,1860
Gobert,2023,2023-04-09,26000,1861
Sosa,2023,2023-04-23,26000,1862
25aprile,2023,2023-04-25,26000,1863
StarWarsDay,2023,2023-05-04,26000,1864
David Luiz,2023,2023-05-13,26000,1865
メダリストアニメ化,2023,2023-05-18,26000,1866
ファントムシーフ,2023,2023-05-28,26000,1867
glastonbury2023,2023,2023-06-24,26000,1868
CRカップ,2023,2023-06-25,26000,1869
MeraBoothSabseMazboot,2023,2023-06-27,26000,1870
Elom,2023,2023-07-12,26000,1871
メンテ延長,2023,2023-08-11,26000,1872
Niners,2023,2023-10-09,26000,1873
CHANYEOL_THE_ETERNITYinBKK,2023,2023-10-28,26000,1874
MAGICWORD_TV初披露,2023,2023-11-06,26000,1875
GTA VI,2023,2023-12-05,26000,1876
通信障害,2023,2023-12-11,26000,1877
Brandon Staley,2023,2023-12-15,26000,1878
ラクレス,2023,2023-12-17,26000,1879
LIVWOL,2023,2023-01-08,25000,1880
Pedri,2023,2023-01-08,25000,1881
BigDay,2023,2023-01-12,25000,1882
マーニー,2023,2023-01-13,25000,1883
Hulk,2023,2023-02-14,25000,1884
メイショウハリオ,2023,2023-02-19,25000,1885
UFCLasVegas,2023,2023-03-12,25000,1886
selfelaketi,2023,2023-03-15,25000,1887
KohLanta,2023,2023-05-30,25000,1888
Chito,2023,2023-03-26,25000,1889
Benito,2023,2023-04-15,25000,1890
スパイダーマン,2023,2023-05-16,25000,1891
Wesley,2023,2023-06-09,25000,1892
TrumpIndicted,2023,2023-06-09,25000,1893
ペルソナ,2023,2023-06-09,25000,1894
Cebolinha,2023,2023-09-03,25000,1895
Medina,2023,2023-07-03,25000,1896
くら寿司,2023,2023-07-03,25000,1897
Volk,2023,2023-07-09,25000,1898
José Luis Perales,2023,2023-08-07,25000,1899
ファミマでウマ娘,2023,2023-08-22,25000,1900
Morena,2023,2023-09-07,25000,1901
EminSoyyiğitTutuklansın,2023,2023-09-20,25000,1902
鏡の大迷宮,2023,2023-09-22,25000,1903
Gibbs,2023,2023-09-29,25000,1904
スモール3,2023,2023-09-30,25000,1905
AEWWrestleDream,2023,2023-10-02,25000,1906
ShoHirano,2023,2023-11-12,25000,1907
Wettendass,2023,2023-11-25,25000,1908
ImACeleb,2023,2023-12-05,25000,1909
Hakkari,2023,2023-12-22,25000,1910
デレステ,2023,2023-12-30,25000,1911
SONGSOFTOKYO,2023,2023-01-02,24000,1912
クマフェス,2023,2023-02-18,24000,1913
ZETAWIN,2023,2023-05-14,24000,1914
OurFairyYeriDay,2023,2023-03-04,24000,1915
カラフェス,2023,2023-03-29,24000,1916
Arda,2023,2023-04-10,24000,1917
Maratea,2023,2023-04-27,24000,1918
AI絵師,2023,2023-05-01,24000,1919
アークナイツ春感謝祭2023,2023,2023-05-15,24000,1920
TierraDeNadie11,2023,2023-05-17,24000,1921
せと打って出てきたものがお前に不足,2023,2023-06-07,24000,1922
エルサルバドル,2023,2023-06-15,24000,1923
POLGER,2023,2023-06-16,24000,1924
Yuri Alberto,2023,2023-10-20,24000,1925
عيد_اضحي_مبارك,2023,2023-06-28,24000,1926
めざましテレビ,2023,2023-07-10,24000,1927
LIVBOU,2023,2023-08-19,24000,1928
神村学園,2023,2023-08-21,24000,1929
हिंदी_दिवस,2023,2023-09-14,24000,1930
EngineersDay,2023,2023-09-15,24000,1931
エデン組,2023,2023-09-16,24000,1932
ImranRiazKhan,2023,2023-09-25,24000,1933
TOBEDOME,2023,2023-12-16,24000,1934
ジャニーズWESTのPOWER,2023,2023-01-27,23000,1935
スシローを救いたい,2023,2023-02-02,23000,1936
Arribas,2023,2023-02-08,23000,1937
Weareyoung,2023,2023-02-13,23000,1938
MondayMotivation,2023,2023-06-26,23000,1939
中丸くん,2023,2023-03-27,23000,1940
HAPPY27th_CHAEUNWOO,2023,2023-03-29,23000,1941
CSKvsMI,2023,2023-04-08,23000,1942
Irina,2023,2023-04-17,23000,1943
SVGala8,2023,2023-04-20,23000,1944
FCNTFC,2023,2023-04-29,23000,1945
Ivan Toney,2023,2023-05-17,23000,1946
genlossfinale,2023,2023-05-29,23000,1947
キスマイ,2023,2023-06-07,23000,1948
TaylorLopez,2023,2023-06-11,23000,1949
VegasBorn,2023,2023-06-14,23000,1950
DestinyClinicZeeNuNew,2023,2023-07-16,23000,1951
NanaNu1stAnniversary,2023,2023-07-31,23000,1952
LegadosEdomex,2023,2023-08-16,23000,1953
يوم_Iلجمعه,2023,2023-08-25,23000,1954
الشوط الاول,2023,2023-09-01,23000,1955
こっち向いてよ向井くん,2023,2023-09-13,23000,1956
Liella,2023,2023-09-16,23000,1957
デカレンジャー,2023,2023-10-18,23000,1958
Amici23,2023,2023-10-29,23000,1959
しるこサンド,2023,2023-11-06,23000,1960
Ramsdale,2023,2023-12-05,23000,1961
GlobalStarDKDay,2023,2023-01-02,22000,1962
Vieira,2023,2023-01-09,22000,1963
BecasEdomex,2023,2023-01-11,22000,1964
ナミュール,2023,2023-02-05,22000,1965
Brandon Miller,2023,2023-02-23,22000,1966
HOTJAPAN,2023,2023-02-27,22000,1967
ハイパーインフレーション,2023,2023-03-16,22000,1968
MareFuori3,2023,2023-03-23,22000,1969
RahulGandhi,2023,2023-03-23,22000,1970
世界のサカモト,2023,2023-04-02,22000,1971
がん闘病力尽く,2023,2023-04-02,22000,1972
poze,2023,2023-04-28,22000,1973
ルーヴル,2023,2023-05-15,22000,1974
PumpRules,2023,2023-05-18,22000,1975
Carvajal,2023,2023-06-18,22000,1976
七夕の短冊メーカー,2023,2023-07-07,22000,1977
SideMFANCOMLIVE_BP,2023,2023-07-09,22000,1978
سافيتش_هلالي,2023,2023-07-12,22000,1979
少年たち,2023,2023-07-18,22000,1980
RHOA,2023,2023-08-28,22000,1981
LaCasaDeLosFamosoMx,2023,2023-07-31,22000,1982
Southampton,2023,2023-08-04,22000,1983
ミコケル,2023,2023-08-15,22000,1984
Lucas Moura,2023,2023-08-17,22000,1985
Southgate,2023,2023-09-09,22000,1986
BeyondFast,2023,2023-09-19,22000,1987
الاتحاد_الحزم,2023,2023-10-26,22000,1988
モダニア目指せ世界トレンド1位,2023,2023-10-27,22000,1989
Paramore,2023,2023-11-07,22000,1990
amici23,2023,2023-12-10,22000,1991
말도안돼_27번째_동탄절이야,2023,2023-01-02,21000,1992
RBDISBACK,2023,2023-01-20,21000,1993
ハイカラシティ,2023,2023-02-08,21000,1994
リバーサルオーケストラ,2023,2023-02-15,21000,1995
AmasDeCasaMexiquenses,2023,2023-02-17,21000,1996
喋る女御殿,2023,2023-02-20,21000,1997
Burnley,2023,2023-04-07,21000,1998
テロリスト,2023,2023-04-15,21000,1999
イロゴトシ,2023,2023-04-15,21000,2000
合理的にあり得ない,2023,2023-04-17,21000,2001
Marinho,2023,2023-04-20,21000,2002
المعيوف,2023,2023-04-23,21000,2003
SVT_SUPER_COMEBACK,2023,2023-04-24,21000,2004
DiaDelTrabajador,2023,2023-05-01,21000,2005
イニエスタ,2023,2023-05-25,21000,2006
การเดินทางที่สวยงาม_MV,2023,2023-05-25,21000,2007
Scottie,2023,2023-05-27,21000,2008
Luka Romero,2023,2023-05-27,21000,2009
シナモン,2023,2023-06-11,21000,2010
Arboleda,2023,2023-06-11,21000,2011
CapcomShowcase,2023,2023-06-12,21000,2012
DGSS24xDOYOUNG,2023,2023-06-17,21000,2013
白上フブキビジュメンテ,2023,2023-06-24,21000,2014
TheBachelorette,2023,2023-08-22,21000,2015
山田裕貴,2023,2023-07-05,21000,2016
Ponchito,2023,2023-07-14,21000,2017
UFCVegas77,2023,2023-07-16,21000,2018
Vingegaard,2023,2023-07-18,21000,2019
モルガン,2023,2023-07-29,21000,2020
TrumpArraignment,2023,2023-08-03,21000,2021
桑原和男,2023,2023-08-10,21000,2022
jjk232,2023,2023-08-17,21000,2023
LUCAS AL 3331,2023,2023-08-18,21000,2024
Livinho,2023,2023-08-27,21000,2025
UFCNoche,2023,2023-09-17,21000,2026
RatIdol3D,2023,2023-10-01,21000,2027
ベイクドモチョチョ,2023,2023-11-08,21000,2028
Hernan,2023,2023-12-14,21000,2029
ダイハツ,2023,2023-12-20,21000,2030
Mizzou,2023,2023-12-30,21000,2031
HereWeGo,2023,2023-01-02,20000,2032
超プロ野球ULTRA,2023,2023-01-08,20000,2033
Hines,2023,2023-01-08,20000,2034
حساب_المواطن,2023,2023-01-09,20000,2035
R3LIVE_day1,2023,2023-01-14,20000,2036
Juventus,2023,2023-01-20,20000,2037
Mascherano,2023,2023-01-28,20000,2038
カブトボーグ,2023,2023-02-27,20000,2039
日本人初快挙,2023,2023-04-02,20000,2040
健スペ,2023,2023-04-03,20000,2041
Malone,2023,2023-04-15,20000,2042
神ちゃん,2023,2023-04-16,20000,2043
LIVBRE,2023,2023-05-06,20000,2044
Deji,2023,2023-06-22,20000,2045
SHINee_is_Back_HARD,2023,2023-06-26,20000,2046
샤이니_HARD하게_가보자고,2023,2023-06-26,20000,2047
クラファン,2023,2023-08-07,20000,2048
トップナイフ,2023,2023-08-20,20000,2049
Clemson,2023,2023-09-05,20000,2050
Jimmy G,2023,2023-09-25,20000,2051
راموس,2023,2023-09-30,20000,2052
Schiaretti,2023,2023-10-09,20000,2053
ジョディ先生,2023,2023-10-24,20000,2054
ナガノ先生,2023,2023-11-26,20000,2055
GuruNanakJayanti,2023,2023-11-27,20000,2056
半額ケーキ,2023,2023-12-25,20000,2057
secayeronlascaretas,2023,2023-01-05,19000,2058
MUNEVE,2023,2023-01-06,19000,2059
Okay_BSS_Fighting,2023,2023-02-06,19000,2060
Chris Stapleton,2023,2023-02-13,19000,2061
目黒蓮誕生祭,2023,2023-02-15,19000,2062
ツイートAI分析,2023,2023-03-15,19000,2063
MocionDeCensura,2023,2023-03-21,19000,2064
njcup,2023,2023-03-21,19000,2065
SVGala4,2023,2023-03-24,19000,2066
ゆと打って出てきたものがお前に不足,2023,2023-03-27,19000,2067
SVGala6,2023,2023-04-06,19000,2068
isola,2023,2023-04-17,19000,2069
SUPER1stWin,2023,2023-05-03,19000,2070
القصيم,2023,2023-05-03,19000,2071
KentuckyDerby,2023,2023-05-06,19000,2072
Bruno Rodrigues,2023,2023-05-11,19000,2073
SVGala11,2023,2023-05-11,19000,2074
yohane,2023,2023-06-07,19000,2075
QueenRadio,2023,2023-09-01,19000,2076
アメトーーク,2023,2023-06-22,19000,2077
Coco Jones,2023,2023-06-26,19000,2078
Patti,2023,2023-06-26,19000,2079
オールスター,2023,2023-06-28,19000,2080
SVFinal,2023,2023-06-29,19000,2081
本日の起床時間,2023,2023-07-16,19000,2082
土浦日大,2023,2023-08-19,19000,2083
CambioDeGabinete,2023,2023-08-16,19000,2084
Feinstein,2023,2023-08-30,19000,2085
PeckAofIceInFriendnityConcert,2023,2023-09-02,19000,2086
Purdy,2023,2023-09-22,19000,2087
デビュー曲,2023,2023-10-12,19000,2088
Travis Hunter,2023,2023-10-14,19000,2089
NickiVogue,2023,2023-11-09,19000,2090
ビーバームーン,2023,2023-11-27,19000,2091
エスパルス,2023,2023-12-02,19000,2092
DMDLAND2,2023,2023-12-09,19000,2093
アスコリピチェーノ,2023,2023-12-10,19000,2094
TheFirstSnow_1st_RAK,2023,2023-12-21,19000,2095
Frank Ocean,2023,2023-01-10,18000,2096
Mx2,2023,2023-01-13,18000,2097
RegaipKandili,2023,2023-01-26,18000,2098
SalarioRosaEnLasMejoresManos,2023,2023-01-31,18000,2099
ダウンタウンvsZ世代,2023,2023-02-04,18000,2100
TABLO,2023,2023-02-16,18000,2101
ワームムーン,2023,2023-03-07,18000,2102
ماجد الشمراني,2023,2023-04-07,18000,2103
あなたの武器適性,2023,2023-04-13,18000,2104
CumhurbaşkanıKılıçdaroğlu,2023,2023-05-03,18000,2105
クレーちゃん,2023,2023-06-23,18000,2106
Jarlan,2023,2023-06-25,18000,2107
多臓器不全,2023,2023-08-09,18000,2108
目隠しときメモ,2023,2023-08-15,18000,2109
Gilberto,2023,2023-08-20,18000,2110
ナムラクレア,2023,2023-10-01,18000,2111
Breno Lopes,2023,2023-09-16,18000,2112
絶体絶命,2023,2023-09-18,18000,2113
ライジングフリーダム,2023,2023-10-05,18000,2114
財津一郎さん,2023,2023-10-19,18000,2115
GHVIPGala8,2023,2023-11-02,18000,2116
SAvsAUS,2023,2023-11-16,18000,2117
明石家紅白,2023,2023-12-25,18000,2118
٦٠عام_محمد_عبده,2023,2023-12-30,18000,2119
コウテイ解散,2023,2023-01-20,17000,2120
寒いのでTLに好きな味噌汁の具を流す,2023,2023-01-24,17000,2121
シーナ&ロケッツ,2023,2023-01-30,17000,2122
大奥リアタイ,2023,2023-12-12,17000,2123
tlou,2023,2023-02-11,17000,2124
Apex4nniversary,2023,2023-02-14,17000,2125
RespawnGiveaway,2023,2023-02-14,17000,2126
レッドルゼル,2023,2023-02-19,17000,2127
ドライスタウト,2023,2023-02-19,17000,2128
BAFTA2023,2023,2023-02-19,17000,2129
PresidentsDay,2023,2023-02-20,17000,2130
FKGvFB,2023,2023-04-10,17000,2131
peachinu,2023,2023-04-10,17000,2132
Mike Conley,2023,2023-04-12,17000,2133
オールスター合唱バトル,2023,2023-05-14,17000,2134
Paulinho,2023,2023-08-10,17000,2135
Croacia,2023,2023-06-14,17000,2136
永山絢斗,2023,2023-06-15,17000,2137
EnigmaDoMedo,2023,2023-06-16,17000,2138
パルム,2023,2023-06-23,17000,2139
ساعه_استجابه_بيوم_الامنيات,2023,2023-06-27,17000,2140
WWENXT,2023,2023-07-12,17000,2141
ナイトキラーズ,2023,2023-08-13,17000,2142
Dorival,2023,2023-08-17,17000,2143
GotTalentArgentina,2023,2023-08-22,17000,2144
RBD IS BACK,2023,2023-08-26,17000,2145
Brian Kelly,2023,2023-09-04,17000,2146
デンホリゾクゾク増殖中,2023,2023-09-08,17000,2147
ながせのつぶやき,2023,2023-09-15,17000,2148
JJKSpoilers,2023,2023-09-20,17000,2149
NovosPeões,2023,2023-09-22,17000,2150
ProvaDeFogo,2023,2023-09-26,17000,2151
Milo J,2023,2023-10-05,17000,2152
フリーダム,2023,2023-10-05,17000,2153
三連休初日,2023,2023-10-07,17000,2154
DebatePresidencial,2023,2023-10-09,17000,2155
シュゴ仮面,2023,2023-10-15,17000,2156
OMAEK,2023,2023-10-26,17000,2157
ガッツch,2023,2023-11-20,17000,2158
Scott Foster,2023,2023-11-23,17000,2159
ドレミファドン,2023,2023-01-05,16000,2160
鮎川さん,2023,2023-01-30,16000,2161
Cindy Williams,2023,2023-01-31,16000,2162
オラオラ連打チャレンジ,2023,2023-02-01,16000,2163
チケゾー,2023,2023-02-18,16000,2164
Barrie,2023,2023-03-01,16000,2165
العويس,2023,2023-03-02,16000,2166
CriticalRoleSpoilers,2023,2023-03-10,16000,2167
Ignacio López Tarso,2023,2023-03-12,16000,2168
Doc Rivers,2023,2023-05-14,16000,2169
セバスチャン,2023,2023-06-02,16000,2170
イベントマッチ,2023,2023-06-03,16000,2171
خلف_بن_هذال,2023,2023-06-07,16000,2172
Kady,2023,2023-06-29,16000,2173
Pogacar,2023,2023-07-18,16000,2174
Jonny Evans,2023,2023-07-18,16000,2175
PANAOM,2023,2023-08-09,16000,2176
NoLimite,2023,2023-08-18,16000,2177
Ian Garry,2023,2023-08-20,16000,2178
FRAvURU,2023,2023-09-14,16000,2179
Wheeler,2023,2023-10-10,16000,2180
Jordan Love,2023,2023-12-04,16000,2181
Caleb Williams,2023,2023-10-15,16000,2182
LecceMilan,2023,2023-11-11,16000,2183
仰天ニュース,2023,2023-11-14,16000,2184
ドゥラエレーデ,2023,2023-12-03,16000,2185
ポケモン1000種類超えました,2023,2023-01-13,15000,2186
MAZZEL,2023,2023-01-13,15000,2187
Gina Lollobrigida,2023,2023-01-16,15000,2188
ダ・カーポしませんか,2023,2023-01-23,15000,2189
タケシのパラダイス,2023,2023-01-27,15000,2190
RIPAKA,2023,2023-02-11,15000,2191
Tomiyasu,2023,2023-02-15,15000,2192
LoDeOlona,2023,2023-02-19,15000,2193
ヒシイグアス,2023,2023-02-26,15000,2194
WomensHistoryMonth,2023,2023-03-01,15000,2195
SVGala2,2023,2023-03-10,15000,2196
wtcfinal,2023,2023-03-13,15000,2197
ジェシカ,2023,2023-03-20,15000,2198
生理のおじさんとその娘,2023,2023-03-24,15000,2199
MAYJamFestival2023,2023,2023-03-25,15000,2200
utapri_otoya_BD2023,2023,2023-04-10,15000,2201
LaIslaDeLasTentaciones13,2023,2023-04-17,15000,2202
Mahrez,2023,2023-04-22,15000,2203
joe alwyn,2023,2023-05-26,15000,2204
モズメイメイ,2023,2023-05-27,15000,2205
CTCF,2023,2023-05-28,15000,2206
Zeller,2023,2023-06-05,15000,2207
Pulisic,2023,2023-06-16,15000,2208
Zuck,2023,2023-06-22,15000,2209
عرفات,2023,2023-06-27,15000,2210
FeijóoEH,2023,2023-06-28,15000,2211
あなたの孤独耐性度,2023,2023-07-09,15000,2212
Coutts,2023,2023-07-19,15000,2213
กดบัตรSarochaSoloStage,2023,2023-07-29,15000,2214
Union Square,2023,2023-08-04,15000,2215
ジュリエッタ,2023,2023-08-09,15000,2216
バチェラー,2023,2023-08-24,15000,2217
Colidio,2023,2023-08-28,15000,2218
楽天スーパーSALEで買うべきもの,2023,2023-09-01,15000,2219
نيوكاسل,2023,2023-09-19,15000,2220
ウシュバテソーロ,2023,2023-09-27,15000,2221
AFLGF,2023,2023-09-30,15000,2222
ガルアワ2023AW,2023,2023-09-30,15000,2223
ラヴィット,2023,2023-11-21,15000,2224
Juventude,2023,2023-11-25,15000,2225
Melodi,2023,2023-12-01,15000,2226
令和ロマン,2023,2023-12-07,15000,2227
ライジングインパクト,2023,2023-12-08,15000,2228
Mooney,2023,2023-12-17,15000,2229
定形郵便,2023,2023-12-18,15000,2230
GHVIPFinal,2023,2023-12-21,15000,2231
今年もキラキラ,2023,2023-12-28,15000,2232
綺良々と一緒,2023,2023-12-28,15000,2233
にじよんあにめーしょん,2023,2023-01-13,14000,2234
Steven Adams,2023,2023-01-21,14000,2235
AZN_LIVEday2,2023,2023-02-05,14000,2236
コロナ2019,2023,2023-02-16,14000,2237
ナワバトラー,2023,2023-02-23,14000,2238
ジンくん,2023,2023-02-26,14000,2239
ファミマでスキズ,2023,2023-02-28,14000,2240
ポケモンタイプ診断,2023,2023-03-04,14000,2241
LaIslaDeLasTentaciones9,2023,2023-03-20,14000,2242
TEKETEK,2023,2023-03-21,14000,2243
Gallagher,2023,2023-04-08,14000,2244
シャンティ,2023,2023-04-24,14000,2245
Militao,2023,2023-05-17,14000,2246
Nestor,2023,2023-05-20,14000,2247
ミックファイア,2023,2023-06-07,14000,2248
David Moyes,2023,2023-06-07,14000,2249
Bruce Brown,2023,2023-06-10,14000,2250
Aaron Gordon,2023,2023-06-10,14000,2251
GERCOL,2023,2023-06-20,14000,2252
フェディエル,2023,2023-07-31,14000,2253
Kai Cenat,2023,2023-08-04,14000,2254
جمعه_مباركه,2023,2023-08-25,14000,2255
エイフォー,2023,2023-09-12,14000,2256
東山さん,2023,2023-09-07,14000,2257
LudmillaNoTheTown,2023,2023-09-07,14000,2258
私の応援歌,2023,2023-09-08,14000,2259
これを見た人は飲めない飲み物晒してくれ,2023,2023-09-11,14000,2260
ワンジナ,2023,2023-09-17,14000,2261
HTTC,2023,2023-09-18,14000,2262
Josh McDaniels,2023,2023-09-25,14000,2263
Samuel Xavier,2023,2023-09-28,14000,2264
Derek Carr,2023,2023-10-20,14000,2265
アークナイツ秋感謝祭2023,2023,2023-11-04,14000,2266
セラフィックコール,2023,2023-11-05,14000,2267
シャンフロ,2023,2023-11-05,14000,2268
FinalGranHermano,2023,2023-12-04,14000,2269
COYG,2023,2023-12-05,14000,2270
AskSrk,2023,2023-12-06,14000,2271
Flacco,2023,2023-12-24,14000,2272
HAPPYSOTADAY_2023,2023,2023-01-17,13000,2273
MilanSassuolo,2023,2023-01-29,13000,2274
Laverne,2023,2023-01-31,13000,2275
本名にかすってもないのについたあだ名,2023,2023-02-09,13000,2276
水曜日のダウンタウン,2023,2023-02-15,13000,2277
Nihat Hatipoğlu,2023,2023-02-15,13000,2278
Weverton,2023,2023-02-17,13000,2279
秋元佐久間ANN,2023,2023-02-18,13000,2280
HogaresMexiquenses,2023,2023-02-21,13000,2281
ChrisRock,2023,2023-03-05,13000,2282
São Bernardo,2023,2023-03-12,13000,2283
国際手配,2023,2023-03-16,13000,2284
TBSでWBC,2023,2023-03-20,13000,2285
りくりゅう,2023,2023-03-23,13000,2286
twenty one pilots,2023,2023-03-26,13000,2287
WNBADraft,2023,2023-04-10,13000,2288
ビシエド,2023,2023-04-12,13000,2289
千鳥の鬼レンチャン,2023,2023-04-16,13000,2290
十万円でできるかな,2023,2023-04-24,13000,2291
세븐틴_쇼챔피언_1위_축하해,2023,2023-05-03,13000,2292
SEVENTEEN54thWin,2023,2023-05-03,13000,2293
TerraEPaixão,2023,2023-05-09,13000,2294
Slovenia,2023,2023-05-11,13000,2295
バックドラフト,2023,2023-05-16,13000,2296
Andy Rourke,2023,2023-05-19,13000,2297
初週ミリオン,2023,2023-05-20,13000,2298
正義の天秤,2023,2023-06-03,13000,2299
神業チャレンジ,2023,2023-06-06,13000,2300
ウォーカー,2023,2023-06-07,13000,2301
EdaEce,2023,2023-06-14,13000,2302
Marquinhos,2023,2023-06-20,13000,2303
フォリア,2023,2023-06-30,13000,2304
DoctorsDay,2023,2023-07-01,13000,2305
XboxFreeCodeFriday,2023,2023-07-07,13000,2306
ミセスフェス,2023,2023-07-10,13000,2307
Guy Gardner,2023,2023-07-12,13000,2308
CherryMagicTH,2023,2023-07-12,13000,2309
CopaOro2023,2023,2023-07-17,13000,2310
ユリウス,2023,2023-07-31,13000,2311
BillkinTempoConcert_BuyNow,2023,2023-08-01,13000,2312
関西ジャニーズJr,2023,2023-08-22,13000,2313
Mookie,2023,2023-09-01,13000,2314
平野レミの早わざレシピ,2023,2023-09-18,13000,2315
星4配布,2023,2023-10-13,13000,2316
あなたをかわいい神話生物に例える,2023,2023-10-24,13000,2317
IF_FNT,2023,2023-10-29,13000,2318
Number_i_YouTube,2023,2023-11-27,13000,2319
dwts,2023,2023-11-29,13000,2320
Arias,2023,2023-12-04,13000,2321
Eliezer,2023,2023-12-18,13000,2322
OTGala4,2023,2023-12-18,13000,2323
おしゃれクリップ,2023,2023-01-29,12000,2324
サブウェイからの本命ピザ,2023,2023-02-14,12000,2325
ロッテリア,2023,2023-02-16,12000,2326
Ebubu,2023,2023-02-27,12000,2327
うたコン,2023,2023-03-07,12000,2328
الفارو,2023,2023-03-10,12000,2329
NZvsSL,2023,2023-03-13,12000,2330
ヒメノ様,2023,2023-03-19,12000,2331
ダイケンキ,2023,2023-03-27,12000,2332
Claxton,2023,2023-04-21,12000,2333
シュネルマイスター,2023,2023-04-23,12000,2334
CSKvsRR,2023,2023-04-27,12000,2335
BKFC41,2023,2023-04-30,12000,2336
RomaInter,2023,2023-05-06,12000,2337
魔改造の夜,2023,2023-05-25,12000,2338
مركز_التحكيم_الرياضي,2023,2023-05-26,12000,2339
LOUDWIN,2023,2023-05-29,12000,2340
SquidGrowEth,2023,2023-05-29,12000,2341
カービィ,2023,2023-06-06,12000,2342
なにわ男子とポピラビ,2023,2023-06-06,12000,2343
NEDCRO,2023,2023-06-14,12000,2344
ZonaDeRisco,2023,2023-06-28,12000,2345
انصفوا_الهلال_بنيمار,2023,2023-08-03,12000,2346
メリュ子,2023,2023-08-15,12000,2347
わっしょい俳句,2023,2023-08-22,12000,2348
慶応の応援,2023,2023-08-23,12000,2349
HindiDiwas,2023,2023-09-14,12000,2350
PakistanCricket,2023,2023-09-14,12000,2351
キシリアる,2023,2023-09-30,12000,2352
フルセット,2023,2023-09-30,12000,2353
何かオモシロいコトないの,2023,2023-10-02,12000,2354
Goiás,2023,2023-10-03,12000,2355
Jon Fosse,2023,2023-10-05,12000,2356
タケモトピアノ,2023,2023-10-19,12000,2357
Marlon,2023,2023-10-26,12000,2358
AUSvsNZ,2023,2023-10-28,12000,2359
おりほー,2023,2023-10-29,12000,2360
カウコン,2023,2023-11-02,12000,2361
hozier,2023,2023-11-07,12000,2362
サフィラ,2023,2023-12-10,12000,2363
FATE_IN_NEWCLARKCITY,2023,2023-12-16,12000,2364
マイネルグロン,2023,2023-12-23,12000,2365
Lincoln Riley,2023,2023-01-03,11000,2366
あさイチ,2023,2023-02-17,11000,2367
これを見た人は秒でバレる嘘をつけ,2023,2023-02-20,11000,2368
SquidCraft2,2023,2023-02-28,11000,2369
DevletBahçeli,2023,2023-02-28,11000,2370
Peter Pan,2023,2023-02-28,11000,2371
غارسيا,2023,2023-03-10,11000,2372
Bellator292,2023,2023-03-11,11000,2373
Volta Redonda,2023,2023-03-12,11000,2374
Ben Foster,2023,2023-04-10,11000,2375
あなたがしてくれなくても,2023,2023-04-13,11000,2376
ガイアフォース,2023,2023-04-23,11000,2377
キンプリミリオンおめでとう,2023,2023-05-15,11000,2378
LinhaDireta,2023,2023-05-19,11000,2379
ハロハロ食べにミニストップへ行こう,2023,2023-05-19,11000,2380
Roncaglia,2023,2023-05-20,11000,2381
RHONJ,2023,2023-06-14,11000,2382
エスコバー,2023,2023-06-19,11000,2383
HappyAyakaDay,2023,2023-06-19,11000,2384
ゴンチャの桃,2023,2023-07-12,11000,2385
ジョニー,2023,2023-08-07,11000,2386
ソシャゲ,2023,2023-08-08,11000,2387
Armani,2023,2023-08-09,11000,2388
FlyingKiss,2023,2023-08-09,11000,2389
ماهر_المعيقلي,2023,2023-08-11,11000,2390
おかやま山陽,2023,2023-08-17,11000,2391
cheol,2023,2023-08-17,11000,2392
GrandPrixSemi2,2023,2023-08-28,11000,2393
escandalointimo,2023,2023-08-30,11000,2394
ميلاد_ولي_العهد_38,2023,2023-08-30,11000,2395
Bailando2023,2023,2023-09-05,11000,2396
板チョコアイス,2023,2023-09-14,11000,2397
槓全メシ完全メシ祭,2023,2023-09-18,11000,2398
河合くん,2023,2023-09-21,11000,2399
قرعه_كاس_الملك,2023,2023-09-27,11000,2400
DebatePresidencial2023,2023,2023-10-02,11000,2401
インパルス,2023,2023-10-05,11000,2402
IssBaar100Paar,2023,2023-10-07,11000,2403
EmpathizeWithGaza,2023,2023-10-16,11000,2404
GoPackGo,2023,2023-11-23,11000,2405
ウィルソンテソーロ,2023,2023-12-03,11000,2406
敗者復活,2023,2023-12-07,11000,2407
Article370,2023,2023-12-11,11000,2408
Brooklyn 99,2023,2023-12-13,11000,2409
ダウンタウンDX,2023,2023-01-05,10000,2410
Nketiah,2023,2023-01-09,10000,2411
ウインカーネリアン,2023,2023-02-05,10000,2412
櫻坂46Cool,2023,2023-02-07,10000,2413
二時から日テレで福岡くん,2023,2023-02-12,10000,2414
ที่อยู่ร้าน,2023,2023-02-23,10000,2415
شراحيلي,2023,2023-03-10,10000,2416
おばさん構文,2023,2023-03-12,10000,2417
protagonistes,2023,2023-03-21,10000,2418
LaIslaDeLasTentaciones10,2023,2023-03-27,10000,2419
しょこたん,2023,2023-04-27,10000,2420
どらほー,2023,2023-05-06,10000,2421
ヘブンズ・ドアー,2023,2023-05-15,10000,2422
Rudiger,2023,2023-05-17,10000,2423
超絶限界,2023,2023-06-07,10000,2424
Nick Taylor,2023,2023-06-12,10000,2425
ブキチ杯,2023,2023-06-15,10000,2426
確定ガチャ,2023,2023-06-19,10000,2427
ライラさん,2023,2023-06-27,10000,2428
斉藤壮馬結婚,2023,2023-06-30,10000,2429
kabinet,2023,2023-07-07,10000,2430
USMNT,2023,2023-07-10,10000,2431
セデーニョ,2023,2023-07-17,10000,2432
トリスタン,2023,2023-07-29,10000,2433
僕たちは戦争を知らない,2023,2023-08-13,10000,2434
先頭打者ホームラン,2023,2023-08-23,10000,2435
Overwatch2Sweepstakes,2023,2023-08-28,10000,2436
FRAIRL,2023,2023-09-07,10000,2437
サブちゃん,2023,2023-09-28,10000,2438
ママコチャ,2023,2023-10-01,10000,2439
暗殺教室,2023,2023-10-02,10000,2440
RiyadhSeason,2023,2023-10-11,10000,2441
レッドフード,2023,2023-10-27,10000,2442
現状厳しいが諦めずに円盤化を待つ作品,2023,2023-11-09,10000,2443
KitaMudaProGibsPasti,2023,2023-11-27,10000,2444
アイアンバローズ,2023,2023-12-02,10000,2445
真空ジェシカ,2023,2023-12-07,10000,2446
佐々木千隼,2023,2023-12-08,10000,2447
情熱大陸,2023,2023-12-10,10000,2448
RaiderNation,2023,2023-12-15,10000,2449
Christmas,2022,2022-12-25,3654000,1
Halloween,2022,2022-10-31,3560000,2
Spotify,2022,2022-12-01,3548000,3
VMAs,2022,2022-08-29,3352000,4
Messi,2022,2022-12-19,3274000,5
GRAMMYs,2022,2022-04-04,3266000,6
Thanksgiving,2022,2022-11-25,3132000,7
Ukraine,2022,2022-02-24,3050000,8
Pelé,2022,2022-12-30,2940000,9
โหนกระแส,2022,2022-03-04,2839000,10
Argentina,2022,2022-12-19,2798000,11
Eurovision,2022,2022-05-14,2733000,12
Elon Musk,2022,2022-04-26,2613000,13
Oscars,2022,2022-03-28,2605000,14
Lula,2022,2022-10-03,2543000,15
Father's Day,2022,2022-06-20,2467000,16
Qatar,2022,2022-11-20,2419000,17
クリスマス,2022,2022-12-24,2362000,18
PTD_ON_STAGE_SEOUL,2022,2022-03-10,2247000,19
Trump,2022,2022-08-09,2159000,20
猫の日,2022,2022-02-22,2095000,21
BTS BTS BTS,2022,2022-04-03,2040000,22
Putin,2022,2022-02-24,1994000,23
BTS_Proof,2022,2022-06-10,1982000,24
PINKVENOM,2022,2022-08-19,1964000,25
BBB22,2022,2022-02-15,1953000,26
MetGala,2022,2022-05-03,1949000,27
Happy Easter,2022,2022-04-17,1905000,28
YetToCome,2022,2022-06-10,1898000,29
バレンタイン,2022,2022-02-14,1888000,30
Happy New Year,2022,2022-01-01,1877000,31
Will Smith,2022,2022-03-28,1862000,32
ハロウィン,2022,2022-10-30,1828000,33
HOBIPALOOZA,2022,2022-08-01,1801000,34
jhope_MORE,2022,2022-07-01,1699000,35
Queen,2022,2022-09-09,1688000,36
Supreme Court,2022,2022-06-24,1602000,37
taylor,2022,2022-08-29,1585000,38
InternationalWomensDay,2022,2022-03-09,1555000,39
Colombia,2022,2022-06-20,1554000,40
Mother's Day,2022,2022-05-08,1526000,41
Texas,2022,2022-05-25,1524000,42
エイプリルフール,2022,2022-04-01,1513000,43
Real Madrid,2022,2022-05-29,1506000,44
Discord,2022,2022-01-26,1504000,45
April Fools,2022,2022-04-01,1489000,46
SuperBowl,2022,2022-02-14,1460000,47
BLACKPINK,2022,2022-09-16,1454000,48
DEIXEM O NORDESTE VOTAR,2022,2022-10-30,1450000,49
Richarlison,2022,2022-11-25,1450000,50
KinnPorscheEP4,2022,2022-05-01,1437000,51
Betty White,2022,2022-01-01,1416000,52
UCLfinal,2022,2022-05-29,1374000,53
มีแม่เมื่อพร้อม,2022,2022-03-04,1350000,54
GOT7HOMECOMING,2022,2022-05-21,1348000,55
KinnPorscheEP13,2022,2022-07-02,1289000,56
ENHYPEN,2022,2022-07-04,1274000,57
Maria,2022,2022-02-15,1254000,58
jungkook,2022,2022-03-18,1240000,59
MANIFESTO_DAY1,2022,2022-07-04,1233000,60
安倍元首相,2022,2022-07-08,1224000,61
JIKJIN1stWin,2022,2022-02-23,1212000,62
يوم_التاسيس,2022,2022-02-22,1197000,63
Voguegala2022XMileApo,2022,2022-09-21,1185000,64
Iran,2022,2022-11-21,1179000,65
4th of July,2022,2022-07-05,1178000,66
Flamengo,2022,2022-10-20,1175000,67
트레저_곁으로_파워_직진,2022,2022-02-15,1171000,68
jhopeAtLollapalooza,2022,2022-08-01,1142000,69
MANIAC_SKZ,2022,2022-03-18,1131000,70
BallonDor,2022,2022-10-17,1114000,71
Japan,2022,2022-07-08,1113000,72
America,2022,2022-06-24,1111000,73
Natália,2022,2022-02-15,1105000,74
México,2022,2022-12-01,1103000,75
BazaarSGXApo,2022,2022-11-10,1082000,76
السعوديه_الارجنتين,2022,2022-11-22,1079000,77
KPworldtourD2,2022,2022-07-25,1069000,78
Feliz Navidad,2022,2022-12-25,1068000,79
Chile,2022,2022-09-05,1066000,80
stranger things,2022,2022-07-02,1061000,81
Isabel,2022,2022-09-08,1054000,82
FuturePerfect,2022,2022-07-04,1031000,83
QueenElizabeth,2022,2022-09-08,1026000,84
hoseok,2022,2022-08-01,1023000,85
Olivia,2022,2022-04-04,1018000,86
Taiwan,2022,2022-08-02,1014000,87
BamBamxGSW,2022,2022-04-08,993000,88
Drake,2022,2022-06-17,987000,89
Happy Halloween,2022,2022-10-31,980000,90
Neymar,2022,2022-11-25,947000,91
Boris Johnson,2022,2022-07-07,946000,92
ウクライナ,2022,2022-02-24,933000,93
TREASURE1stWin,2022,2022-02-23,931000,94
ODDINARY,2022,2022-03-18,928000,95
Castillo,2022,2022-12-07,910000,96
安倍さん,2022,2022-07-08,885000,97
Liz Truss,2022,2022-10-20,885000,98
10YearsWithEXO,2022,2022-04-07,882000,99
Perú,2022,2022-12-07,879000,100
Chelsea,2022,2022-04-13,865000,101
China,2022,2022-08-02,856000,102
SUGA,2022,2022-04-26,855000,103
HBDAjithKumar,2022,2022-05-01,854000,104
Euphoria,2022,2022-02-28,852000,105
Marvel,2022,2022-07-24,847000,106
Madrid,2022,2022-04-26,842000,107
Anitta,2022,2022-03-25,839000,108
Rihanna,2022,2022-01-31,835000,109
スペイン,2022,2022-12-01,819000,110
BadDecisions,2022,2022-08-05,817000,111
Rodrigo,2022,2022-01-31,806000,112
AprilFoolsDay,2022,2022-04-01,800000,113
Portugal,2022,2022-12-07,798000,114
England,2022,2022-11-25,797000,115
Shinzo Abe,2022,2022-07-08,797000,116
GOT7,2022,2022-04-22,795000,117
Sanremo2022,2022,2022-02-02,789000,118
SCOTUS,2022,2022-06-24,787000,119
Benzema,2022,2022-04-06,769000,120
ポッキー,2022,2022-11-11,769000,121
BORNPINK,2022,2022-09-16,767000,122
Technoblade,2022,2022-07-01,765000,123
YetToComeinBUSAN,2022,2022-10-15,762000,124
일위로_직진_트레저_축하해,2022,2022-02-23,756000,125
Arsenal,2022,2022-10-09,754000,126
LoveMechanicsEP7,2022,2022-07-23,743000,127
nayeon,2022,2022-06-24,742000,128
Morocco,2022,2022-12-15,739000,129
Feliz Año Nuevo,2022,2022-01-01,731000,130
BTSatTheWhiteHouse,2022,2022-05-31,725000,131
Courtois,2022,2022-05-29,723000,132
TheAstronaut,2022,2022-10-18,722000,133
iHeartAwards,2022,2022-01-27,713000,134
Bárbara,2022,2022-02-14,713000,135
Florida,2022,2022-09-28,712000,136
WrestleMania,2022,2022-04-04,707000,137
Lexi,2022,2022-02-21,699000,138
Truss,2022,2022-10-20,698000,139
Ronaldo,2022,2022-12-07,687000,140
Bonner,2022,2022-08-23,685000,141
Diana,2022,2022-09-08,683000,142
ArabicKuthu,2022,2022-02-14,680000,143
PTD_ON_STAGE_LV,2022,2022-04-09,674000,144
JUNGWONInAMillion,2022,2022-02-08,673000,145
D7GrandOpeningxMileApo,2022,2022-09-28,671000,146
الطفل_ريان,2022,2022-02-06,669000,147
Corinthians,2022,2022-10-20,666000,148
音楽の日,2022,2022-07-16,663000,149
Charles,2022,2022-09-08,661000,150
Dibu,2022,2022-12-10,660000,151
CDTVライブライブ,2022,2022-12-19,654000,152
ミサイル,2022,2022-10-04,652000,153
Senate,2022,2022-11-13,650000,154
정원이가_꽃피운_열아홉번째_가든,2022,2022-02-08,649000,155
LISAXCELINE,2022,2022-06-26,646000,156
Liz Cheney,2022,2022-08-17,646000,157
Eid Mubarak,2022,2022-05-02,645000,158
TaehyungInParis,2022,2022-06-26,645000,159
LeftandRight,2022,2022-06-24,643000,160
TAEHYUNGxCeline,2022,2022-06-26,641000,161
Buffalo,2022,2022-05-15,640000,162
Pilipinas,2022,2022-05-09,629000,163
SOTU,2022,2022-03-02,627000,164
Andrew Tate,2022,2022-12-30,622000,165
BBMAs,2022,2022-05-16,611000,166
恵方巻き,2022,2022-02-03,603000,167
السعوديه_المسكيك,2022,2022-12-01,603000,168
RoeVsWade,2022,2022-06-25,601000,169
Mbappe,2022,2022-02-16,599000,170
ENGLOTxWinkwhite,2022,2022-08-25,593000,171
OurStarJennieDay,2022,2022-01-15,587000,172
Uruguay,2022,2022-12-02,586000,173
GOT7_FOR8VER,2022,2022-01-15,582000,174
PananchitaxENGLOT,2022,2022-08-08,582000,175
Monark,2022,2022-02-08,576000,176
IWD2022,2022,2022-03-08,576000,177
jisoo,2022,2022-09-16,574000,178
BamBamxโหนกระแส,2022,2022-04-14,565000,179
CashAppDay,2022,2022-07-06,560000,180
Tuchel,2022,2022-09-07,554000,181
Gülşen,2022,2022-08-25,548000,182
RUN BTS,2022,2022-06-10,543000,183
Feliz 2022,2022,2022-01-01,540000,184
NATO,2022,2022-02-24,540000,185
Macron,2022,2022-04-10,540000,186
Beto,2022,2022-05-25,537000,187
WE WANNA FOCUS ON BTS,2022,2022-08-27,529000,188
عمران_خان_ہماری_ریڈ_لائن,2022,2022-10-21,526000,189
Bayern,2022,2022-09-14,525000,190
Nadal,2022,2022-01-30,521000,191
ShootingStarConcert,2022,2022-07-23,521000,192
Labor Day,2022,2022-09-05,521000,193
HOSEOK,2022,2022-07-01,519000,194
Fauci,2022,2022-01-11,517000,195
राष्ट्रीय_बेरोजगार_दिवस,2022,2022-09-17,509000,196
JusticeTourBangkok,2022,2022-04-29,506000,197
Luka,2022,2022-05-16,502000,198
INDvsENG,2022,2022-11-10,502000,199
MAGA,2022,2022-09-02,499000,200
HappyBirthdayTaehyung,2022,2022-12-29,497000,201
Democrats,2022,2022-06-24,495000,202
GoFundMe,2022,2022-02-05,494000,203
HAPPYVDAY,2022,2022-12-29,492000,204
JUNGKOOK,2022,2022-11-12,489000,205
SMTOWN_LIVE,2022,2022-01-01,488000,206
Hagrid,2022,2022-10-14,484000,207
クロサギ,2022,2022-12-23,484000,208
Beyoncé,2022,2022-06-16,483000,209
ISSUETHAILANDxBeOnCloud,2022,2022-09-21,483000,210
Nigeria,2022,2022-03-29,482000,211
지성이_생일_와앙_행복해,2022,2022-02-04,479000,212
OurUniverseJisungDay,2022,2022-02-04,478000,213
jennie,2022,2022-08-19,476000,214
Robbie Coltrane,2022,2022-10-14,476000,215
Bad Bunny,2022,2022-05-06,475000,216
BTSOnTMA2022,2022,2022-10-08,472000,217
Feliz Natal,2022,2022-12-25,472000,218
TheeThalapathy,2022,2022-12-04,470000,219
ENGIRN,2022,2022-11-21,467000,220
SVT_HOT,2022,2022-05-27,466000,221
Ucrânia,2022,2022-02-24,465000,222
KinnPorscheSideStory,2022,2022-05-19,465000,223
Happy Holi,2022,2022-03-18,464000,224
KPinTwitterSpace,2022,2022-07-07,461000,225
津波警報,2022,2022-01-15,457000,226
Gustavo,2022,2022-02-21,453000,227
Twitter Blue,2022,2022-11-10,447000,228
ESC2022,2022,2022-05-14,444000,229
aespaLiveAtCoachella,2022,2022-04-24,441000,230
地震大丈夫,2022,2022-03-16,440000,231
Greta,2022,2022-12-30,440000,232
St. Patrick,2022,2022-03-17,436000,233
BTS GLOBAL DOMINATION,2022,2022-08-28,436000,234
Liverpool,2022,2022-05-14,434000,235
SummerSlam,2022,2022-07-31,432000,236
กลรักรุ่นพี่WorldPremiere,2022,2022-06-18,428000,237
ValentinesDay,2022,2022-02-14,424000,238
Juneteenth,2022,2022-06-19,424000,239
PULLUPwithMarkTuan,2022,2022-05-14,421000,240
Klara,2022,2022-06-26,419000,241
GloboLixo,2022,2022-08-23,419000,242
ツインテールの日,2022,2022-02-02,417000,243
震度6強,2022,2022-03-16,416000,244
dreamfacereveal,2022,2022-10-03,413000,245
For Youth,2022,2022-06-10,412000,246
HouseOfTheDragon,2022,2022-10-17,412000,247
Naiara,2022,2022-01-18,411000,248
Rest In Peace,2022,2022-09-08,411000,249
Germany,2022,2022-12-01,407000,250
BestFanArmy,2022,2022-01-27,406000,251
Tom Brady,2022,2022-01-29,406000,252
Costa Rica,2022,2022-12-01,406000,253
OurGoldenVoiceTaehyun,2022,2022-02-04,402000,254
Cristina,2022,2022-12-07,401000,255
BETAwards,2022,2022-06-27,398000,256
Punjab,2022,2022-01-05,397000,257
Kansas,2022,2022-08-03,393000,258
HouseoftheDragon,2022,2022-10-24,393000,259
VoodoopartyxBrightWin,2022,2022-03-26,392000,260
Jessi,2022,2022-02-21,391000,261
Zelensky,2022,2022-12-22,388000,262
WOOZI,2022,2022-01-03,386000,263
Jada,2022,2022-03-28,384000,264
AMAs,2022,2022-10-13,384000,265
ElevenAllStars,2022,2022-11-19,381000,266
Harden,2022,2022-02-11,380000,267
MLKDay,2022,2022-01-17,379000,268
Veterans Day,2022,2022-11-11,376000,269
JISOO,2022,2022-08-13,374000,270
Batman,2022,2022-11-11,371000,271
Suns,2022,2022-05-16,369000,272
PasigLaban,2022,2022-03-20,363000,273
Alexandre de Moraes,2022,2022-10-30,363000,274
seokjin,2022,2022-06-26,362000,275
BB24,2022,2022-09-26,362000,276
Cassie,2022,2022-02-28,361000,277
Warriors,2022,2022-05-27,361000,278
España,2022,2022-05-14,360000,279
Djokovic,2022,2022-01-06,359000,280
Serena,2022,2022-09-03,359000,281
TaehyungDay,2022,2022-12-29,358000,282
StayAlive_CHAKHO,2022,2022-02-05,357000,283
HappyBirthdayNamjoon,2022,2022-09-11,354000,284
Microsoft,2022,2022-01-18,352000,285
LT369,2022,2022-08-30,352000,286
reyes,2022,2022-01-06,350000,287
BibleBuildxGangnamSnowToner,2022,2022-10-28,350000,288
AusOpen,2022,2022-01-30,349000,289
水星の魔女,2022,2022-12-04,348000,290
الاهلي,2022,2022-06-27,346000,291
Querétaro,2022,2022-03-06,345000,292
ENGFA_NationalCostume,2022,2022-10-20,344000,293
テレ東音楽祭,2022,2022-02-23,342000,294
Celtics,2022,2022-05-30,342000,295
Kepa,2022,2022-02-27,341000,296
Haaland,2022,2022-08-31,341000,297
IStandWithZubair,2022,2022-06-27,341000,298
BiggerThanMe,2022,2022-09-01,341000,299
JAIR,2022,2022-10-27,339000,300
JULIAN,2022,2022-12-13,339000,301
Oscar,2022,2022-02-08,338000,302
DONNYBackOnASAP,2022,2022-06-05,336000,303
GOAT,2022,2022-01-29,335000,304
Suarez,2022,2022-12-02,335000,305
DONBELLEAsapComeback,2022,2022-06-05,334000,306
jeno,2022,2022-04-07,333000,307
IndiaAt75,2022,2022-08-15,333000,308
Steve Kerr,2022,2022-05-25,332000,309
TwentyFiveTwentyOneEp16,2022,2022-04-03,330000,310
Nicki,2022,2022-10-14,330000,311
Darling,2022,2022-04-15,329000,312
Fetterman,2022,2022-10-26,329000,313
Larissa,2022,2022-02-28,327000,314
Taylor Hawkins,2022,2022-03-26,325000,315
Canelo,2022,2022-09-18,323000,316
태현이의_21번째_겨울여행,2022,2022-02-04,322000,317
中秋の名月,2022,2022-09-10,322000,318
FunFanไปกับD7xMileApo,2022,2022-12-11,322000,319
الاتحاد_الهلال,2022,2022-05-23,320000,320
Modric,2022,2022-04-13,319000,321
AIS5GVERSE,2022,2022-04-30,319000,322
Ray Liotta,2022,2022-05-26,318000,323
Boris,2022,2022-10-20,318000,324
Barca,2022,2022-10-12,317000,325
FRAMAR,2022,2022-12-15,315000,326
EarthDay,2022,2022-04-22,314000,327
Alemanha,2022,2022-12-01,313000,328
Gaal,2022,2022-12-10,313000,329
Bengals,2022,2022-01-23,310000,330
النصر_الهلال,2022,2022-02-21,310000,331
13MSmileWithBright,2022,2022-03-17,310000,332
SafeFlightOurAstronaut,2022,2022-12-13,309000,333
BamBamSlowMo_OUTNOW,2022,2022-01-18,308000,334
Rose,2022,2022-05-08,308000,335
Try Guys,2022,2022-09-28,308000,336
ExtremeRules,2022,2022-10-09,308000,337
MayThe4thBeWithYou,2022,2022-05-04,306000,338
Doja,2022,2022-04-04,303000,339
FELIP_Bulan,2022,2022-05-28,301000,340
FGO,2022,2022-08-10,299000,341
Barcelona,2022,2022-10-12,298000,342
Australia,2022,2022-01-06,297000,343
KinnPorscheEP11,2022,2022-06-18,296000,344
SASUKE2022,2022,2022-12-27,294000,345
yixing,2022,2022-04-08,293000,346
Atletico,2022,2022-04-13,293000,347
HAECHAN_GoodPerson,2022,2022-03-05,292000,348
RoeVWade,2022,2022-05-03,291000,349
OSNI,2022,2022-08-14,291000,350
Xbox,2022,2022-01-18,288000,351
NotMeSeriesEP8,2022,2022-02-06,288000,352
CarabaoCupFinal,2022,2022-02-27,288000,353
ChampionsLeagueFinal,2022,2022-05-29,288000,354
BeautriumFargerxMileApo,2022,2022-09-09,287000,355
ParkShinHye,2022,2022-01-22,284000,356
해찬이에게_좋은사람,2022,2022-03-05,284000,357
Good Friday,2022,2022-04-15,284000,358
Kevin Conroy,2022,2022-11-11,284000,359
TBMonogramxBrightWin,2022,2022-07-13,283000,360
WWECastle,2022,2022-09-03,283000,361
ねこの日,2022,2022-02-22,282000,362
NFLDraft,2022,2022-04-29,282000,363
KinnPorscheWorldTour,2022,2022-06-18,282000,364
bennyXBTSXSnoopDogg,2022,2022-08-05,282000,365
Harry Potter,2022,2022-10-14,282000,366
วอลเลย์บอลหญิง,2022,2022-09-24,281000,367
JIKJIN_MV_OUT_NOW,2022,2022-02-15,279000,368
Martha's Vineyard,2022,2022-09-15,278000,369
LISAatCelinePFW22,2022,2022-06-26,276000,370
Kyrie,2022,2022-11-04,275000,371
上島さん,2022,2022-05-11,275000,372
HBD_TO_ARMY,2022,2022-07-08,275000,373
Nate,2022,2022-02-14,274000,374
LALISA HUMAN CELINE,2022,2022-06-26,274000,375
Soraya,2022,2022-08-29,273000,376
South Korea,2022,2022-12-02,273000,377
Nets,2022,2022-02-10,272000,378
Whindersson,2022,2022-01-31,271000,379
シンデレラ10周年_ファイナルday2,2022,2022-04-03,271000,380
River,2022,2022-07-07,271000,381
Becky G,2022,2022-08-01,271000,382
Rangers,2022,2022-05-19,270000,383
世界猫の日,2022,2022-08-08,270000,384
Wyoming,2022,2022-08-17,269000,385
Marruecos,2022,2022-12-15,268000,386
Scooby,2022,2022-01-28,266000,387
Activision,2022,2022-01-18,265000,388
BellLetsTalk,2022,2022-01-26,265000,389
Uvalde,2022,2022-05-25,264000,390
hobi,2022,2022-07-01,263000,391
ヴァイオレット・エヴァーガーデン,2022,2022-11-25,262000,392
BreakTheBias,2022,2022-03-08,261000,393
NCTDREAM,2022,2022-10-24,260000,394
jisung,2022,2022-04-30,259000,395
TOMORROW_X_TOGETHER,2022,2022-03-03,258000,396
UFC274,2022,2022-05-08,257000,397
AsiaCup2022Final,2022,2022-09-11,257000,398
SEOKJIN,2022,2022-06-26,256000,399
Capitol,2022,2022-06-28,255000,400
TodosSomosLoret,2022,2022-02-12,254000,401
Lucas,2022,2022-02-07,253000,402
TeamLY,2022,2022-08-27,253000,403
SalarioRosa,2022,2022-04-20,252000,404
Doocy,2022,2022-01-25,250000,405
BTSCOMEBACK2022,2022,2022-06-10,249000,406
MyBTSTracks,2022,2022-05-14,248000,407
Thunivu,2022,2022-09-21,248000,408
SecureTheTribe,2022,2022-01-27,243000,409
こどもの日,2022,2022-05-05,243000,410
JapaneseGP,2022,2022-10-09,243000,411
Alex Jones,2022,2022-10-12,243000,412
通信障害,2022,2022-07-02,242000,413
Rayan,2022,2022-02-05,240000,414
オークス,2022,2022-05-22,240000,415
EidAlAdha,2022,2022-07-10,240000,416
BKPPsummersonic,2022,2022-08-20,240000,417
BelgianGP,2022,2022-08-28,240000,418
Lina,2022,2022-04-11,238000,419
ゴールデンウィーク,2022,2022-04-28,238000,420
SB19WYATonASAP,2022,2022-09-04,238000,421
iKON,2022,2022-12-30,238000,422
BestMusicVideo,2022,2022-01-27,237000,423
247FairyChoiHyunsukDay,2022,2022-04-20,237000,424
BharatStandsWithModiJi,2022,2022-01-05,236000,425
Ciro,2022,2022-08-24,236000,426
無料引換クーポン,2022,2022-03-03,235000,427
3ShiningYearsWithTXT,2022,2022-03-03,234000,428
المغرب_فرنسا,2022,2022-12-14,234000,429
仕事納め,2022,2022-12-28,234000,430
Tadeu,2022,2022-02-15,233000,431
Eagles,2022,2022-10-17,233000,432
商標登録,2022,2022-05-15,233000,433
ヒョンソクはトゥメの同伴者,2022,2022-04-20,232000,434
HurricaneIan,2022,2022-09-28,232000,435
PasayIsPink,2022,2022-04-23,231000,436
Inglaterra,2022,2022-09-08,231000,437
BreakTudoAwards,2022,2022-09-10,231000,438
Mario,2022,2022-06-24,230000,439
Fenerbahçe,2022,2022-07-28,229000,440
HappyBirthdaySUGA,2022,2022-03-08,228000,441
StrangerThings,2022,2022-07-01,228000,442
小林清志さん,2022,2022-08-08,228000,443
ONNYPattxCharlotte,2022,2022-09-14,228000,444
UFC282,2022,2022-12-11,228000,445
TOTYMusicAwards2021,2022,2022-02-28,227000,446
32SpringsWithXIU,2022,2022-03-25,226000,447
15MHappyWithBright,2022,2022-05-31,226000,448
MissUniverseThailand2022,2022,2022-07-30,226000,449
RENAISSANCE,2022,2022-07-29,225000,450
Petro,2022,2022-03-14,224000,451
ElectionDay,2022,2022-11-09,224000,452
15Temmuz,2022,2022-07-14,222000,453
PradaShine,2022,2022-08-04,222000,454
HappyBirthdayJin,2022,2022-12-03,222000,455
Foo Fighters,2022,2022-03-26,221000,456
UFC277,2022,2022-07-31,221000,457
طيور الجنه,2022,2022-02-05,220000,458
BadDecisionswithBTS,2022,2022-08-05,219000,459
Kyungsoo,2022,2022-01-22,217000,460
金メダル,2022,2022-02-11,217000,461
UFC281,2022,2022-11-13,216000,462
Boxing Day,2022,2022-12-26,216000,463
Giroud,2022,2022-11-23,215000,464
合計5万人,2022,2022-03-03,215000,465
Roman,2022,2022-03-02,215000,466
MiamiGP,2022,2022-05-08,215000,467
SVT_DropItLikeHOT,2022,2022-05-27,214000,468
Verzuz,2022,2022-06-24,214000,469
Benedetto,2022,2022-07-06,214000,470
SooraraiPottru,2022,2022-07-22,214000,471
AzerbaijanGP,2022,2022-06-12,213000,472
المنتخب_السعودي,2022,2022-11-22,213000,473
クリスマスイブ,2022,2022-12-23,212000,474
BadBuddySeriesEP11,2022,2022-01-14,211000,475
터래기야_큥생일축하해_보내줘,2022,2022-05-05,211000,476
ASAPBerMonthsNa withSB19,2022,2022-09-04,211000,477
Francia,2022,2022-12-14,211000,478
Roma,2022,2022-05-25,210000,479
アベマでヒプマイ生ライブ,2022,2022-06-25,210000,480
World Cup,2022,2022-03-29,209000,481
PrideMonth,2022,2022-06-01,209000,482
PNB Rock,2022,2022-09-13,209000,483
Holder,2022,2022-10-24,209000,484
JaeDo,2022,2022-02-25,208000,485
TeamMOTS,2022,2022-08-27,208000,486
アルセウス,2022,2022-01-27,207000,487
BenidormFest,2022,2022-01-28,207000,488
ManifestoDay1_OutNow,2022,2022-07-04,206000,489
HappyBdayModiji,2022,2022-09-17,206000,490
Lakers,2022,2022-10-19,205000,491
해피큥데이,2022,2022-05-05,205000,492
Curry,2022,2022-06-03,205000,493
GOT7_HomecomingDay2,2022,2022-05-22,205000,494
梅雨明け,2022,2022-06-27,205000,495
NotMeSeriesFinalEP,2022,2022-03-20,204000,496
Van Gogh,2022,2022-10-14,204000,497
WELCOME_BAMBAM,2022,2022-11-17,204000,498
De Paul,2022,2022-11-26,204000,499
Proof_of_JungKook,2022,2022-05-19,203000,500
31LightRaysUponBaekhyun,2022,2022-05-05,202000,501
ナヒーダ,2022,2022-11-02,202000,502
Neil Young,2022,2022-01-27,201000,503
ショック,2022,2022-07-08,201000,504
재혁이의_그해_여름은,2022,2022-07-22,201000,505
Pique,2022,2022-10-12,201000,506
Gavi,2022,2022-10-17,201000,507
뿌랑둥이_승관아_앞으로도_관랑해,2022,2022-01-15,200000,508
EclipseLunar,2022,2022-05-16,199000,509
CanadianGP,2022,2022-06-19,198000,510
lana,2022,2022-10-07,195000,511
PAKvsZIM,2022,2022-10-27,195000,512
deprem,2022,2022-11-23,195000,513
wonwoo,2022,2022-04-06,194000,514
presidentielles2022,2022,2022-04-10,194000,515
Busan,2022,2022-08-24,194000,516
ViratKohli,2022,2022-10-23,194000,517
Arrascaeta,2022,2022-12-02,193000,518
legislatives2022,2022,2022-06-19,193000,519
OurLeoJaehyukDay,2022,2022-07-22,193000,520
FRAAUS,2022,2022-11-23,193000,521
Ekrem İmamoğlu,2022,2022-12-14,193000,522
StarWarsDay,2022,2022-05-04,192000,523
スメール,2022,2022-08-24,192000,524
Garland,2022,2022-11-18,192000,525
VeautifulPrinceTaehyung,2022,2022-12-29,192000,526
Manchin,2022,2022-01-20,191000,527
Sinema,2022,2022-01-20,191000,528
BLESSED_CURSED,2022,2022-01-04,190000,529
Elza Soares,2022,2022-01-21,190000,530
Residente,2022,2022-03-04,190000,531
SEVENTEEN HOT MV RELEASE,2022,2022-05-27,190000,532
メイウェザー,2022,2022-09-25,190000,533
YOUNGJAE_SUGAR,2022,2022-06-21,189000,534
ES HOY,2022,2022-12-18,189000,535
natalia,2022,2022-01-27,188000,536
الهلال_الفيصلي,2022,2022-06-27,188000,537
ジェヒョクは世界を照らす夏の太陽,2022,2022-07-22,188000,538
Elliot,2022,2022-02-28,187000,539
MCILIV,2022,2022-04-10,187000,540
Kazuki Takahashi,2022,2022-07-07,187000,541
HAVE A SAFE FLIGHT JIMIN,2022,2022-07-30,187000,542
Kep1er_응답応答回答_WADADA,2022,2022-01-03,186000,543
الهلال_الشباب,2022,2022-02-17,185000,544
Emmy,2022,2022-07-12,185000,545
UkraineRussia,2022,2022-02-25,183000,546
MANIAC1stWin,2022,2022-03-25,183000,547
UFC278,2022,2022-08-21,183000,548
ARMY FIGHT FOR GOTY,2022,2022-08-22,183000,549
BBNaija,2022,2022-07-23,182000,550
Selena,2022,2022-10-16,182000,551
SixTONESANN,2022,2022-06-18,181000,552
鎌倉殿の13人,2022,2022-10-16,181000,553
Budget2022,2022,2022-02-01,180000,554
Wars1stBDFanmeet,2022,2022-08-06,180000,555
Vikings,2022,2022-11-13,180000,556
TrueWorship_TrueHappiness,2022,2022-12-17,180000,557
BBMzansi,2022,2022-04-03,179000,558
Supreme_Court_Of_Pakistan,2022,2022-07-26,179000,559
Zendaya,2022,2022-02-07,178000,560
Wolverine,2022,2022-09-28,178000,561
初日の出,2022,2022-01-01,177000,562
CODA,2022,2022-03-28,176000,563
गुरु पूर्णिमा,2022,2022-07-13,176000,564
Bills,2022,2022-09-20,176000,565
Skrrt_FHBBYO_OUTNOW,2022,2022-02-20,175000,566
Cassidy Hutchinson,2022,2022-06-28,175000,567
津波注意報,2022,2022-01-15,174000,568
NotMeSeriesEP6,2022,2022-01-23,174000,569
eric,2022,2022-03-04,174000,570
HarrysHouse,2022,2022-05-20,174000,571
Netherlands,2022,2022-12-03,174000,572
ファミマ春のおむすび祭り,2022,2022-03-01,173000,573
ラブライブ三昧,2022,2022-05-04,173000,574
Mourinho,2022,2022-05-25,173000,575
TheBürsinBirthday,2022,2022-06-04,173000,576
Tarkan,2022,2022-02-17,172000,577
Botafogo,2022,2022-06-20,171000,578
Luciano,2022,2022-01-18,170000,579
Ben Simmons,2022,2022-02-10,170000,580
ไบร์ทวิน,2022,2022-07-11,170000,581
INDvsPAK2022,2022,2022-10-23,170000,582
アニポケ,2022,2022-12-16,170000,583
OurProudBTS,2022,2022-04-04,169000,584
OurStarboyYeonjun,2022,2022-09-12,169000,585
aespa,2022,2022-04-19,168000,586
ブラジル,2022,2022-06-06,168000,587
Barbara Walters,2022,2022-12-31,168000,588
사히로_물들어가는_여름의_시간,2022,2022-08-19,167000,589
silent,2022,2022-10-27,167000,590
東日本大震災から11年,2022,2022-03-11,165000,591
PTD_ON_STAGE_SEOUL_Day2,2022,2022-03-12,165000,592
SixTONES_PP,2022,2022-08-05,165000,593
Hugh Jackman,2022,2022-09-28,165000,594
Rhaenys,2022,2022-10-17,165000,595
nate,2022,2022-01-17,164000,596
キンプッ_101,2022,2022-06-18,164000,597
DutchGP,2022,2022-09-04,164000,598
Daniel Alves,2022,2022-11-07,164000,599
AO2022,2022,2022-01-30,163000,600
AmbedkarJayanti,2022,2022-04-14,163000,601
seventeen,2022,2022-10-24,163000,602
Bill Clinton,2022,2022-12-09,163000,603
harry styles,2022,2022-01-19,162000,604
Senegal,2022,2022-03-29,162000,605
หมอแปลก,2022,2022-05-03,162000,606
Léo Dias,2022,2022-06-26,162000,607
ShiningSunlightAsahiDay,2022,2022-08-19,162000,608
BLACKPINKxPUBGM,2022,2022-07-29,161000,609
LaverCup,2022,2022-09-24,161000,610
PREVIEW THE ANSWER,2022,2022-01-04,160000,611
Manchester United,2022,2022-03-15,160000,612
MileyCyrusNoMultishow,2022,2022-03-27,160000,613
WeareallIdrissa,2022,2022-05-18,160000,614
Jupiter,2022,2022-09-27,160000,615
ジャニーズカウントダウン,2022,2022-12-31,160000,616
Cruzeiro,2022,2022-01-06,159000,617
DiaInternacionalDeLaMujer,2022,2022-03-08,159000,618
CanakkaleGecilmez,2022,2022-03-18,159000,619
これからもアザアザアサヒ,2022,2022-08-19,159000,620
リコリコ,2022,2022-09-10,159000,621
WorldMentalHealthDay,2022,2022-10-10,159000,622
Donetsk,2022,2022-02-21,158000,623
capitaodopovo,2022,2022-07-24,158000,624
Rams,2022,2022-09-09,157000,625
つながるホロライブDAY1,2022,2022-03-19,157000,626
Paulo Londra,2022,2022-03-24,157000,627
藤子不二雄Aさん,2022,2022-04-07,157000,628
IndependenceDay2022,2022,2022-08-15,157000,629
White House,2022,2022-08-26,157000,630
HappyBirthdayViratKohli,2022,2022-11-05,157000,631
FRAESP,2022,2022-11-19,157000,632
Romania,2022,2022-12-30,157000,633
Rand Paul,2022,2022-01-11,156000,634
StrayKids12thWin,2022,2022-03-25,156000,635
Xavi,2022,2022-10-12,156000,636
คุณชายEP13,2022,2022-11-14,156000,637
ZETAWIN,2022,2022-04-16,155000,638
10Kasım,2022,2022-11-10,155000,639
鬼滅の刃,2022,2022-02-06,154000,640
sanremo22,2022,2022-02-06,154000,641
タイキシャトル,2022,2022-08-17,154000,642
LULA PRESIDENTE AMANHÃ,2022,2022-10-01,154000,643
MebSusma100biniAçıkla,2022,2022-12-20,154000,644
cassie,2022,2022-01-17,153000,645
Vettel,2022,2022-07-28,153000,646
HAPPYJUNKIDAY,2022,2022-01-19,152000,647
Wiggins,2022,2022-06-14,152000,648
ForaJade,2022,2022-03-06,152000,649
きんに君のあんスタ2ショット,2022,2022-03-16,152000,650
Grande Rio,2022,2022-04-26,152000,651
عيديات_البداح_للعود,2022,2022-04-25,152000,652
MCIRMA,2022,2022-04-26,152000,653
GH2022,2022,2022-12-12,152000,654
WWEDay1,2022,2022-01-02,151000,655
サッカー日本代表,2022,2022-11-23,151000,656
タイトルホルダー,2022,2022-06-26,151000,657
Gorbachev,2022,2022-08-31,150000,658
ANICHELLA,2022,2022-04-16,149000,659
Petrobras,2022,2022-06-17,149000,660
Atlético,2022,2022-08-11,149000,661
マイナビオールスターゲーム2022,2022,2022-07-26,148000,662
Vin Scully,2022,2022-08-03,148000,663
Enner Valencia,2022,2022-11-20,148000,664
Agustín,2022,2022-12-12,148000,665
Lebron,2022,2022-12-31,147000,666
스키즈_매니악_1위_축하해,2022,2022-03-25,147000,667
RakshaBandhan,2022,2022-08-11,147000,668
Potter,2022,2022-09-07,147000,669
jungwoo,2022,2022-12-09,147000,670
Colts,2022,2022-01-10,146000,671
BoysDontCry,2022,2022-01-28,146000,672
全ウルトラマン,2022,2022-09-10,146000,673
スノーボード,2022,2022-02-11,145000,674
Benfica,2022,2022-10-05,145000,675
Kendrick,2022,2022-05-09,145000,676
FACupFinal,2022,2022-05-14,145000,677
WorldEnvironmentDay,2022,2022-06-05,145000,678
スノキュン生配信,2022,2022-07-12,145000,679
Barça,2022,2022-02-06,144000,680
虹ヶ咲,2022,2022-04-09,144000,681
JHOPE,2022,2022-06-08,144000,682
RoçaAFazenda,2022,2022-10-12,144000,683
PokemonScarletViolet,2022,2022-06-01,143000,684
NICEFLIGHT,2022,2022-07-22,143000,685
Amici21,2022,2022-04-17,142000,686
ダービー,2022,2022-05-29,142000,687
MewFtBumkey,2022,2022-07-01,142000,688
FELIPonGlobalSpin,2022,2022-07-05,142000,689
DalySunScreenxENGLOT,2022,2022-12-17,142000,690
Madeleine Albright,2022,2022-03-24,141000,691
บ่วงวิมาลาep13,2022,2022-09-26,141000,692
HOTD,2022,2022-08-22,140000,693
箱根駅伝,2022,2022-01-02,139000,694
Raiders,2022,2022-10-11,139000,695
gfvip,2022,2022-01-29,139000,696
SO PROUD OF YOU BTS,2022,2022-05-26,139000,697
アイマス17歳おめでとう,2022,2022-07-26,139000,698
Giants,2022,2022-09-27,139000,699
Demar,2022,2022-01-02,138000,700
PARK JIMIN,2022,2022-06-18,138000,701
MUSICDAY,2022,2022-07-02,138000,702
عيد_الاضحي_المبارك,2022,2022-07-09,138000,703
WanDayXBuild,2022,2022-12-15,138000,704
UFC271,2022,2022-02-13,137000,705
안녕BANGKOK,2022,2022-09-17,137000,706
羽生くん,2022,2022-02-10,136000,707
RMACHE,2022,2022-04-12,136000,708
Padres,2022,2022-08-02,136000,709
Bears,2022,2022-10-25,136000,710
仲本工事さん,2022,2022-10-19,136000,711
우지_믹스테잎_루비_6시,2022,2022-01-03,135000,712
UELfinal,2022,2022-05-19,135000,713
거짓말없어_세븐틴은_HOT,2022,2022-05-27,135000,714
CMPunjabElection,2022,2022-07-22,135000,715
Velez,2022,2022-09-01,135000,716
ARGKSA,2022,2022-11-22,135000,717
スペース,2022,2022-12-16,135000,718
Bama,2022,2022-01-11,134000,719
PlayStation,2022,2022-01-18,133000,720
Louies,2022,2022-01-27,133000,721
Ferrari,2022,2022-06-12,133000,722
SalarioRosaContinua,2022,2022-08-17,133000,723
RocaAFazenda,2022,2022-09-21,133000,724
Coutinho,2022,2022-01-07,132000,725
UFC272,2022,2022-03-06,132000,726
Tatum,2022,2022-04-18,132000,727
UFCLondon,2022,2022-07-23,132000,728
SNSD,2022,2022-05-17,132000,729
TeşekkürlerErdoğan,2022,2022-07-18,132000,730
Newcastle,2022,2022-08-31,132000,731
JustinBieberNoMultishow,2022,2022-09-05,132000,732
WWERaw,2022,2022-10-11,131000,733
André,2022,2022-11-16,131000,734
PortfolioDay,2022,2022-07-12,130000,735
ゴールデンカムイ,2022,2022-04-28,130000,736
Fajardo,2022,2022-05-24,130000,737
カウコン,2022,2022-12-31,130000,738
Fábio,2022,2022-01-06,129000,739
KinnPorscheTicketsDay,2022,2022-06-18,129000,740
AimHigher,2022,2022-07-27,129000,741
Roger Federer,2022,2022-09-15,129000,742
ufotable,2022,2022-09-16,129000,743
CHEARS,2022,2022-11-06,129000,744
ARSD,2022,2022-06-06,128000,745
Cloudflare,2022,2022-06-21,128000,746
나연팝_솔로데뷔,2022,2022-06-24,128000,747
Sri Lanka,2022,2022-09-11,128000,748
いい推しの日,2022,2022-11-04,128000,749
LatinGRAMMY,2022,2022-11-18,128000,750
JohnsonOut14,2022,2022-02-07,127000,751
Everton,2022,2022-04-09,127000,752
ThorLoveAndThunder,2022,2022-05-24,127000,753
Travessia,2022,2022-10-11,127000,754
Eslo,2022,2022-01-27,126000,755
アニメ化,2022,2022-02-23,126000,756
WorldCupDraw,2022,2022-04-01,126000,757
RamazanBayramı,2022,2022-05-02,126000,758
MakatiIsPink,2022,2022-05-07,126000,759
Merrick Garland,2022,2022-08-11,126000,760
APCPresidentialPrimaries,2022,2022-06-08,125000,761
世にも奇妙な物語,2022,2022-06-18,125000,762
SalarioRosaNoSeDetiene,2022,2022-07-02,125000,763
GMMTVreadyforJapanD2,2022,2022-08-25,125000,764
KIM TAEHYUNG,2022,2022-12-23,125000,765
NationalChampionship,2022,2022-01-11,124000,766
ゼンカイジャー,2022,2022-02-27,124000,767
伏見ガク3D,2022,2022-03-18,124000,768
Mendy,2022,2022-04-06,124000,769
MothersDay,2022,2022-05-08,124000,770
DISTRICT,2022,2022-06-16,124000,771
土用の丑の日,2022,2022-07-23,124000,772
QueenRadio,2022,2022-08-12,124000,773
SalarioRosaSigue,2022,2022-08-24,124000,774
SabuymasterxENGFA,2022,2022-09-09,124000,775
HYUNA,2022,2022-02-03,123000,776
RussiaUkraineWar,2022,2022-02-25,123000,777
Butler,2022,2022-05-30,123000,778
GranHermano,2022,2022-10-18,123000,779
CHELIV,2022,2022-02-27,122000,780
ดวงใจเทวพรหมdebutnight,2022,2022-03-23,122000,781
Atlas,2022,2022-05-30,122000,782
Estonia,2022,2022-06-05,122000,783
SOUMUN,2022,2022-08-27,122000,784
Chargers,2022,2022-09-16,122000,785
Phillies,2022,2022-10-29,122000,786
MakarSankranti,2022,2022-01-14,121000,787
Haney,2022,2022-06-05,121000,788
GuruPurnima,2022,2022-07-13,121000,789
قطر_الاكوادور,2022,2022-11-20,121000,790
WayV_3rdAnniversary,2022,2022-01-16,120000,791
Mステ,2022,2022-08-05,120000,792
Giannis,2022,2022-04-01,120000,793
Forest,2022,2022-05-17,120000,794
Eril,2022,2022-06-09,120000,795
Cowboys,2022,2022-10-17,120000,796
オールスター感謝祭22秋,2022,2022-10-01,120000,797
Maguire,2022,2022-03-15,119000,798
Alonso,2022,2022-08-28,119000,799
Chris Pine,2022,2022-09-06,119000,800
7YearsWith9WICE,2022,2022-10-19,119000,801
ถ้าโลกนี้ไม่มีGPSxอิงล็อต,2022,2022-10-28,119000,802
AprilsBlossomSEHUN,2022,2022-04-11,118000,803
HEESEUNG_OFFMYFACE,2022,2022-05-30,118000,804
RESPECT JISOO,2022,2022-07-11,118000,805
SalarioRosaEstaContigo,2022,2022-07-13,118000,806
LulaNoJN,2022,2022-08-25,118000,807
Coolio,2022,2022-09-29,118000,808
TREASURE 600K PREORDERS,2022,2022-01-20,117000,809
트와이스와_원스의_소중한7년,2022,2022-10-19,117000,810
Pedri,2022,2022-02-27,116000,811
becasedomex,2022,2022-01-21,116000,812
Def_LOVE_OUTNOW,2022,2022-01-26,116000,813
EstoSeraLegendaddy,2022,2022-05-19,116000,814
HEEling COVER,2022,2022-05-30,116000,815
スプラ3,2022,2022-09-08,116000,816
Tariq,2022,2022-01-27,115000,817
BlackHistoryMonth,2022,2022-02-01,115000,818
SUHOs_Resume_For_EXOL,2022,2022-02-19,115000,819
JO1ANNX,2022,2022-04-27,115000,820
엔하이픈_희승,2022,2022-05-30,115000,821
ZeeMeShow,2022,2022-08-20,115000,822
EnchantedToMeetJAKE,2022,2022-11-14,115000,823
KARA,2022,2022-12-23,115000,824
みっころね24,2022,2022-01-02,114000,825
maddy,2022,2022-01-17,114000,826
FaceABaba,2022,2022-01-27,114000,827
precure,2022,2022-02-06,114000,828
Kentucky,2022,2022-03-18,114000,829
Rodinei,2022,2022-10-20,114000,830
BBB101,2022,2022-04-29,114000,831
Ganesh Chaturthi,2022,2022-08-31,114000,832
ARSTOT,2022,2022-10-01,114000,833
Aaron Carter,2022,2022-11-05,114000,834
Sony,2022,2022-01-31,113000,835
Happy 420,2022,2022-04-20,113000,836
UFC275,2022,2022-06-12,113000,837
Cássio,2022,2022-07-06,113000,838
Vyni,2022,2022-02-04,112000,839
SNOOP DOGG,2022,2022-03-25,112000,840
TreasureMakerSelcaDay,2022,2022-06-06,112000,841
VersionsOfMe,2022,2022-04-13,111000,842
Kavanaugh,2022,2022-06-08,111000,843
รักนะมายนายรอยยิ้ม,2022,2022-08-11,111000,844
OnurŞener,2022,2022-10-03,111000,845
França,2022,2022-11-23,111000,846
Browns,2022,2022-01-04,110000,847
Broncos,2022,2022-10-18,110000,848
RESPECT LISA,2022,2022-07-11,110000,849
ختام_سكربت,2022,2022-08-17,110000,850
jhopexMAMA,2022,2022-11-30,110000,851
AFCON2021,2022,2022-02-04,109000,852
UsykJoshua2,2022,2022-08-20,109000,853
Herbert,2022,2022-09-16,109000,854
GH22,2022,2022-10-24,109000,855
ยิ้มหวาน,2022,2022-07-30,108000,856
Patriots,2022,2022-12-19,108000,857
JanetJacksonDoc,2022,2022-01-29,107000,858
Brian Flores,2022,2022-02-02,107000,859
William Hurt,2022,2022-03-14,107000,860
NGAGHA,2022,2022-03-29,107000,861
خليفه_بن_زايد,2022,2022-05-13,107000,862
Steelers,2022,2022-09-11,107000,863
Mets,2022,2022-12-21,107000,864
アルハイゼン,2022,2022-12-09,107000,865
TRPG,2022,2022-02-10,106000,866
Ramazan,2022,2022-04-01,106000,867
2022KPOPMASTERZ_BKK,2022,2022-07-02,106000,868
chandigarhuniversity,2022,2022-09-18,106000,869
Konyadakatliamvar,2022,2022-11-25,106000,870
ElClasico,2022,2022-07-24,105000,871
シンデレラ10周年_トロピカルday2,2022,2022-01-30,105000,872
Embiid,2022,2022-04-21,105000,873
StrangerThings4,2022,2022-05-27,105000,874
NBAFinals,2022,2022-06-03,105000,875
フロイニ,2022,2022-06-17,105000,876
OP_FILMRED,2022,2022-08-06,105000,877
せっかくグルメ,2022,2022-01-02,104000,878
タコピー,2022,2022-03-03,104000,879
Maracanã,2022,2022-07-14,104000,880
HEART ATTACK ON HDARMY,2022,2022-08-11,104000,881
Verstappen,2022,2022-08-28,104000,882
Mitchell,2022,2022-09-01,104000,883
lexi,2022,2022-01-17,103000,884
Samsun,2022,2022-02-04,103000,885
Booker,2022,2022-05-16,103000,886
Mike Tyson,2022,2022-04-21,103000,887
Milton Ribeiro,2022,2022-06-22,103000,888
AustrianGP,2022,2022-07-08,103000,889
Jô Soares,2022,2022-08-05,103000,890
모일수록_완벽한_드림6주년,2022,2022-08-24,103000,891
山南さん,2022,2022-09-14,103000,892
紅の豚,2022,2022-01-14,102000,893
Notifications,2022,2022-02-07,102000,894
sürtük,2022,2022-06-01,102000,895
APCPrimaries,2022,2022-06-08,102000,896
6rowingUpWith7DREAM,2022,2022-08-24,102000,897
Brighton,2022,2022-10-29,102000,898
勤労感謝の日,2022,2022-11-23,102000,899
Marrocos,2022,2022-12-14,102000,900
Kirstie Alley,2022,2022-12-06,102000,901
Xhaka,2022,2022-01-14,101000,902
Mahomes,2022,2022-01-24,101000,903
未来への10カウント,2022,2022-06-09,101000,904
LiberenACoco,2022,2022-05-26,101000,905
Southgate,2022,2022-11-25,101000,906
14MProudOfWIN,2022,2022-07-29,101000,907
にじさんじ甲子園,2022,2022-08-12,101000,908
アクスタFest,2022,2022-09-10,101000,909
Tottenham,2022,2022-11-01,101000,910
Ferran,2022,2022-02-17,100000,911
StormEunice,2022,2022-02-18,100000,912
TransDayOfVisibility,2022,2022-03-31,100000,913
MsMarvel,2022,2022-06-08,100000,914
AllStarGame,2022,2022-07-20,100000,915
Hamilton,2022,2022-08-28,100000,916
Nordeste,2022,2022-10-02,100000,917
Bungie,2022,2022-01-31,99000,918
JAYBsRNBxJinyoung,2022,2022-04-20,99000,919
宝塚記念,2022,2022-06-26,99000,920
คืนนับดาวEP9,2022,2022-06-30,99000,921
Bartın,2022,2022-10-14,99000,922
オフサイド,2022,2022-11-23,99000,923
Bruce Willis,2022,2022-03-30,98000,924
Marseille,2022,2022-11-01,98000,925
QATECU,2022,2022-11-20,98000,926
یوم_نجات_29_نومبر,2022,2022-11-29,98000,927
UTAGE,2022,2022-01-07,97000,928
Nathan Chen,2022,2022-02-10,97000,929
Sixers,2022,2022-02-10,97000,930
helloworld2022,2022,2022-02-26,97000,931
WorldHealthDay,2022,2022-04-07,97000,932
GirlsGeneration,2022,2022-05-17,97000,933
PlatinumPartyatthePalace,2022,2022-06-04,97000,934
Rabiot,2022,2022-08-08,97000,935
Foden,2022,2022-11-25,97000,936
Andalucía,2022,2022-02-28,96000,937
MemorialDay,2022,2022-05-30,96000,938
Gove,2022,2022-07-06,96000,939
Nunez,2022,2022-07-21,96000,940
Nunes,2022,2022-07-31,96000,941
仮面ライダーギーツ,2022,2022-09-04,96000,942
AEWAllOut,2022,2022-09-05,96000,943
Destiny,2022,2022-01-31,95000,944
Hugo,2022,2022-05-25,95000,945
BreakMySoul,2022,2022-06-21,95000,946
Ivana Trump,2022,2022-07-14,95000,947
Japão,2022,2022-11-23,95000,948
GERJPN,2022,2022-11-23,95000,949
Bélgica,2022,2022-11-27,95000,950
J-HOPE AT MAMA TODAY,2022,2022-11-30,95000,951
Tribunal Constitucional,2022,2022-12-20,95000,952
WEBTOON_V,2022,2022-01-08,94000,953
CriticsChoiceAwards,2022,2022-03-14,94000,954
Jokic,2022,2022-05-09,94000,955
SalarioRosaVePorMas,2022,2022-09-20,94000,956
READY FOR LOVE OUT TODAY,2022,2022-07-29,94000,957
UFCParis,2022,2022-09-03,94000,958
ガンダム,2022,2022-09-25,94000,959
Thiago,2022,2022-10-18,94000,960
Speak Now,2022,2022-10-25,94000,961
推しゴトメモリー2022,2022,2022-12-27,94000,962
Josh Allen,2022,2022-09-09,93000,963
مصر_الكاميرون,2022,2022-02-04,93000,964
RMAPSG,2022,2022-03-09,93000,965
Yuri Alberto,2022,2022-08-18,93000,966
Felipe Melo,2022,2022-09-16,93000,967
Jets,2022,2022-10-16,93000,968
Zappe,2022,2022-10-25,93000,969
TokopediaTVShow,2022,2022-02-02,92000,970
Calvin Ridley,2022,2022-03-08,92000,971
CassperVsNaakMusiq,2022,2022-04-10,92000,972
Serbia,2022,2022-05-14,92000,973
GBGB1stWin,2022,2022-05-20,92000,974
Ivete50,2022,2022-05-28,92000,975
PlatinumJubilee,2022,2022-06-02,92000,976
Rogers,2022,2022-07-08,92000,977
Dami,2022,2022-07-18,92000,978
Ravens,2022,2022-10-02,92000,979
Aaron Judge,2022,2022-10-05,92000,980
アーマードコアの新作,2022,2022-12-09,92000,981
Coti,2022,2022-12-29,92000,982
GoDawgs,2022,2022-01-11,91000,983
Adama,2022,2022-02-06,91000,984
Paddy,2022,2022-12-11,91000,985
パタ姐3D,2022,2022-08-05,91000,986
จีบหนูหน่อยxอิงล็อต,2022,2022-09-08,91000,987
더비의_선물_재현아_생일축하해,2022,2022-09-12,91000,988
Tumblr,2022,2022-11-18,91000,989
CantikFest,2022,2022-02-02,90000,990
WMBacklash,2022,2022-05-09,90000,991
ObiWan,2022,2022-06-22,90000,992
SalarioRosaVaPorMas,2022,2022-06-15,90000,993
Alito,2022,2022-07-20,90000,994
WeFightForBTS,2022,2022-08-22,90000,995
THEDREAMSHOW2_DAY1,2022,2022-09-08,90000,996
gurunanakjayanti,2022,2022-11-08,90000,997
Mattarella,2022,2022-01-29,89000,998
DavidoO2,2022,2022-03-06,89000,999
MonacoGP,2022,2022-05-28,89000,1000
マイファミリー,2022,2022-06-12,89000,1001
LekkiMassacre,2022,2022-10-20,89000,1002
ENGUSA,2022,2022-11-25,89000,1003
Utah,2022,2022-09-04,88000,1004
Klay,2022,2022-05-14,88000,1005
キズナアイ,2022,2022-02-26,88000,1006
PSGOM,2022,2022-04-17,88000,1007
KurbanBayramı,2022,2022-07-09,88000,1008
Oli30,2022,2022-08-31,88000,1009
LEIMUN,2022,2022-09-01,88000,1010
Post Malone,2022,2022-09-04,88000,1011
Brady,2022,2022-12-06,88000,1012
SmackDown,2022,2022-12-31,87000,1013
プリキュア,2022,2022-02-06,87000,1014
有吉ゼミ,2022,2022-03-07,87000,1015
Eleksyon2022,2022,2022-05-09,87000,1016
Yedam,2022,2022-05-27,87000,1017
HindusUnderAttackInIndia,2022,2022-06-10,87000,1018
EstreiaAFazenda,2022,2022-09-14,87000,1019
日本シリーズ2022,2022,2022-10-23,87000,1020
HOTDFinale,2022,2022-10-24,87000,1021
jay park,2022,2022-04-19,86000,1022
Raphinha,2022,2022-06-28,86000,1023
HYUNJAE_HEART_YOU,2022,2022-09-12,86000,1024
Juliana,2022,2022-11-17,86000,1025
Baker,2022,2022-01-04,85000,1026
Mustafa Kemal Atatürk,2022,2022-03-18,85000,1027
Baylor,2022,2022-03-19,85000,1028
TokopediaxBTS,2022,2022-06-02,85000,1029
お笑いの日,2022,2022-10-08,85000,1030
As 10,2022,2022-12-17,85000,1031
Wolves,2022,2022-01-03,84000,1032
ferrugem,2022,2022-01-29,84000,1033
쇼트트랙,2022,2022-02-07,84000,1034
Chernobyl,2022,2022-02-24,84000,1035
StrawberryParty,2022,2022-05-02,84000,1036
Thug,2022,2022-05-10,84000,1037
LOrealNewExOilxNunew,2022,2022-08-11,84000,1038
Martina,2022,2022-10-31,84000,1039
COMPLETEMESS,2022,2022-03-02,83000,1040
加藤純一,2022,2022-03-12,83000,1041
Kylie,2022,2022-05-03,83000,1042
Halalan2022,2022,2022-05-09,83000,1043
東京リベンジャーズ,2022,2022-07-30,83000,1044
Dorival,2022,2022-10-20,83000,1045
INDvsBAN,2022,2022-11-02,83000,1046
TrumpAnnouncement,2022,2022-11-16,83000,1047
geccek,2022,2022-02-17,82000,1048
Jrue,2022,2022-05-12,82000,1049
BetterCallSaul,2022,2022-08-16,82000,1050
DebateFinal,2022,2022-05-28,82000,1051
男闘呼組,2022,2022-07-16,82000,1052
Almería,2022,2022-08-14,82000,1053
Valparaíso,2022,2022-08-28,82000,1054
ชาเม่xเพชรล็อต,2022,2022-09-26,82000,1055
Dodgers,2022,2022-10-12,82000,1056
MUNTOT,2022,2022-10-19,82000,1057
Justin Jefferson,2022,2022-11-13,82000,1058
KOREAQUEST_JHOPE,2022,2022-01-12,81000,1059
NickiFreakyGirl,2022,2022-07-13,81000,1060
BeyondFast,2022,2022-09-29,81000,1061
メイケイエール,2022,2022-01-30,80000,1062
Happy New Month,2022,2022-07-01,80000,1063
Chris Paul,2022,2022-05-16,80000,1064
Veiga,2022,2022-07-15,80000,1065
BTS PAVED THE WAY,2022,2022-05-26,80000,1066
DavisRomero,2022,2022-05-29,80000,1067
ErdenTimuruYedirmeyiz,2022,2022-08-10,80000,1068
LaAcademiaGranFinal,2022,2022-08-15,80000,1069
SixTONES_GoodLuck,2022,2022-10-07,80000,1070
ISIS,2022,2022-02-03,79000,1071
TEPPEN,2022,2022-02-05,79000,1072
Rwanda,2022,2022-04-14,79000,1073
matilda,2022,2022-05-20,79000,1074
BebasOngkirSebebasnya,2022,2022-06-02,79000,1075
taylorhawkinstribute,2022,2022-09-03,79000,1076
De Gea,2022,2022-10-30,79000,1077
年越しそば,2022,2022-12-31,79000,1078
karl,2022,2022-01-07,78000,1079
Tannehill,2022,2022-01-23,78000,1080
StrayKids1stOnBB200,2022,2022-03-29,78000,1081
eaJCarCrash,2022,2022-04-07,78000,1082
ESPN,2022,2022-04-16,78000,1083
Vélez,2022,2022-07-07,78000,1084
AEWDynamite,2022,2022-01-20,77000,1085
DinnerDateOhmNanon,2022,2022-02-11,77000,1086
声優アワード,2022,2022-03-05,77000,1087
Watson,2022,2022-03-11,77000,1088
Matt Ryan,2022,2022-03-21,77000,1089
Packers,2022,2022-10-16,77000,1090
Jimmy Butler,2022,2022-05-28,77000,1091
UECLfinal,2022,2022-05-25,77000,1092
Indy500,2022,2022-05-29,77000,1093
グウェル3D,2022,2022-07-22,77000,1094
Alcaraz,2022,2022-09-10,77000,1095
原神予告番組,2022,2022-11-23,77000,1096
Saints,2022,2022-12-06,77000,1097
Dina Boluarte,2022,2022-12-07,77000,1098
ミステリと言う勿れ,2022,2022-01-10,76000,1099
Hall of Fame,2022,2022-01-26,76000,1100
TEUMESayangTREASURE,2022,2022-02-02,76000,1101
OpeningDay,2022,2022-04-07,76000,1102
الهلال_ابها,2022,2022-05-29,76000,1103
RolandGarros,2022,2022-05-31,76000,1104
ECHR,2022,2022-06-14,76000,1105
YUGYEOM1stLiveInBKK,2022,2022-07-09,76000,1106
Theory,2022,2022-07-26,76000,1107
モンスト,2022,2022-08-13,76000,1108
BetweenUsTheSeries,2022,2022-09-28,76000,1109
スパカリでJO1とハピメリ,2022,2022-12-19,76000,1110
Nenê,2022,2022-02-18,75000,1111
SixTONES_共鳴,2022,2022-02-28,75000,1112
Gabigol,2022,2022-09-01,75000,1113
Ja Morant,2022,2022-05-04,75000,1114
七夕の願い事2022,2022,2022-07-07,75000,1115
Caro Quintero,2022,2022-07-16,75000,1116
ニィロウ,2022,2022-09-16,75000,1117
Tennessee,2022,2022-11-05,75000,1118
GivingTuesday,2022,2022-11-29,75000,1119
SecretEstreno,2022,2022-01-14,74000,1120
Falcons,2022,2022-03-21,74000,1121
緋色の弾丸,2022,2022-04-22,74000,1122
ARSMUN,2022,2022-04-23,74000,1123
駅総選挙,2022,2022-05-02,74000,1124
Secret Service,2022,2022-06-28,74000,1125
Tasha,2022,2022-07-14,74000,1126
LIVNEW,2022,2022-08-31,74000,1127
Emmys2022,2022,2022-09-13,74000,1128
ProtectMySocialSecurity,2022,2022-10-31,74000,1129
ArmyDay,2022,2022-01-15,73000,1130
Dame,2022,2022-02-08,73000,1131
StateOfTheUnion,2022,2022-03-02,73000,1132
Mamãe Falei,2022,2022-03-05,73000,1133
ODDINARY_BB200No1,2022,2022-03-29,73000,1134
Simeone,2022,2022-04-13,73000,1135
SMTOWN,2022,2022-04-25,73000,1136
النصر_الشباب,2022,2022-05-06,73000,1137
LIVTOT,2022,2022-05-07,73000,1138
スターズオンアース,2022,2022-05-22,73000,1139
Hulk,2022,2022-06-23,73000,1140
プロトマーリン,2022,2022-07-30,73000,1141
Om Shanti,2022,2022-12-30,73000,1142
Riri,2022,2022-01-31,72000,1143
Twosday,2022,2022-02-22,72000,1144
開催中祝,2022,2022-03-06,72000,1145
Camp Nou,2022,2022-03-30,72000,1146
민규를_사랑하는_406가지_이유,2022,2022-04-05,72000,1147
StanleyCup,2022,2022-06-27,72000,1148
조슈아_생일이_다가온다_셋둘하나,2022,2022-12-29,72000,1149
NationalYouthDay,2022,2022-01-12,71000,1150
FelizAniversarioBolsonaro,2022,2022-03-21,71000,1151
Savic,2022,2022-04-13,71000,1152
SheHulk,2022,2022-08-18,71000,1153
GoAvsGo,2022,2022-06-27,71000,1154
Moreno,2022,2022-07-31,71000,1155
_WORLD5thWin,2022,2022-08-04,71000,1156
COCOA,2022,2022-09-13,71000,1157
Osasuna,2022,2022-11-09,71000,1158
المغرب_بلجيكا,2022,2022-11-27,71000,1159
BELMAR,2022,2022-11-27,71000,1160
千と千尋の神隠し,2022,2022-01-07,70000,1161
IPLAuction,2022,2022-02-12,70000,1162
Gonzaga,2022,2022-03-25,70000,1163
シンデレラ10周年_ファイナルday1,2022,2022-04-02,70000,1164
恋マジ,2022,2022-06-06,70000,1165
LOVEZeePruk3M,2022,2022-08-30,70000,1166
会員登録,2022,2022-09-10,70000,1167
Figma,2022,2022-09-15,70000,1168
ウミディグダ,2022,2022-09-28,70000,1169
قطر_السنغال,2022,2022-11-25,70000,1170
49ers,2022,2022-09-26,69000,1171
viny,2022,2022-02-04,69000,1172
MinGYUMakeMySpring,2022,2022-04-05,69000,1173
Rhaenyra,2022,2022-09-19,69000,1174
StarAcademy,2022,2022-11-05,69000,1175
天気の子,2022,2022-11-06,69000,1176
YalıÇapkını,2022,2022-12-30,69000,1177
オニャンコポン,2022,2022-01-16,68000,1178
Chen,2022,2022-01-19,68000,1179
BecasEdomex,2022,2022-01-20,68000,1180
長尾景3D,2022,2022-04-30,68000,1181
Chandler,2022,2022-05-08,68000,1182
Tigres,2022,2022-05-22,68000,1183
KPがichiban,2022,2022-07-16,68000,1184
TheBachelorette,2022,2022-09-21,68000,1185
ダイの大冒険,2022,2022-10-22,68000,1186
ゆくマスくるマス2022,2022,2022-12-27,68000,1187
HarryPotter20thAnniversary,2022,2022-01-01,67000,1188
ENSD,2022,2022-01-08,67000,1189
Murree,2022,2022-01-08,67000,1190
reducecryptotax,2022,2022-02-03,67000,1191
Cameroon,2022,2022-11-28,67000,1192
nitiasa,2022,2022-02-27,67000,1193
Al Horford,2022,2022-05-10,67000,1194
ドンブラザーズ,2022,2022-10-23,67000,1195
Beyonce,2022,2022-07-29,67000,1196
FELIPonASAPfordaWin,2022,2022-07-31,67000,1197
バニーの日,2022,2022-08-02,67000,1198
DemiLovatoNoMultishow,2022,2022-09-05,67000,1199
Green Day,2022,2022-09-10,67000,1200
Nia Long,2022,2022-09-22,67000,1201
Deadpool3,2022,2022-09-28,67000,1202
RobsDay,2022,2022-09-29,67000,1203
Sam Bankman,2022,2022-12-13,67000,1204
TEMPTATION,2022,2022-12-20,67000,1205
TheNameChapter,2022,2022-12-20,67000,1206
MOA_X_TOGETHER,2022,2022-03-05,66000,1207
スパチャ,2022,2022-03-12,66000,1208
STRAY KIDS TOPS BB200,2022,2022-03-29,66000,1209
Guardiola,2022,2022-04-13,66000,1210
Bulls,2022,2022-04-18,66000,1211
JÃO NO FANTÁSTICO,2022,2022-05-02,66000,1212
NintendoSwitch2022,2022,2022-12-14,66000,1213
ピカチュウ,2022,2022-12-16,66000,1214
BTS HISTORY MAKERS,2022,2022-05-15,65000,1215
アゲインガチャ,2022,2022-08-13,65000,1216
Notre Dame,2022,2022-09-11,65000,1217
WorldSeries,2022,2022-10-29,65000,1218
BORNPINKinBANGKOK,2022,2022-11-17,65000,1219
TERA,2022,2022-01-19,64000,1220
GTA 6,2022,2022-09-18,64000,1221
MondayMotivation,2022,2022-04-25,64000,1222
ATMMCI,2022,2022-04-13,64000,1223
Benito,2022,2022-05-06,64000,1224
フォールガイズ,2022,2022-06-21,64000,1225
January6thHearings,2022,2022-06-28,64000,1226
プライムデー,2022,2022-07-11,64000,1227
Alaba,2022,2022-08-14,64000,1228
Seahawks,2022,2022-09-13,64000,1229
Gasly,2022,2022-10-09,64000,1230
MUFC,2022,2022-01-03,63000,1231
Joe Burrow,2022,2022-01-23,63000,1232
Alisson,2022,2022-01-28,63000,1233
크래비티_아드레날린_전야제,2022,2022-03-21,63000,1234
かなたんしか勝たん,2022,2022-04-22,63000,1235
Spurs,2022,2022-05-07,63000,1236
SalarioRosaFamiliasFuertes,2022,2022-07-06,63000,1237
더보이즈_위스퍼_준비완료,2022,2022-08-15,63000,1238
仙台育英,2022,2022-08-20,63000,1239
Adobe,2022,2022-09-15,63000,1240
SinaisDoOutroLado,2022,2022-11-13,63000,1241
الاتحاد_الرايد,2022,2022-01-14,62000,1242
Brunna,2022,2022-01-28,62000,1243
น้อยแต่มาก_DANxYinWar,2022,2022-04-07,62000,1244
LetTheEarthBreath,2022,2022-04-14,62000,1245
SunshineCHAERYEONGDay,2022,2022-06-04,62000,1246
村上56号,2022,2022-10-03,62000,1247
Reece James,2022,2022-10-05,62000,1248
Mac Jones,2022,2022-10-25,62000,1249
OMTOT,2022,2022-11-01,62000,1250
KedsThailandXJeffBarcode,2022,2022-11-03,62000,1251
TheGameAwards,2022,2022-12-09,62000,1252
Jinni,2022,2022-12-09,62000,1253
Tonga,2022,2022-01-15,61000,1254
Bruna,2022,2022-02-08,61000,1255
Andreas,2022,2022-03-06,61000,1256
Arkansas,2022,2022-03-25,61000,1257
オールスター感謝祭22春,2022,2022-03-26,61000,1258
스키즈_빌보드200_첫1위_축하해,2022,2022-03-29,61000,1259
UFC273,2022,2022-04-10,61000,1260
Ramsey,2022,2022-05-19,61000,1261
ガレヲン,2022,2022-06-17,61000,1262
エフフォーリア,2022,2022-06-26,61000,1263
グミの日,2022,2022-09-03,61000,1264
9Eylül,2022,2022-09-09,61000,1265
Marshall,2022,2022-09-11,61000,1266
chivas,2022,2022-09-18,61000,1267
Jalen,2022,2022-09-20,61000,1268
MevlidKandili,2022,2022-10-07,61000,1269
BORNPINKBANGKOK,2022,2022-11-16,61000,1270
الهلال_الاتفاق,2022,2022-12-21,61000,1271
オジュウチョウサン,2022,2022-12-24,61000,1272
GedsonuGetirElmas,2022,2022-02-01,60000,1273
TravisJapan,2022,2022-02-11,60000,1274
Pumas,2022,2022-05-05,60000,1275
IndiaWithRahulGandhi,2022,2022-06-13,60000,1276
Panthers,2022,2022-07-06,60000,1277
ホームラン,2022,2022-07-26,60000,1278
Knights,2022,2022-07-26,60000,1279
江おんすていじ,2022,2022-07-27,60000,1280
Kelis,2022,2022-07-29,60000,1281
InternationalCatDay,2022,2022-08-08,60000,1282
WhereYouAtSB19,2022,2022-08-11,60000,1283
Game of Thrones,2022,2022-08-22,60000,1284
푸른파도에_새겨질_연준이의_가을,2022,2022-09-12,60000,1285
NCT 127 MV TEASER,2022,2022-09-13,60000,1286
Ariel,2022,2022-12-29,60000,1287
カフェファラオ,2022,2022-02-20,59000,1288
Deji,2022,2022-03-06,59000,1289
Asensio,2022,2022-03-09,59000,1290
Luca,2022,2022-06-27,59000,1291
PSGJuve,2022,2022-09-06,59000,1292
BMSGFES22,2022,2022-09-24,59000,1293
Davido,2022,2022-10-31,59000,1294
MANIFESTO_IN_MANILA,2022,2022-12-11,59000,1295
Phil Jones,2022,2022-01-03,58000,1296
العويس,2022,2022-01-09,58000,1297
Dembele,2022,2022-02-27,58000,1298
EVEMUN,2022,2022-04-09,58000,1299
LOUDER THAN BOMBS,2022,2022-05-14,58000,1300
Federer,2022,2022-09-24,58000,1301
swallows,2022,2022-10-03,58000,1302
OurRubyWOOZIday,2022,2022-11-21,58000,1303
Billie,2022,2022-02-11,57000,1304
SecretGala5,2022,2022-02-18,57000,1305
Iowa,2022,2022-03-17,57000,1306
ラプンツェル,2022,2022-03-25,57000,1307
Tom Parker,2022,2022-03-30,57000,1308
Clippers,2022,2022-04-16,57000,1309
Athletico,2022,2022-09-07,57000,1310
QueenMix,2022,2022-09-09,57000,1311
TheBachelor,2022,2022-03-15,56000,1312
jongdae,2022,2022-01-19,56000,1313
LeniAngatSaLahat,2022,2022-01-26,56000,1314
올라운더라키_24살_생일축하해,2022,2022-02-24,56000,1315
スッキリ,2022,2022-03-09,56000,1316
シャニマス4th_day2,2022,2022-04-24,56000,1317
EdomexFuerte,2022,2022-04-26,56000,1318
LOVE OF MY LIFE,2022,2022-05-20,56000,1319
الاتحاد_الطايي,2022,2022-05-29,56000,1320
생일자_채령나간다_길좀따까죠,2022,2022-06-04,56000,1321
Kyrgios,2022,2022-07-02,56000,1322
バナナサンド,2022,2022-07-12,56000,1323
Mardin,2022,2022-08-20,56000,1324
MyCasarte,2022,2022-08-23,56000,1325
與那城奨,2022,2022-10-07,56000,1326
BizimÇocuklar,2022,2022-10-09,56000,1327
Carr,2022,2022-12-29,56000,1328
Patronato,2022,2022-10-31,56000,1329
タッキー,2022,2022-11-07,56000,1330
ViVi国宝級イケメンランキング,2022,2022-12-15,56000,1331
オベロン,2022,2022-12-16,56000,1332
RiotGamesONE,2022,2022-12-24,56000,1333
呪術廻戦SP,2022,2022-01-10,55000,1334
Eliezer,2022,2022-04-11,55000,1335
ReformaLaboral,2022,2022-02-03,55000,1336
Timberwolves,2022,2022-04-13,55000,1337
كورو سانشيز,2022,2022-04-26,55000,1338
_WORLD2ndWin,2022,2022-07-28,55000,1339
おげんさん,2022,2022-08-18,55000,1340
Steph,2022,2022-11-12,55000,1341
VS魂,2022,2022-01-03,54000,1342
Big Ben,2022,2022-01-04,54000,1343
Raptor,2022,2022-01-24,54000,1344
Barry Bonds,2022,2022-01-26,54000,1345
Tiago,2022,2022-02-18,54000,1346
MUNLEI,2022,2022-04-02,54000,1347
CASARTE X GULF,2022,2022-08-23,54000,1348
Carvalho,2022,2022-08-31,54000,1349
Tiafoe,2022,2022-09-10,54000,1350
F4ThailandEP3,2022,2022-01-08,53000,1351
FNS歌謡祭春,2022,2022-03-23,53000,1352
EIAN LIVE ON ASAP,2022,2022-05-01,53000,1353
ElDebateDefinitivo,2022,2022-05-24,53000,1354
ESSENCEFest,2022,2022-07-02,53000,1355
TRAUMAZINE,2022,2022-08-12,53000,1356
乃木坂46ANN,2022,2022-12-21,52000,1357
Rabbim,2022,2022-02-05,52000,1358
Dani Alves,2022,2022-02-06,52000,1359
猫又おかゆ生誕ライブ2022,2022,2022-02-22,52000,1360
CHERRY_SUNWOO_DAY,2022,2022-04-11,52000,1361
Charlo,2022,2022-05-15,52000,1362
NupurSharama,2022,2022-07-01,52000,1363
Massa,2022,2022-07-28,52000,1364
映画東リベ放送中,2022,2022-07-30,52000,1365
The FBI,2022,2022-08-09,52000,1366
Adekunle,2022,2022-08-17,52000,1367
Stafford,2022,2022-09-09,52000,1368
stateofplay,2022,2022-09-14,52000,1369
クソおせち,2022,2022-01-01,51000,1370
imamoğluistifa,2022,2022-01-24,51000,1371
Rueda,2022,2022-01-29,51000,1372
Rossi,2022,2022-07-06,51000,1373
阪神タイガース,2022,2022-10-10,51000,1374
GhanaVsNaija,2022,2022-03-25,51000,1375
StandAndDeliver,2022,2022-04-02,51000,1376
Pantanal,2022,2022-04-20,51000,1377
BaileDaVogue2022,2022,2022-04-30,51000,1378
アイナナ7周年,2022,2022-08-19,51000,1379
Cavs,2022,2022-09-01,51000,1380
Kelce,2022,2022-10-11,51000,1381
AvlChe,2022,2022-10-16,51000,1382
エルピス,2022,2022-12-26,51000,1383
SUJUenlaArenaCDMX,2022,2022-12-20,51000,1384
nhkらじらー,2022,2022-01-08,50000,1385
OhmpawatOneInAMillion,2022,2022-02-03,50000,1386
SecretGala7,2022,2022-03-04,50000,1387
MAIARA E MARAISA NO FAUSTAO,2022,2022-03-05,50000,1388
シルヴァーソニック,2022,2022-05-01,50000,1389
ディープボンド,2022,2022-05-01,50000,1390
Reds,2022,2022-05-15,50000,1391
AusVotes22,2022,2022-05-21,50000,1392
ミンサガRS,2022,2022-06-01,50000,1393
ノーヒットノーラン,2022,2022-06-07,50000,1394
baystars,2022,2022-06-07,50000,1395
Aqours東京ドーム_Day1,2022,2022-06-25,50000,1396
Mariano,2022,2022-07-24,50000,1397
Mariners,2022,2022-10-16,50000,1398
kenyaelections2022,2022,2022-08-15,50000,1399
AtentadoACFK,2022,2022-09-02,50000,1400
CashAppExtraCredit,2022,2022-09-02,50000,1401
gsvgfk,2022,2022-09-05,50000,1402
Neuer,2022,2022-11-23,50000,1403
XF2022,2022,2022-12-09,50000,1404
Gaspard Ulliel,2022,2022-01-19,49000,1405
ARSLIV,2022,2022-01-21,49000,1406
David Ortiz,2022,2022-01-26,49000,1407
ホロポケカップ,2022,2022-01-27,49000,1408
John Clayton,2022,2022-03-19,49000,1409
Nodal,2022,2022-06-02,49000,1410
デアリングタクト,2022,2022-06-26,49000,1411
LaAcademiaDesafia,2022,2022-07-25,49000,1412
MOAのダイヤモンドボーイ,2022,2022-09-12,49000,1413
Kirk Cousins,2022,2022-09-20,49000,1414
Tata,2022,2022-10-17,49000,1415
CNNNYE,2022,2022-01-01,48000,1416
おざまきの未来予想図II,2022,2022-02-07,48000,1417
Viny,2022,2022-02-11,48000,1418
Michigan,2022,2022-03-17,48000,1419
Paulo Sousa,2022,2022-06-05,48000,1420
ForaArthur,2022,2022-04-16,48000,1421
Mavs,2022,2022-05-23,48000,1422
TaylorSerrano,2022,2022-05-01,48000,1423
DRPowerCouple,2022,2022-05-26,48000,1424
SONG FOR ARMY,2022,2022-06-02,48000,1425
Jacques,2022,2022-07-06,48000,1426
WE LOVE YOU LOUIS,2022,2022-08-11,48000,1427
Nelson,2022,2022-08-15,48000,1428
USOpen,2022,2022-08-30,48000,1429
Martinelli,2022,2022-11-07,48000,1430
ฟิตติ้งเจ้าสาวในสายลม,2022,2022-11-24,48000,1431
كريستيانو_رونالدو,2022,2022-12-30,48000,1432
Brock,2022,2022-01-02,47000,1433
MUNWOL,2022,2022-01-03,47000,1434
WomensHistoryMonth,2022,2022-03-01,47000,1435
MehmetAkifErsoy,2022,2022-03-12,47000,1436
luisa,2022,2022-03-13,47000,1437
evelyn hugo,2022,2022-03-24,47000,1438
それスノ,2022,2022-03-27,47000,1439
アイビスSD,2022,2022-07-31,47000,1440
JO1いつもありがとう,2022,2022-08-15,47000,1441
BharatJodoYatra,2022,2022-08-23,47000,1442
ايتام_خميس_مشيط,2022,2022-08-31,47000,1443
MasterChefBR,2022,2022-09-07,47000,1444
Cleveland,2022,2022-09-01,47000,1445
皆既月食,2022,2022-11-07,47000,1446
Lions,2022,2022-12-24,47000,1447
新年早々,2022,2022-12-31,47000,1448
カレーの日,2022,2022-01-22,46000,1449
Rigoberta,2022,2022-01-27,46000,1450
BURMUN,2022,2022-02-08,46000,1451
Gaviria,2022,2022-03-24,46000,1452
Bale,2022,2022-03-24,46000,1453
hyolyn,2022,2022-03-31,46000,1454
Celta,2022,2022-04-02,46000,1455
Kevin Samuels,2022,2022-05-06,46000,1456
howard,2022,2022-05-18,46000,1457
cuentapublica2022,2022,2022-06-01,46000,1458
井上尚弥,2022,2022-06-07,46000,1459
Diddy,2022,2022-06-27,46000,1460
SS9inBKK,2022,2022-07-10,46000,1461
UFCVegas59,2022,2022-08-07,46000,1462
Oregon,2022,2022-09-03,46000,1463
PERCY JACKSON,2022,2022-09-11,46000,1464
TAEYONG_FINE,2022,2022-11-11,46000,1465
الاتحاد_الشباب,2022,2022-12-22,46000,1466
mona,2022,2022-01-04,45000,1467
仮面ライダーリバイス,2022,2022-02-06,45000,1468
LIVARS,2022,2022-01-14,45000,1469
MOONBYUL_LUNATIC,2022,2022-01-19,45000,1470
Dennis,2022,2022-01-21,45000,1471
Mason Greenwood,2022,2022-01-30,45000,1472
InvestInYou,2022,2022-02-02,45000,1473
DOCNelleTueMani2,2022,2022-02-11,45000,1474
ウマ娘1周年,2022,2022-02-24,45000,1475
tina,2022,2022-03-13,45000,1476
ナンバMG5,2022,2022-05-11,45000,1477
Survivor,2022,2022-05-26,45000,1478
ZOUIS,2022,2022-06-11,45000,1479
UFCAustin,2022,2022-06-19,45000,1480
投票は香典じゃない,2022,2022-07-09,45000,1481
الزمالك,2022,2022-07-21,45000,1482
あんスタ,2022,2022-08-06,45000,1483
Murillo Karam,2022,2022-08-20,45000,1484
Honduras,2022,2022-09-24,45000,1485
shane dawson,2022,2022-10-03,45000,1486
Endrick,2022,2022-10-26,45000,1487
GenshinSpecialProgram,2022,2022-11-23,45000,1488
Bahamas,2022,2022-12-13,45000,1489
21 Aralık,2022,2022-12-21,45000,1490
天音かなた3周年LIVE,2022,2022-12-27,45000,1491
MacronDestitution,2022,2022-01-04,44000,1492
SwamiVivekananda,2022,2022-01-12,44000,1493
Elche,2022,2022-01-20,44000,1494
Vini,2022,2022-02-04,44000,1495
Lukaku,2022,2022-02-05,44000,1496
TaylorCatterall,2022,2022-02-27,44000,1497
Diego Alves,2022,2022-02-27,44000,1498
芸能人格付けチェック,2022,2022-03-22,44000,1499
さくらの日,2022,2022-03-27,44000,1500
PiliPinasDebates2022,2022,2022-04-03,44000,1501
Pelicans,2022,2022-04-16,44000,1502
ONEPIECE1015,2022,2022-04-24,44000,1503
Naomi,2022,2022-05-17,44000,1504
NASCAR,2022,2022-05-23,44000,1505
KinnPorscheEP9,2022,2022-06-04,44000,1506
Powell,2022,2022-06-15,44000,1507
Guzmán,2022,2022-07-02,44000,1508
Gonzalo de la Carrera,2022,2022-08-31,44000,1509
Stadia,2022,2022-09-29,44000,1510
BHACHE,2022,2022-10-29,44000,1511
태용_파인_들을준비됐지,2022,2022-11-11,44000,1512
جده_الان,2022,2022-11-24,44000,1513
Grealish,2022,2022-12-29,44000,1514
ゼンカイジャー,2022,2022-01-09,43000,1515
GoHomeBurakElmas,2022,2022-01-13,43000,1516
InterMilan,2022,2022-02-05,43000,1517
Kim Reynolds,2022,2022-03-02,43000,1518
TıpFakülteleriKapatılsın,2022,2022-03-19,43000,1519
Raptors,2022,2022-04-19,43000,1520
InvestInOurPlanet,2022,2022-04-22,43000,1521
زعاق_حايل,2022,2022-05-01,43000,1522
天皇賞春,2022,2022-05-01,43000,1523
ThomasCup,2022,2022-05-15,43000,1524
bbcqt,2022,2022-06-24,43000,1525
Ekin,2022,2022-06-27,43000,1526
Calleri,2022,2022-10-02,43000,1527
Cano,2022,2022-11-05,43000,1528
キングダム,2022,2022-07-15,43000,1529
Splatoon3,2022,2022-08-10,43000,1530
Hazard,2022,2022-09-06,43000,1531
Annie Ernaux,2022,2022-10-06,43000,1532
ありがとうダンカグ,2022,2022-10-28,43000,1533
Gil Manzano,2022,2022-11-09,43000,1534
Jack Smith,2022,2022-11-18,43000,1535
TXTat36thGoldenDiscAwards,2022,2022-01-08,42000,1536
CINvsTEN,2022,2022-01-23,42000,1537
Joni Mitchell,2022,2022-01-29,42000,1538
크래비티_멤버폭로전,2022,2022-03-10,42000,1539
ChampionsLeague,2022,2022-04-26,42000,1540
RHOA,2022,2022-05-02,42000,1541
little freak,2022,2022-05-20,42000,1542
アーニャ,2022,2022-06-25,42000,1543
ZETA,2022,2022-06-26,42000,1544
夏のハガモバ,2022,2022-08-27,42000,1545
Luis Enrique,2022,2022-11-11,42000,1546
MissVenezuela2022,2022,2022-11-17,42000,1547
TSvFB,2022,2022-12-24,42000,1548
BLEACH_anime,2022,2022-12-26,42000,1549
WOLARS,2022,2022-02-10,41000,1550
imas_ml_8th_day1,2022,2022-02-12,41000,1551
SecretNoche7,2022,2022-02-27,41000,1552
Dummy,2022,2022-03-10,41000,1553
Abel,2022,2022-07-15,41000,1554
UnVeranoSinTi,2022,2022-05-06,41000,1555
TXT14thWin,2022,2022-05-20,41000,1556
Clemson,2022,2022-09-06,41000,1557
交通事故,2022,2022-10-19,41000,1558
Tini,2022,2022-11-26,41000,1559
ARGMEX,2022,2022-11-26,41000,1560
FatihTerim,2022,2022-01-10,40000,1561
妓夫太郎,2022,2022-01-16,40000,1562
バルバトス,2022,2022-01-18,40000,1563
マスターデュエル,2022,2022-01-19,40000,1564
ابو جبل,2022,2022-02-04,40000,1565
Monterrey,2022,2022-02-05,40000,1566
サブチャンネル,2022,2022-02-11,40000,1567
りくりゅう,2022,2022-02-19,40000,1568
Rashford,2022,2022-03-15,40000,1569
PAINT_THE_CROWN,2022,2022-04-07,40000,1570
NEWLIV,2022,2022-04-30,40000,1571
UFCVegas54,2022,2022-05-15,40000,1572
Mick,2022,2022-06-19,40000,1573
WorldRefugeeDay,2022,2022-06-20,40000,1574
エアシャカール,2022,2022-07-10,40000,1575
monkeypox,2022,2022-07-23,40000,1576
Vargas,2022,2022-08-11,40000,1577
StrayKids3BillionStreams,2022,2022-08-15,40000,1578
Happy_2nd_ENniversary,2022,2022-11-29,40000,1579
UAAPCDC2022,2022,2022-12-10,40000,1580
シャニマスリプパ,2022,2022-01-08,39000,1581
Pekerman,2022,2022-01-29,39000,1582
Pogba,2022,2022-02-04,39000,1583
DCU,2022,2022-03-20,39000,1584
sahur,2022,2022-04-02,39000,1585
Fernandinho,2022,2022-04-26,39000,1586
Casero,2022,2022-05-07,39000,1587
brandedlikes,2022,2022-07-01,39000,1588
PresidentialDebate2022,2022,2022-07-26,39000,1589
SemifinalLaAcademia,2022,2022-08-07,39000,1590
हिंदी_दिवस,2022,2022-09-14,39000,1591
初恋の悪魔,2022,2022-09-24,39000,1592
酒のツマミになる話,2022,2022-10-07,39000,1593
PerempuanDesa,2022,2022-10-15,39000,1594
Koo App,2022,2022-11-18,39000,1595
LaIslaDeLasTentaciones10,2022,2022-11-25,39000,1596
엔하이픈_데뷔2주년_축하해,2022,2022-11-29,39000,1597
엔진_엔하이픈_커넥2주년,2022,2022-11-29,39000,1598
해피뉴이어,2022,2022-12-31,39000,1599
TeamComoros,2022,2022-01-24,38000,1600
VamosRafa,2022,2022-01-30,38000,1601
TheBookOfBobaFett,2022,2022-02-02,38000,1602
Petrópolis,2022,2022-02-16,38000,1603
Betis,2022,2022-03-03,38000,1604
UFCVegas50,2022,2022-03-13,38000,1605
MUNATL,2022,2022-03-15,38000,1606
U149アニメ化,2022,2022-04-03,38000,1607
シャブ漬け戦略,2022,2022-04-18,38000,1608
深澤辰哉誕生祭,2022,2022-05-04,38000,1609
BuddhaPurnima,2022,2022-05-16,38000,1610
渡邉理佐卒業コンサート_Day1,2022,2022-05-21,38000,1611
HBDtoSHOWNU,2022,2022-06-17,38000,1612
au回線,2022,2022-07-02,38000,1613
温帯低気圧,2022,2022-07-05,38000,1614
Cruz Azul,2022,2022-08-21,38000,1615
7desetembro,2022,2022-09-07,38000,1616
Sheryl Lee Ralph,2022,2022-09-13,38000,1617
ProvaDoFazendeiro,2022,2022-11-17,38000,1618
kpss2022iptaledilsin,2022,2022-09-20,38000,1619
dreamspace,2022,2022-09-29,38000,1620
Astros,2022,2022-10-16,38000,1621
Sevilla,2022,2022-10-18,38000,1622
HÜDAPAR10Yaşında,2022,2022-12-19,38000,1623
Lee Jong Suk,2022,2022-12-31,38000,1624
シンデレラ10周年_トロピカルday1,2022,2022-01-29,37000,1625
Vanilla,2022,2022-02-11,37000,1626
IPLMegaAuction2022,2022,2022-02-12,37000,1627
Liniker,2022,2022-03-13,37000,1628
instagramdown,2022,2022-07-14,37000,1629
WakandaForever,2022,2022-07-24,37000,1630
_WORLD1stWin,2022,2022-07-27,37000,1631
AlemDaIlusao,2022,2022-08-20,37000,1632
あなたがアイドル化した時の担当カラー,2022,2022-08-22,37000,1633
Diggs,2022,2022-09-09,37000,1634
SLvsPAK,2022,2022-09-11,37000,1635
SalarioRosaParaAmasDeCasa,2022,2022-10-18,37000,1636
BejeweledMusicVideo,2022,2022-10-25,37000,1637
Conte,2022,2022-11-01,37000,1638
4EVEThe1stConcert,2022,2022-11-12,37000,1639
RIZIN40,2022,2022-12-31,37000,1640
HereWeGo,2022,2022-01-04,36000,1641
Isco,2022,2022-01-20,36000,1642
マチタン,2022,2022-02-22,36000,1643
素のまんま,2022,2022-03-10,36000,1644
النصر_الفيحاء,2022,2022-03-17,36000,1645
PACAMPEAO,2022,2022-04-25,36000,1646
ASTRO_CandySugarPop,2022,2022-05-16,36000,1647
サークルオブライフ,2022,2022-05-22,36000,1648
RIPKK,2022,2022-05-31,36000,1649
InternationalYogaDay,2022,2022-06-21,36000,1650
Wimbledon,2022,2022-06-27,36000,1651
来栖夏芽3D,2022,2022-07-15,36000,1652
JO1が元気になりますように,2022,2022-08-15,36000,1653
Rockhold,2022,2022-08-21,36000,1654
あなたの担当カラー,2022,2022-08-22,36000,1655
MARK LEE,2022,2022-10-12,36000,1656
シャニマス生配信,2022,2022-10-24,36000,1657
BORNPINKJakarta,2022,2022-11-15,36000,1658
deGrom,2022,2022-12-03,36000,1659
Stetson Bennett,2022,2022-01-11,35000,1660
Jordi Alba,2022,2022-01-21,35000,1661
RegaipKandili,2022,2022-02-03,35000,1662
キタちゃん,2022,2022-02-22,35000,1663
René,2022,2022-03-04,35000,1664
ラブライブANN,2022,2022-03-25,35000,1665
bitcoinplease,2022,2022-03-25,35000,1666
SupercardOfHonor,2022,2022-04-02,35000,1667
선우생일_베리축하해,2022,2022-04-11,35000,1668
THEDANCEDAY,2022,2022-05-18,35000,1669
Jimbo,2022,2022-05-19,35000,1670
cooper,2022,2022-06-10,35000,1671
ノエルのリリカルLIVE,2022,2022-06-25,35000,1672
石子と羽男,2022,2022-09-16,35000,1673
Candyครับกลัฟเข้ามอ,2022,2022-07-17,35000,1674
CAFAwards2022,2022,2022-07-21,35000,1675
LaAcademiaFinalistas,2022,2022-08-08,35000,1676
純愛ディソナンス,2022,2022-08-11,35000,1677
MasterChefCelebrity,2022,2022-08-22,35000,1678
LIVBOU,2022,2022-08-27,35000,1679
MoonaHoshinova3D,2022,2022-09-16,35000,1680
Jimmy G,2022,2022-09-26,35000,1681
ไม่ได้ชอบทะเลแต่พี่ชอบเธอ,2022,2022-10-03,35000,1682
紙ストロー,2022,2022-10-04,35000,1683
ハニーミルク,2022,2022-10-08,35000,1684
NEDUSA,2022,2022-12-03,35000,1685
TwitchRecap,2022,2022-12-13,35000,1686
TheApprentice,2022,2022-01-07,34000,1687
TXT OUR GOLDEN STAR,2022,2022-01-08,34000,1688
FatihTerimDontLeaveUs,2022,2022-01-13,34000,1689
GÖZvGS,2022,2022-02-21,34000,1690
worldwar3,2022,2022-02-24,34000,1691
Arão,2022,2022-06-05,34000,1692
forascooby,2022,2022-04-20,34000,1693
25Aprile,2022,2022-04-25,34000,1694
Marcus Smart,2022,2022-05-12,34000,1695
LeniKikoPasasalamat,2022,2022-05-13,34000,1696
パーマー,2022,2022-05-19,34000,1697
كلاسيكو_السعوديه,2022,2022-05-23,34000,1698
LOONA_BUTTERFLY_EFFECT,2022,2022-05-26,34000,1699
CashAppFriday,2022,2022-06-04,34000,1700
هزه_ارضيه,2022,2022-06-04,34000,1701
Karmaland,2022,2022-06-29,34000,1702
Tobar,2022,2022-07-07,34000,1703
Ryan Garcia,2022,2022-07-17,34000,1704
BlokirKominfo,2022,2022-07-30,34000,1705
Lulinha,2022,2022-08-26,34000,1706
QATSEN,2022,2022-11-25,34000,1707
Darren,2022,2022-12-11,34000,1708
YeniYılYeniKitap,2022,2022-01-02,33000,1709
Aぇヤンタン,2022,2022-09-07,33000,1710
Linares,2022,2022-01-05,33000,1711
金スマ,2022,2022-12-09,33000,1712
ラヴィット,2022,2022-11-01,33000,1713
KTH1 IS COMING,2022,2022-03-16,33000,1714
JourneyForSoil,2022,2022-03-21,33000,1715
WeGoUp,2022,2022-03-25,33000,1716
正直不動産,2022,2022-04-05,33000,1717
Minnesota,2022,2022-04-30,33000,1718
ज्ञानवापी_मंदिर,2022,2022-05-16,33000,1719
ThisIsUs,2022,2022-05-18,33000,1720
Jaylen Brown,2022,2022-05-26,33000,1721
ユウタ初東京観光,2022,2022-06-02,33000,1722
LaAcademiaTop10,2022,2022-07-17,33000,1723
Borja,2022,2022-07-24,33000,1724
プーリン,2022,2022-08-10,33000,1725
Aldo,2022,2022-08-21,33000,1726
Knicks,2022,2022-09-01,33000,1727
Igor Gomes,2022,2022-09-02,33000,1728
App State,2022,2022-09-11,33000,1729
赤ナス,2022,2022-09-26,33000,1730
LEEARS,2022,2022-10-16,33000,1731
PAKvsNED,2022,2022-10-30,33000,1732
CashAppPresents,2022,2022-12-21,33000,1733
リアル野球BAN,2022,2022-01-02,32000,1734
ليله_المعازيم,2022,2022-01-20,32000,1735
SquidCraftGames,2022,2022-01-24,32000,1736
GetWellSoonYoshi,2022,2022-01-25,32000,1737
TentacionesDBT12,2022,2022-01-26,32000,1738
鉄腕DASH,2022,2022-12-04,32000,1739
Crylix,2022,2022-04-28,32000,1740
CincodeMayo,2022,2022-05-05,32000,1741
INDvSA,2022,2022-06-17,32000,1742
UFCVegas58,2022,2022-07-10,32000,1743
WKEYAKIFES2022_DAY3,2022,2022-07-23,32000,1744
Foreignfundingcase,2022,2022-08-02,32000,1745
モバマス,2022,2022-08-08,32000,1746
突然ですが占ってもいいですか,2022,2022-08-15,32000,1747
Rosario Robles,2022,2022-08-20,32000,1748
WHISPER1stWin,2022,2022-08-26,32000,1749
Tekken 8,2022,2022-09-14,32000,1750
BadToMe,2022,2022-09-14,32000,1751
Logan,2022,2022-09-28,32000,1752
Grazi,2022,2022-10-11,32000,1753
Antony,2022,2022-10-19,32000,1754
Roquan,2022,2022-10-31,32000,1755
ウインマリリン,2022,2022-12-11,32000,1756
MoroccoVsFrance,2022,2022-12-14,32000,1757
RoseBowl,2022,2022-01-02,31000,1758
マイクラholoX初観光,2022,2022-01-05,31000,1759
無料10連,2022,2022-02-24,31000,1760
TCMSFinal,2022,2022-03-05,31000,1761
Lampard,2022,2022-03-08,31000,1762
NICKICARPOOL,2022,2022-04-07,31000,1763
インビジブル,2022,2022-04-15,31000,1764
Depeche Mode,2022,2022-05-26,31000,1765
AZKi生誕祭2022,2022,2022-07-03,31000,1766
Sterling,2022,2022-07-29,31000,1767
Brian Kelly,2022,2022-09-05,31000,1768
Fernanda,2022,2022-09-07,31000,1769
Jessie J,2022,2022-09-09,31000,1770
アトムの童,2022,2022-10-16,31000,1771
冒険少年,2022,2022-10-24,31000,1772
Pachuca,2022,2022-10-31,31000,1773
NumaniceNoMultishow,2022,2022-11-13,31000,1774
우요생일_우영이_없으면_어찌살어,2022,2022-11-25,31000,1775
リバティアイランド,2022,2022-12-11,31000,1776
ジャンボリミッキー,2022,2022-12-21,31000,1777
RishabhPant,2022,2022-12-30,31000,1778
SomosTodosBarbara,2022,2022-01-07,30000,1779
Mステ最強ソング,2022,2022-01-14,30000,1780
PowerGhost,2022,2022-01-30,30000,1781
J Balvin,2022,2022-03-03,30000,1782
マーリン,2022,2022-03-12,30000,1783
RIPScottHall,2022,2022-03-15,30000,1784
渡邉美穂,2022,2022-04-03,30000,1785
The Weeknd,2022,2022-04-18,30000,1786
十万円でできるかな,2022,2022-04-18,30000,1787
Juma,2022,2022-05-06,30000,1788
ジャニーズWEST虹会,2022,2022-04-23,30000,1789
Rony,2022,2022-04-28,30000,1790
AJ Brown,2022,2022-04-29,30000,1791
MissUniversePhilippines2022,2022,2022-04-30,30000,1792
1Mayıs,2022,2022-05-01,30000,1793
MissPeru2022,2022,2022-06-15,30000,1794
Paige,2022,2022-07-06,30000,1795
Dr. Fauci,2022,2022-08-22,30000,1796
SELENA CALM DOWN,2022,2022-08-25,30000,1797
kpss2022,2022,2022-09-18,30000,1798
THE夜会,2022,2022-09-22,30000,1799
HERO初披露_INI,2022,2022-10-03,30000,1800
LMD5,2022,2022-12-14,30000,1801
SKOL,2022,2022-11-13,30000,1802
Bucs,2022,2022-12-06,30000,1803
ishankishan,2022,2022-12-10,30000,1804
UntilWeMeetAgainJin,2022,2022-12-13,30000,1805
MelhoresDoAno,2022,2022-12-25,30000,1806
Coachella,2022,2022-01-12,29000,1807
NTVErdoğanaSor,2022,2022-01-26,29000,1808
PMQs,2022,2022-02-02,29000,1809
まつもtoなかい,2022,2022-02-19,29000,1810
UFCVegas49,2022,2022-02-27,29000,1811
EVENEW,2022,2022-03-17,29000,1812
スポダン,2022,2022-03-22,29000,1813
Otávio,2022,2022-03-24,29000,1814
shawn,2022,2022-04-20,29000,1815
UFCVegas57,2022,2022-06-26,29000,1816
Silvina Batakis,2022,2022-07-04,29000,1817
ガルステ,2022,2022-07-28,29000,1818
UFCSanDiego,2022,2022-08-14,29000,1819
魔法のリノベ,2022,2022-08-15,29000,1820
Chet,2022,2022-08-25,29000,1821
JUSTIN WYAT ConceptPhoto,2022,2022-08-28,29000,1822
数量限定,2022,2022-09-03,29000,1823
Sainz,2022,2022-09-04,29000,1824
AllRise,2022,2022-10-05,29000,1825
HalloweenHavoc,2022,2022-10-23,29000,1826
LoveisBlindS3,2022,2022-11-10,29000,1827
NMA2022,2022,2022-11-18,29000,1828
RIP Twitch,2022,2022-12-14,29000,1829
HER ŞEY ÇOK GÜZEL OLACAK,2022,2022-12-14,29000,1830
満開の想花,2022,2022-12-19,29000,1831
ニシノデイジー,2022,2022-12-24,29000,1832
Erdoğanasözveriyoruz,2022,2022-01-05,28000,1833
Watford,2022,2022-01-21,28000,1834
Equador,2022,2022-01-28,28000,1835
Sancho,2022,2022-09-15,28000,1836
なにわ男子ANNP,2022,2022-03-26,28000,1837
ヒロミさん,2022,2022-02-06,28000,1838
0X1LOVESONG,2022,2022-02-09,28000,1839
ミラクル9,2022,2022-03-23,28000,1840
GasCash,2022,2022-03-25,28000,1841
Triple H,2022,2022-03-25,28000,1842
مكافاه_مصرف_الراجحي,2022,2022-04-09,28000,1843
DeRozan,2022,2022-04-21,28000,1844
フローラS,2022,2022-04-24,28000,1845
竜ちゃん,2022,2022-05-11,28000,1846
سالم,2022,2022-05-23,28000,1847
Sandy Hook,2022,2022-05-24,28000,1848
Andy Fletcher,2022,2022-05-26,28000,1849
やんごとなき一族,2022,2022-06-30,28000,1850
マイ数珠,2022,2022-07-13,28000,1851
なにわ男子とLoveSummer,2022,2022-08-18,28000,1852
WESTube生配信,2022,2022-08-18,28000,1853
chatwithmark,2022,2022-08-19,28000,1854
CASE143_3rdWin,2022,2022-10-14,28000,1855
東京ドーム,2022,2022-12-05,28000,1856
THE_W,2022,2022-12-10,28000,1857
silent再放送プレゼント,2022,2022-12-26,28000,1858
LaIslaDeLasTentaciones9,2022,2022-01-04,27000,1859
Lance Stephenson,2022,2022-01-06,27000,1860
Norwich,2022,2022-01-21,27000,1861
Big Papi,2022,2022-01-26,27000,1862
GetwellsoonMEW,2022,2022-02-01,27000,1863
AEWRampage,2022,2022-06-04,27000,1864
AliKocBırakGit,2022,2022-02-08,27000,1865
Aaron Rodgers,2022,2022-02-22,27000,1866
CNNPHVPDebate,2022,2022-02-26,27000,1867
Coach K,2022,2022-03-06,27000,1868
CashApp99Off,2022,2022-03-25,27000,1869
세훈이의_29번째_봄바람,2022,2022-04-11,27000,1870
봄의_꽃말은_세훈,2022,2022-04-11,27000,1871
緊急地震速報,2022,2022-05-22,27000,1872
サウンドビバーチェ,2022,2022-05-22,27000,1873
Christian Bale,2022,2022-05-24,27000,1874
Joanna,2022,2022-06-12,27000,1875
Ryan Gosling,2022,2022-06-15,27000,1876
ElHotelDeLosFamosos,2022,2022-06-21,27000,1877
POP1stWin,2022,2022-07-10,27000,1878
Nayeon1stWin,2022,2022-07-10,27000,1879
SalarioRosaEdomex,2022,2022-07-26,27000,1880
デレステ,2022,2022-08-08,27000,1881
武内くん,2022,2022-09-05,27000,1882
2Baddies_MVTeaser,2022,2022-09-13,27000,1883
あさイチ,2022,2022-10-05,27000,1884
24KasımÖğretmenlerGünü,2022,2022-11-24,27000,1885
ビッグラン,2022,2022-12-10,27000,1886
エースバーン,2022,2022-12-19,27000,1887
Feriado Nacional,2022,2022-12-19,27000,1888
設営完了,2022,2022-12-30,27000,1889
Liella_東京追加_Day2,2022,2022-01-16,26000,1890
Blazers,2022,2022-02-04,26000,1891
QuantoMaisVidaMelhor,2022,2022-03-01,26000,1892
SENEGY,2022,2022-03-29,26000,1893
Barco,2022,2022-04-28,26000,1894
ThisLoveTaylorVersion,2022,2022-05-06,26000,1895
CandySugarPop4thWin,2022,2022-05-27,26000,1896
FortniteCollision,2022,2022-06-04,26000,1897
シャア専用マクドナルド出る,2022,2022-06-15,26000,1898
الدوري_السعودي,2022,2022-06-27,26000,1899
ちいかわか米津玄師,2022,2022-07-12,26000,1900
合同ライブ,2022,2022-07-26,26000,1901
GERFRA,2022,2022-07-28,26000,1902
Casemiro,2022,2022-08-10,26000,1903
ボーイフレンド降臨,2022,2022-08-20,26000,1904
Gamescom,2022,2022-08-23,26000,1905
Venue101,2022,2022-09-17,26000,1906
監察医朝顔,2022,2022-09-26,26000,1907
Daniel Jones,2022,2022-09-27,26000,1908
Ifeanyi,2022,2022-10-31,26000,1909
Powerball,2022,2022-11-08,26000,1910
earthquake,2022,2022-11-09,26000,1911
舞いあがれ,2022,2022-11-09,26000,1912
GBP2022,2022,2022-11-12,26000,1913
Pro Bowl,2022,2022-12-22,26000,1914
Burnley,2022,2022-04-21,25000,1915
HappyBirthdayZayn,2022,2022-01-12,25000,1916
LOrealGlycolicXOhmNanon,2022,2022-01-18,25000,1917
煉獄さん,2022,2022-01-23,25000,1918
沙羅ちゃん,2022,2022-02-07,25000,1919
우리나라,2022,2022-02-07,25000,1920
brits2022,2022,2022-02-08,25000,1921
Abba Kyari,2022,2022-02-14,25000,1922
SnowfallFX,2022,2022-02-24,25000,1923
ステイシー,2022,2022-02-27,25000,1924
関ジャニクロニクルF,2022,2022-03-21,25000,1925
GoodFriday,2022,2022-04-15,25000,1926
Arda,2022,2022-04-16,25000,1927
Roger Guedes,2022,2022-04-17,25000,1928
Neal Adams,2022,2022-04-29,25000,1929
Bauer,2022,2022-04-29,25000,1930
刀ミュ無料配信,2022,2022-05-02,25000,1931
TayoAngLiwanag,2022,2022-05-13,25000,1932
NFFC,2022,2022-05-17,25000,1933
花丸特番配信中,2022,2022-06-30,25000,1934
JoshCullen,2022,2022-07-09,25000,1935
大谷翔平,2022,2022-08-10,25000,1936
ガレスちゃん,2022,2022-08-10,25000,1937
てつや結婚,2022,2022-08-16,25000,1938
ADSvGS,2022,2022-10-01,25000,1939
THELINKTourJakarta,2022,2022-10-03,25000,1940
リキキリン,2022,2022-10-06,25000,1941
引き分け,2022,2022-10-23,25000,1942
PlayStationPGW,2022,2022-11-02,25000,1943
LateLateToyShow,2022,2022-11-25,25000,1944
silentラストエピソード,2022,2022-12-19,25000,1945
原神祝福おみくじ,2022,2022-12-30,25000,1946
Najee,2022,2022-01-04,24000,1947
Malik Monk,2022,2022-01-08,24000,1948
トリスタ,2022,2022-01-10,24000,1949
Jagger,2022,2022-01-17,24000,1950
ウルフムーン,2022,2022-01-18,24000,1951
呪術廻戦ファンパレ公式放送,2022,2022-03-07,24000,1952
PORTUR,2022,2022-03-24,24000,1953
LongLiveMonteroTour,2022,2022-04-27,24000,1954
LINEMUSICでBEFIRST,2022,2022-05-15,24000,1955
EuropaLeagueFinal,2022,2022-05-19,24000,1956
KingandPrinceガキキタイ2,2022,2022-05-20,24000,1957
Lowry,2022,2022-05-26,24000,1958
Shakira,2022,2022-06-01,24000,1959
ENGHUN,2022,2022-06-14,24000,1960
Fabio Vieira,2022,2022-06-16,24000,1961
オールドルーキー,2022,2022-07-03,24000,1962
Lea Michele,2022,2022-07-11,24000,1963
BBNaijaLevelUp,2022,2022-07-24,24000,1964
Caetano,2022,2022-08-08,24000,1965
プリコネ住民診断,2022,2022-08-15,24000,1966
手下復活,2022,2022-09-14,24000,1967
Sismo,2022,2022-09-22,24000,1968
Cooper Rush,2022,2022-09-27,24000,1969
LulaNoPrimeiroTurno13,2022,2022-10-02,24000,1970
Teleton2022,2022,2022-11-05,24000,1971
SuperBoletos,2022,2022-12-20,24000,1972
j2us,2022,2022-01-01,23000,1973
CURITIBA,2022,2022-01-19,23000,1974
AustralianOpen2022,2022,2022-01-30,23000,1975
OrgulloEdomex,2022,2022-02-02,23000,1976
このシーン嫌いな人いない説,2022,2022-03-16,23000,1977
ボーボボお誕生日おめでとう,2022,2022-03-31,23000,1978
メンテの日なのでssを貼る,2022,2022-04-05,23000,1979
Titi,2022,2022-05-06,23000,1980
Majul,2022,2022-05-07,23000,1981
乃木坂46バスラ直前SP,2022,2022-05-07,23000,1982
OurTimeMV_Mew,2022,2022-05-17,23000,1983
僕の大好きな妻,2022,2022-06-04,23000,1984
Romero,2022,2022-07-17,23000,1985
ハム太郎,2022,2022-07-23,23000,1986
健ノブ謎解き,2022,2022-08-08,23000,1987
Marinho,2022,2022-08-14,23000,1988
Ansu,2022,2022-08-21,23000,1989
Alckmin,2022,2022-08-26,23000,1990
cg6th上映会_day1,2022,2022-09-18,23000,1991
容疑者Xの献身,2022,2022-09-24,23000,1992
GeneralElection2022,2022,2022-10-20,23000,1993
追悼演説,2022,2022-10-25,23000,1994
Keanu,2022,2022-10-27,23000,1995
Tomori,2022,2022-11-10,23000,1996
Montiel,2022,2022-11-26,23000,1997
Aboubakar,2022,2022-11-28,23000,1998
twitterfiles,2022,2022-12-03,23000,1999
USAvNED,2022,2022-12-03,23000,2000
Zion,2022,2022-12-29,23000,2001
CHETOT,2022,2022-01-05,22000,2002
コンフィデンスマンJP,2022,2022-01-08,22000,2003
Deebo,2022,2022-01-10,22000,2004
TEAM常連,2022,2022-01-29,22000,2005
Mano Brown,2022,2022-03-08,22000,2006
MujeresCantanARocioJurado,2022,2022-03-11,22000,2007
GSVSBARCA,2022,2022-03-17,22000,2008
AmazonMusicLive,2022,2022-03-22,22000,2009
만우절 기념,2022,2022-03-31,22000,2010
Grizzlies,2022,2022-04-30,22000,2011
GranFinalAllStar,2022,2022-05-02,22000,2012
HomensPower,2022,2022-05-10,22000,2013
Draymond,2022,2022-05-21,22000,2014
ExpulsionLaAcademia,2022,2022-07-10,22000,2015
Firmino,2022,2022-08-27,22000,2016
Gators,2022,2022-09-04,22000,2017
Temblor,2022,2022-09-22,22000,2018
原神旅人,2022,2022-09-22,22000,2019
MiniBudget,2022,2022-09-23,22000,2020
笑ってコラえて,2022,2022-11-02,22000,2021
遊戯王JF2023,2022,2022-12-17,22000,2022
Tyreek Hill,2022,2022-01-24,21000,2023
TamoJuntoPresidente,2022,2022-01-29,21000,2024
RecepTayyipErdoğan,2022,2022-02-05,21000,2025
EubankJrWilliams,2022,2022-02-06,21000,2026
みんなのボタンメーカー,2022,2022-02-11,21000,2027
しらんけど,2022,2022-02-14,21000,2028
TarkanYalnızDeğildir,2022,2022-02-18,21000,2029
TPMP,2022,2022-02-18,21000,2030
KohLanta,2022,2022-03-01,21000,2031
TSvBJK,2022,2022-04-03,21000,2032
マリマリ,2022,2022-04-07,21000,2033
KetanjiBrownJackson,2022,2022-04-07,21000,2034
O VT,2022,2022-04-25,21000,2035
待てムリ,2022,2022-05-21,21000,2036
サマパラ,2022,2022-06-09,21000,2037
BTSItsOkayToRest,2022,2022-06-22,21000,2038
Irina Karamanos,2022,2022-06-22,21000,2039
Willian,2022,2022-06-29,21000,2040
UddhavThackarey,2022,2022-06-29,21000,2041
Danica,2022,2022-07-10,21000,2042
Jan6thHearings,2022,2022-07-12,21000,2043
SVGala13,2022,2022-07-14,21000,2044
HalloweenEnds,2022,2022-07-20,21000,2045
Hosmer,2022,2022-08-02,21000,2046
スプラトゥーン3前夜祭,2022,2022-08-28,21000,2047
Felipão,2022,2022-09-07,21000,2048
松本潤生配信PART2,2022,2022-09-17,21000,2049
뮤뱅1위_4랑가득_3관왕,2022,2022-10-14,21000,2050
グッとフレーズ,2022,2022-10-21,21000,2051
INDvsSA,2022,2022-10-30,21000,2052
TheWhiteLotus,2022,2022-12-12,21000,2053
GiftRTX,2022,2022-12-19,21000,2054
DoctorWho,2022,2022-01-01,20000,2055
Britney,2022,2022-01-07,20000,2056
金曜ロードショー,2022,2022-01-07,20000,2057
にじライブメドレー_Day1,2022,2022-01-22,20000,2058
アメトーーク,2022,2022-02-03,20000,2059
Lamelo,2022,2022-02-04,20000,2060
KP_FirstDOME_Mr,2022,2022-02-15,20000,2061
NTRビデオレター,2022,2022-02-15,20000,2062
Peshawar,2022,2022-03-04,20000,2063
Clayton,2022,2022-03-09,20000,2064
Jamming,2022,2022-03-18,20000,2065
コミュニティ,2022,2022-03-24,20000,2066
AsItWas,2022,2022-03-30,20000,2067
AskBruno,2022,2022-04-01,20000,2068
科捜研の女,2022,2022-04-07,20000,2069
Angel Hernandez,2022,2022-04-25,20000,2070
PilipinasIsPink,2022,2022-05-07,20000,2071
VeronaMilan,2022,2022-05-08,20000,2072
なにわと半年祝お,2022,2022-05-26,20000,2073
Dinamarca,2022,2022-06-04,20000,2074
Roni,2022,2022-06-16,20000,2075
Aqours東京ドーム_Day2,2022,2022-06-26,20000,2076
enflasyon,2022,2022-07-04,20000,2077
Javid,2022,2022-07-05,20000,2078
kadirseker,2022,2022-07-07,20000,2079
Igathe,2022,2022-07-11,20000,2080
ONEPIECE1054,2022,2022-07-21,20000,2081
阿部ちゃん,2022,2022-07-27,20000,2082
グレートマジシャン,2022,2022-07-30,20000,2083
100Indecisos,2022,2022-08-05,20000,2084
愛工大名電,2022,2022-08-07,20000,2085
推しと結婚,2022,2022-08-16,20000,2086
海ちゃん,2022,2022-08-20,20000,2087
Gallagher,2022,2022-08-27,20000,2088
GanpatiBappaMorya,2022,2022-08-31,20000,2089
パラライ結果発表,2022,2022-09-28,20000,2090
StrayKids16thWin,2022,2022-10-14,20000,2091
サトシ引退,2022,2022-12-16,20000,2092
DecemBELLE WithDONNY,2022,2022-12-17,20000,2093
Almiron,2022,2022-12-26,20000,2094
elektrikfaturası,2022,2022-01-13,19000,2095
逢坂さん,2022,2022-01-16,19000,2096
WhoDey,2022,2022-01-23,19000,2097
クイズメーカー,2022,2022-01-26,19000,2098
LaRojaxCHV,2022,2022-02-02,19000,2099
銅メダル,2022,2022-02-05,19000,2100
VERZUZ,2022,2022-02-16,19000,2101
คณาวุฒิFoodEvening,2022,2022-02-18,19000,2102
Wordle 270 X,2022,2022-03-16,19000,2103
GetWellSoonJin,2022,2022-03-19,19000,2104
ViernesSanto,2022,2022-04-15,19000,2105
MartinFierro,2022,2022-05-16,19000,2106
WorldBeeDay,2022,2022-05-20,19000,2107
ASSEAJA,2022,2022-05-29,19000,2108
ブルアカ期末テストSP,2022,2022-06-17,19000,2109
WACCA,2022,2022-06-21,19000,2110
メイショウハリオ,2022,2022-06-29,19000,2111
BEFIRSTTV,2022,2022-07-02,19000,2112
中居くん,2022,2022-07-16,19000,2113
GetWellSoonMark,2022,2022-07-25,19000,2114
ぱしゃっつ,2022,2022-08-06,19000,2115
lottie,2022,2022-08-10,19000,2116
WESTube,2022,2022-08-25,19000,2117
Aaron Donald,2022,2022-08-25,19000,2118
This_Is_Cooler,2022,2022-08-28,19000,2119
土砂降り,2022,2022-09-18,19000,2120
NyQuil,2022,2022-09-20,19000,2121
Tenório,2022,2022-10-05,19000,2122
MANIACinJKT,2022,2022-10-07,19000,2123
キングオブコント2022,2022,2022-10-08,19000,2124
Toney,2022,2022-10-27,19000,2125
Paiva,2022,2022-11-11,19000,2126
RIPJimmyFallon,2022,2022-11-16,19000,2127
まほやく3周年,2022,2022-11-25,19000,2128
Braves,2022,2022-01-11,18000,2129
tannie,2022,2022-01-14,18000,2130
MilanSpezia,2022,2022-01-17,18000,2131
CRYLIV,2022,2022-01-23,18000,2132
BarışManço,2022,2022-02-01,18000,2133
SecretGala3,2022,2022-02-02,18000,2134
Nadine Dorries,2022,2022-02-05,18000,2135
Kidderminster,2022,2022-02-05,18000,2136
乃木坂工事中,2022,2022-02-06,18000,2137
0X1 2022 KMA NOMINATION,2022,2022-02-09,18000,2138
SeMujerEdomex,2022,2022-02-25,18000,2139
ローソンなにわ男子,2022,2022-03-01,18000,2140
HogwartsLegacy,2022,2022-03-17,18000,2141
ASMPSG,2022,2022-03-20,18000,2142
isola,2022,2022-05-31,18000,2143
仰天ニュース,2022,2022-03-22,18000,2144
ForaNatalia,2022,2022-04-11,18000,2145
Loppi,2022,2022-04-12,18000,2146
Freddie,2022,2022-04-19,18000,2147
르세라핌_피어리스한_데뷔,2022,2022-05-02,18000,2148
Armani,2022,2022-05-06,18000,2149
NONTEP01ทะเยอทะยานConcert,2022,2022-06-04,18000,2150
Figueiredo,2022,2022-06-08,18000,2151
NZLvIRE,2022,2022-07-16,18000,2152
ビリーバー,2022,2022-07-31,18000,2153
Ganso,2022,2022-08-02,18000,2154
FriendshipDay,2022,2022-08-07,18000,2155
駄々をこねる人々,2022,2022-09-08,18000,2156
BASARA,2022,2022-09-26,18000,2157
村上宗隆,2022,2022-10-03,18000,2158
アークナイツ秋感謝祭2022,2022,2022-10-21,18000,2159
ホストクラブルイズ,2022,2022-10-24,18000,2160
君の名は,2022,2022-10-28,18000,2161
esland,2022,2022-01-17,17000,2162
IUvMS,2022,2022-02-01,17000,2163
ALNvGS,2022,2022-02-06,17000,2164
リア突WEST,2022,2022-02-13,17000,2165
ウマ娘4th,2022,2022-03-05,17000,2166
徐福ちゃん,2022,2022-03-16,17000,2167
GHANIG,2022,2022-03-25,17000,2168
WWEHOF,2022,2022-04-02,17000,2169
NoLimite,2022,2022-06-15,17000,2170
AllStarRace,2022,2022-05-23,17000,2171
鷹嶺ルイ3D,2022,2022-06-21,17000,2172
Macron20h,2022,2022-06-22,17000,2173
Emelec,2022,2022-07-06,17000,2174
Cebolinha,2022,2022-08-21,17000,2175
Wesley,2022,2022-07-24,17000,2176
NationalAuntieAnnesDay,2022,2022-07-26,17000,2177
CiroNaGloboNews,2022,2022-07-28,17000,2178
TXTとすごす夏,2022,2022-08-20,17000,2179
Jean-Luc Godard,2022,2022-09-13,17000,2180
刑事7人,2022,2022-09-14,17000,2181
InterRoma,2022,2022-10-01,17000,2182
njpower,2022,2022-10-10,17000,2183
シャニマススペース生配信,2022,2022-10-13,17000,2184
FBvREN,2022,2022-10-27,17000,2185
RIPTwitter,2022,2022-11-18,17000,2186
しずちゃん,2022,2022-12-07,17000,2187
鬼滅の刃無限列車編,2022,2022-12-10,17000,2188
January6thCommittee,2022,2022-12-19,17000,2189
BJKvANT,2022,2022-01-05,16000,2190
Effie,2022,2022-01-30,16000,2191
Wordle 230,2022,2022-02-03,16000,2192
highleague2,2022,2022-02-05,16000,2193
Aqours_OCEAN_Day1,2022,2022-02-12,16000,2194
6MartdaKontakKapatıyoruz,2022,2022-03-02,16000,2195
FiorentinaJuve,2022,2022-03-02,16000,2196
ポケモンタイプ診断,2022,2022-11-25,16000,2197
TBS系,2022,2022-04-07,16000,2198
Atty,2022,2022-04-12,16000,2199
Caruso,2022,2022-04-21,16000,2200
Heartstopper,2022,2022-04-22,16000,2201
Tijuca,2022,2022-04-24,16000,2202
كشخه_العيد,2022,2022-05-02,16000,2203
Danilo,2022,2022-05-11,16000,2204
MelisSezen,2022,2022-05-12,16000,2205
AndrewSymonds,2022,2022-05-15,16000,2206
ネットカジノ,2022,2022-05-17,16000,2207
Bullock,2022,2022-05-23,16000,2208
NoQuitInNY,2022,2022-05-31,16000,2209
ノーノー,2022,2022-06-07,16000,2210
モンジュー,2022,2022-06-29,16000,2211
ABCお笑いグランプリ,2022,2022-07-10,16000,2212
entry,2022,2022-07-26,16000,2213
六本木クラス,2022,2022-07-28,16000,2214
Rakhi,2022,2022-08-11,16000,2215
ドミノピザ,2022,2022-08-24,16000,2216
ミリシタ夏祭りライブ上映会6thSSA,2022,2022-09-01,16000,2217
Bo Nix,2022,2022-09-03,16000,2218
EngineersDay,2022,2022-09-15,16000,2219
MLSCup,2022,2022-11-05,16000,2220
Ceará,2022,2022-11-10,16000,2221
アニポケ,2022,2022-11-11,16000,2222
ものまね王座決定戦,2022,2022-12-09,16000,2223
AGAスキンスリニック,2022,2022-12-21,16000,2224
さあ白黒つけようか,2022,2022-12-26,16000,2225
V系って知ってる,2022,2022-12-27,16000,2226
顔面偏差値,2022,2022-01-04,15000,2227
恋愛対象,2022,2022-01-04,15000,2228
RCLLOSC,2022,2022-01-04,15000,2229
カオナシ,2022,2022-01-07,15000,2230
BurakElmasİstifa,2022,2022-01-10,15000,2231
DjokovicOut,2022,2022-01-14,15000,2232
Paulo Vieira,2022,2022-01-27,15000,2233
DragRaceUK,2022,2022-02-02,15000,2234
Middleton,2022,2022-02-04,15000,2235
SCOvENG,2022,2022-02-05,15000,2236
えぬわた砲,2022,2022-02-20,15000,2237
MilanInter,2022,2022-03-01,15000,2238
ポランコ,2022,2022-03-25,15000,2239
Survivor2022alltar,2022,2022-03-28,15000,2240
lorde,2022,2022-04-27,15000,2241
arctic monkeys,2022,2022-04-27,15000,2242
ぐるナイ,2022,2022-04-28,15000,2243
Juan Diego,2022,2022-04-28,15000,2244
Nestor,2022,2022-05-09,15000,2245
MacKinnon,2022,2022-05-26,15000,2246
julietteresponde,2022,2022-05-31,15000,2247
Maria Alice,2022,2022-05-31,15000,2248
TimnasDay,2022,2022-06-08,15000,2249
ENGITA,2022,2022-06-11,15000,2250
tyt2022,2022,2022-06-18,15000,2251
スロットメーカー,2022,2022-07-03,15000,2252
わたしを作った少女マンガ5冊,2022,2022-07-16,15000,2253
Scarpa,2022,2022-08-04,15000,2254
kpss2022iptal,2022,2022-08-04,15000,2255
HUT77thRI,2022,2022-08-17,15000,2256
Jandrei,2022,2022-09-02,15000,2257
ななにー,2022,2022-09-04,15000,2258
Cooper Kupp,2022,2022-09-09,15000,2259
NefretYürüyüşüneHayır,2022,2022-09-18,15000,2260
スクフェス2,2022,2022-09-25,15000,2261
Castellanos,2022,2022-10-29,15000,2262
Twitter実名制,2022,2022-11-03,15000,2263
HERLOSS,2022,2022-11-04,15000,2264
سحبه_كنو_علي_النصر,2022,2022-01-07,14000,2265
WATNOR,2022,2022-01-21,14000,2266
ConcluCASTILLO,2022,2022-01-25,14000,2267
JuveSassuolo,2022,2022-02-10,14000,2268
Dani Calabresa,2022,2022-03-09,14000,2269
しずかちゃん,2022,2022-03-10,14000,2270
ガルパ5周年アニメ02,2022,2022-03-17,14000,2271
中居正広の3番勝負,2022,2022-03-23,14000,2272
シャッフル,2022,2022-04-12,14000,2273
Maxey,2022,2022-05-07,14000,2274
Blaney,2022,2022-05-23,14000,2275
AmericanIdol,2022,2022-05-23,14000,2276
TheLastDriveIn,2022,2022-06-04,14000,2277
お嬢様実力テスト,2022,2022-06-05,14000,2278
NEDPOL,2022,2022-06-11,14000,2279
GoBolts,2022,2022-06-12,14000,2280
FuelPrice,2022,2022-06-15,14000,2281
ノーセプ,2022,2022-06-26,14000,2282
BPLS2,2022,2022-06-29,14000,2283
アイマス765ASLIVE_day2,2022,2022-07-10,14000,2284
Ibarra,2022,2022-07-11,14000,2285
SakajaChallenge,2022,2022-07-11,14000,2286
15Minutes,2022,2022-07-25,14000,2287
TheVoiceCHV,2022,2022-08-02,14000,2288
MHA362,2022,2022-08-03,14000,2289
GranFinalTheVoice,2022,2022-08-04,14000,2290
EspecialCaetanoVeloso,2022,2022-08-08,14000,2291
大阪桐蔭,2022,2022-08-10,14000,2292
Turpin,2022,2022-08-21,14000,2293
UNEXT200年分無料,2022,2022-08-22,14000,2294
チーズファンタジーIQ,2022,2022-08-24,14000,2295
なにわ男子結成4周年インライ,2022,2022-10-06,14000,2296
OWLGrandFinals,2022,2022-11-05,14000,2297
フェス限定フレーム,2022,2022-11-07,14000,2298
BrazilianGP,2022,2022-11-11,14000,2299
声出しOK,2022,2022-11-15,14000,2300
現役ドラフト,2022,2022-12-09,14000,2301
回答時間,2022,2022-12-14,14000,2302
sarachane,2022,2022-12-14,14000,2303
ArgentinaCampeonDelMundo,2022,2022-12-19,14000,2304
GoPackGo,2022,2022-12-20,14000,2305
EastEnders,2022,2022-12-25,14000,2306
セクゾインスタライブ,2022,2022-12-27,14000,2307
LIVLEI,2022,2022-12-30,14000,2308
銀メダル,2022,2022-02-07,13000,2309
少クラ,2022,2022-02-11,13000,2310
Brunson,2022,2022-02-13,13000,2311
SundayMorning,2022,2022-02-20,13000,2312
世代別ベストアニメ,2022,2022-02-20,13000,2313
PietroOnHaas,2022,2022-03-05,13000,2314
fosstotounel,2022,2022-03-05,13000,2315
cepostaperte,2022,2022-03-06,13000,2316
ゆと打って出てきたものがお前に不足,2022,2022-03-10,13000,2317
LasCarasDeLaMoneda,2022,2022-03-15,13000,2318
Colgate,2022,2022-03-19,13000,2319
僕のジレンマ,2022,2022-03-25,13000,2320
RAWAfterMania,2022,2022-04-05,13000,2321
Austin Reaves,2022,2022-04-11,13000,2322
MUSICBLOOD,2022,2022-04-15,13000,2323
Ingram,2022,2022-04-20,13000,2324
SVGala1,2022,2022-04-21,13000,2325
BBCAN10,2022,2022-05-06,13000,2326
めいちゃんファンファーレ,2022,2022-05-21,13000,2327
المعيوف,2022,2022-05-23,13000,2328
romfey,2022,2022-05-25,13000,2329
ZamGeldi,2022,2022-05-27,13000,2330
TaskForce141,2022,2022-06-10,13000,2331
afad,2022,2022-06-12,13000,2332
Raul Gustavo,2022,2022-06-16,13000,2333
JUMPのいんすた,2022,2022-06-17,13000,2334
superache,2022,2022-06-29,13000,2335
わたしを作ったゲーム5作品,2022,2022-07-17,13000,2336
Emirhan,2022,2022-07-29,13000,2337
絶対信用できない言葉を書く見た人もやる,2022,2022-08-04,13000,2338
Idom,2022,2022-08-08,13000,2339
PVSindhu,2022,2022-08-08,13000,2340
InternationalDogDay,2022,2022-08-26,13000,2341
Aliyah,2022,2022-08-30,13000,2342
Gilberto Gil,2022,2022-09-05,13000,2343
ヒロインだらけのメリクリまちがい探し,2022,2022-12-14,13000,2344
RHOP,2022,2022-12-19,13000,2345
SendikaHakkımOylanamaz,2022,2022-12-19,13000,2346
Terry Hall,2022,2022-12-20,13000,2347
McTominay,2022,2022-01-03,12000,2348
ピュアプリズム,2022,2022-01-19,12000,2349
Barry Cryer,2022,2022-01-27,12000,2350
るしあスペース,2022,2022-02-05,12000,2351
INDvWI,2022,2022-02-09,12000,2352
LOTTIE,2022,2022-02-11,12000,2353
ONAKAnoNAKA,2022,2022-02-20,12000,2354
TMobile2sday,2022,2022-02-22,12000,2355
対抗措置,2022,2022-02-25,12000,2356
maske,2022,2022-03-02,12000,2357
アピールちゃん,2022,2022-03-07,12000,2358
花の名前,2022,2022-03-17,12000,2359
mondaythoughts,2022,2022-04-04,12000,2360
ものまねグランプリ,2022,2022-05-03,12000,2361
Jovic,2022,2022-05-08,12000,2362
ForeverGold_MV,2022,2022-05-12,12000,2363
Early Voting,2022,2022-05-22,12000,2364
Wrexham,2022,2022-05-28,12000,2365
2giugno,2022,2022-06-02,12000,2366
二宮和也誕生祭,2022,2022-06-16,12000,2367
Quevedo,2022,2022-07-06,12000,2368
ミラーレス,2022,2022-07-12,12000,2369
Vitinho,2022,2022-07-21,12000,2370
Neighbours,2022,2022-07-29,12000,2371
スカパラ,2022,2022-07-30,12000,2372
モニタリング,2022,2022-08-04,12000,2373
札幌大谷,2022,2022-08-09,12000,2374
浅野くん,2022,2022-08-18,12000,2375
Zambrano,2022,2022-08-28,12000,2376
yanındayım,2022,2022-09-23,12000,2377
好きなポケモン5匹あげると趣味がわかる,2022,2022-10-09,12000,2378
イズジョーノキセキ,2022,2022-10-15,12000,2379
ダンジョンズドリーム,2022,2022-10-15,12000,2380
TekVucutFenerbahce,2022,2022-10-18,12000,2381
DALS,2022,2022-10-21,12000,2382
Matthew Perry,2022,2022-10-27,12000,2383
Browns,2022,2022-11-01,12000,2384
CMRSRB,2022,2022-11-28,12000,2385
Caleb Williams,2022,2022-12-03,12000,2386
GenshinImpactLotteryEvent,2022,2022-12-30,12000,2387
TJ Watt,2022,2022-01-04,11000,2388
Chris Wood,2022,2022-01-11,11000,2389
DamatBurakİstifa,2022,2022-01-12,11000,2390
MaskedSingerUK,2022,2022-01-29,11000,2391
LOVE_XXXX_XXXX,2022,2022-02-01,11000,2392
フラトラ,2022,2022-02-01,11000,2393
バリューの真実,2022,2022-02-09,11000,2394
ネコチャンが来るかもしれないボタン,2022,2022-02-11,11000,2395
JuveToro,2022,2022-02-18,11000,2396
Cesar2022,2022,2022-02-25,11000,2397
MasterChefIt,2022,2022-03-03,11000,2398
ツイステの新ツム予想キャンペーン,2022,2022-03-27,11000,2399
FORAESLOVENIA,2022,2022-04-02,11000,2400
MexicableEdomex,2022,2022-04-07,11000,2401
Wordle 304 X,2022,2022-04-19,11000,2402
90DayFiance,2022,2022-05-02,11000,2403
WNHremix,2022,2022-05-06,11000,2404
Angat Buhay NGO,2022,2022-05-13,11000,2405
ブラックサンダー約35倍,2022,2022-05-16,11000,2406
insiders,2022,2022-05-22,11000,2407
HEATCulture,2022,2022-05-22,11000,2408
CaraECoragem,2022,2022-05-31,11000,2409
COAC2022Final,2022,2022-06-04,11000,2410
ModernWarfareII,2022,2022-06-08,11000,2411
キンプリ当落,2022,2022-06-21,11000,2412
Fiona Bruce,2022,2022-06-24,11000,2413
IPPON女子グランプリ,2022,2022-06-25,11000,2414
Wimbledon2022,2022,2022-07-02,11000,2415
au復旧してない,2022,2022-07-04,11000,2416
NairobiGovDebate2022,2022,2022-07-11,11000,2417
FinalPowerCouple,2022,2022-07-15,11000,2418
MHASpoilers,2022,2022-08-03,11000,2419
ロッキン中止,2022,2022-08-12,11000,2420
Dead Island 2,2022,2022-08-23,11000,2421
コウメ太夫,2022,2022-08-31,11000,2422
RacionaisNoMultishow,2022,2022-09-04,11000,2423
Anthony Richardson,2022,2022-09-04,11000,2424
Chelsea Gray,2022,2022-09-07,11000,2425
LouisOnLateLate,2022,2022-09-14,11000,2426
SurvivorElimina,2022,2022-09-17,11000,2427
sidemenCharityMatch,2022,2022-09-24,11000,2428
ハッピーサプライズ,2022,2022-10-06,11000,2429
野田元首相,2022,2022-10-25,11000,2430
イコラブ,2022,2022-11-23,11000,2431
THEMANZAI,2022,2022-12-04,11000,2432
ラブソング,2022,2022-12-09,11000,2433
NARUTOP99,2022,2022-12-17,11000,2434
Rydz,2022,2022-01-01,10000,2435
Rosaria,2022,2022-01-04,10000,2436
TB12,2022,2022-01-29,10000,2437
千鳥ノブ,2022,2022-02-03,10000,2438
GNTM,2022,2022-02-03,10000,2439
West Ham,2022,2022-02-05,10000,2440
テレ東音楽祭,2022,2022-02-10,10000,2441
Franck,2022,2022-03-01,10000,2442
嘘か本当かわからないことを言う,2022,2022-04-01,10000,2443
Bacot,2022,2022-04-05,10000,2444
ゴールデェンウィィィィク,2022,2022-04-18,10000,2445
イィヤッホォォイ,2022,2022-04-18,10000,2446
DQXイベント,2022,2022-04-23,10000,2447
恋した魚は空を飛ぶ,2022,2022-05-03,10000,2448
カルピスを作ろう,2022,2022-06-26,10000,2449
Scioli,2022,2022-07-04,10000,2450
夏のブルアカらいぶ,2022,2022-07-16,10000,2451
FRANED,2022,2022-07-23,10000,2452
7dream,2022,2022-07-25,10000,2453
Choco Taco,2022,2022-07-26,10000,2454
cashappamerica,2022,2022-07-29,10000,2455
KamikazeParty2022,2022,2022-07-30,10000,2456
AtatürkMüslümanDeğil,2022,2022-07-31,10000,2457
BETHESUNinJKT,2022,2022-08-09,10000,2458
George Pickens,2022,2022-08-14,10000,2459
SirJimRatcliffeIn,2022,2022-08-17,10000,2460
in大阪,2022,2022-08-26,10000,2461
コウメAI太夫,2022,2022-08-31,10000,2462
joshua hong,2022,2022-09-14,10000,2463
Doc Rivers,2022,2022-09-17,10000,2464
BachelorInParadise,2022,2022-09-28,10000,2465
クロコップ,2022,2022-10-08,10000,2466
Fabra,2022,2022-10-20,10000,2467
みちょぱ結婚,2022,2022-10-22,10000,2468
あなたのイヌ度ネコ度,2022,2022-11-02,10000,2469
TheVoiceBrasil,2022,2022-11-16,10000,2470
BlackFridayDealabs,2022,2022-11-25,10000,2471
Arson Judge,2022,2022-12-07,10000,2472
Russell Wilson,2022,2022-12-25,10000,2473
Henderson,2022,2022-12-30,10000,2474
BTS BTS BTS,2021,2021-10-02,5411000,1
StanWorld,2021,2021-03-31,5376000,2
BTSxAMAs,2021,2021-11-22,4389000,3
BBMAsTopSocial,2021,2021-05-11,4351000,4
Thanksgiving,2021,2021-11-26,4077000,5
ม็อบ18กรกฎา,2021,2021-07-18,3981000,6
Spotify,2021,2021-12-02,3890000,7
ม็อบ10สิงหา,2021,2021-08-10,3763000,8
WhatsApp,2021,2021-10-05,3386000,9
ハロウィン,2021,2021-10-31,3362000,10
PermissiontoDance,2021,2021-07-09,3240000,11
クリスマス,2021,2021-12-24,3228000,12
Tokyo2020,2021,2021-07-24,3207000,13
โรงงานกิ่งแก้วไฟไหม้,2021,2021-07-05,3106000,14
Trump,2021,2021-01-07,3074000,15
Halloween,2021,2021-10-30,3016000,16
GRAMMYs,2021,2021-03-15,2968000,17
America,2021,2021-01-07,2930000,18
Capitol,2021,2021-01-07,2837000,19
popcat,2021,2021-08-15,2836000,20
InternationalWomensDay,2021,2021-03-09,2745000,21
Merry Christmas,2021,2021-12-25,2650000,22
Sarah,2021,2021-03-29,2407000,23
SetTheNightAlightBTS,2021,2021-03-15,2381000,24
Cuba,2021,2021-07-12,2349000,25
helpturkey,2021,2021-08-02,2347000,26
ม็อบ28กุมภา,2021,2021-02-28,2178000,27
2021STAYweeK,2021,2021-07-30,2164000,28
VMAs,2021,2021-09-13,2154000,29
Happy Halloween,2021,2021-10-31,2141000,30
DONT_FIGHT_THE_FEELING,2021,2021-05-10,2132000,31
스테이위크,2021,2021-07-30,2122000,32
I VOTE,2021,2021-11-04,2091000,33
Rayssa,2021,2021-07-26,2074000,34
ARTIST OF THE YEAR,2021,2021-11-22,1984000,35
MetGala,2021,2021-09-14,1960000,36
jungkook,2021,2021-07-29,1930000,37
Happy New Year,2021,2021-01-01,1907000,38
Karol,2021,2021-02-22,1850000,39
BBB21,2021,2021-02-17,1837000,40
Taliban,2021,2021-08-15,1780000,41
Mother's Day,2021,2021-05-09,1742000,42
Afghanistan,2021,2021-08-15,1736000,43
PremiosMTVMIAW,2021,2021-06-08,1721000,44
Taylor,2021,2021-03-15,1623000,45
ข่าวลือ,2021,2021-05-13,1623000,46
WhatDoYouBelieveIn,2021,2021-03-10,1613000,47
Lula,2021,2021-03-09,1602000,48
Eurovision,2021,2021-05-22,1599000,49
PTD_ON_STAGE_LA,2021,2021-11-28,1562000,50
GMMTV2022,2021,2021-12-01,1544000,51
Israel,2021,2021-05-11,1513000,52
ArtisteLalisa,2021,2021-08-22,1502000,53
Nego,2021,2021-02-17,1475000,54
SoloistLisa,2021,2021-08-25,1455000,55
エイプリルフール,2021,2021-04-01,1452000,56
telegram,2021,2021-10-05,1426000,57
Flamengo,2021,2021-11-28,1415000,58
April Fools,2021,2021-04-01,1400000,59
AksadaBaskinVar,2021,2021-05-11,1386000,60
Juliette,2021,2021-03-29,1344000,61
JIMIN JIMIN,2021,2021-10-05,1340000,62
HappyBirthdayJungkook,2021,2021-08-31,1330000,63
weareoneEXO,2021,2021-05-10,1317000,64
BUTTEREADY ON BBMAS,2021,2021-05-10,1306000,65
YouthToday,2021,2021-09-20,1302000,66
straykids,2021,2021-11-04,1287000,67
YourStories,2021,2021-09-13,1264000,68
Hyunjin,2021,2021-06-25,1239000,69
facebookdown,2021,2021-10-05,1235000,70
Texas,2021,2021-03-03,1225000,71
BTS_Butter,2021,2021-05-09,1223000,72
BTSonMTV,2021,2021-02-24,1222000,73
KadinaSiddeteHayir,2021,2021-03-07,1194000,74
EncoreWithGOT7,2021,2021-02-20,1193000,75
MissUniverse2021,2021,2021-12-13,1192000,76
Pokémon,2021,2021-02-26,1177000,77
Sweet21JaehyukieDay,2021,2021-07-22,1167000,78
Sticker9thWin,2021,2021-10-03,1138000,79
Attacca,2021,2021-10-22,1127000,80
InaugurationDay,2021,2021-01-20,1121000,81
SpiderManNoWayHome,2021,2021-11-17,1117000,82
AbsoluteAceTaeyongDay,2021,2021-06-30,1110000,83
STREAMINGBUTTER,2021,2021-05-25,1096000,84
대장장미_태어났툥,2021,2021-06-30,1096000,85
AllOurLoveROSÉDay,2021,2021-02-10,1095000,86
OnYour23rdMark,2021,2021-08-01,1082000,87
스물셋_온유어마크_겟셋고,2021,2021-08-01,1043000,88
ToTheWorldwithNCT,2021,2021-04-08,1040000,89
João,2021,2021-04-06,1037000,90
BTSatUNGA,2021,2021-09-20,1037000,91
Kyle Rittenhouse,2021,2021-11-19,1035000,92
StopAsianHate,2021,2021-03-17,1029000,93
findsai,2021,2021-02-17,1025000,94
金メダル,2021,2021-07-25,1020000,95
Argentina,2021,2021-07-11,1013000,96
EndSARSMemorial,2021,2021-10-20,1003000,97
got7,2021,2021-01-06,986000,98
ポッキー,2021,2021-11-11,983000,99
Kabul,2021,2021-08-26,981000,100
BTSBackAndButterThanEver,2021,2021-07-09,975000,101
Italy,2021,2021-07-11,966000,102
LightItUpBTS,2021,2021-03-14,954000,103
스트레이키즈,2021,2021-07-21,949000,104
TREASURE_MENTIONPARTY,2021,2021-01-26,942000,105
BTSxLouisVuitton,2021,2021-07-07,938000,106
yenidensçk,2021,2021-06-09,936000,107
Namjoon,2021,2021-11-24,929000,108
JUNGKOOK,2021,2021-11-28,920000,109
England,2021,2021-06-29,909000,110
iKONxLisaOnKingdom,2021,2021-05-20,908000,111
ButterCDOutNow,2021,2021-07-09,903000,112
AppleEvent,2021,2021-09-14,901000,113
คณะราษเปซ,2021,2021-08-05,899000,114
StopAAPIHate,2021,2021-03-30,884000,115
GotARMYRightBehindYou,2021,2021-09-20,882000,116
Messi,2021,2021-09-10,881000,117
Brady,2021,2021-01-25,880000,118
Candyหวานจังหวานใจมิวกลัฟ,2021,2021-10-03,872000,119
iyikigeldinbaba,2021,2021-07-14,870000,120
Weverse,2021,2021-08-02,867000,121
Black Friday,2021,2021-11-26,860000,122
지훈이의_스물두번째_봄을_축하해,2021,2021-03-13,853000,123
happysunshinedae,2021,2021-09-21,852000,124
SexyCutieLeaderJihoonDay,2021,2021-03-13,839000,125
Mbappe,2021,2021-02-17,835000,126
11YearsOfOneDirection,2021,2021-07-23,832000,127
Prince Philip,2021,2021-04-09,830000,128
elmalıdavası,2021,2021-06-29,830000,129
HappyEXOLDay,2021,2021-08-04,824000,130
준규선생님_생일축하한다요_메롱,2021,2021-09-08,817000,131
Cali,2021,2021-05-10,808000,132
JusticeForRinkuSharma,2021,2021-02-12,806000,133
iyikidoğdunkızım,2021,2021-06-30,805000,134
Apple,2021,2021-01-09,801000,135
AStarVocalistJunkyuDay,2021,2021-09-08,799000,136
OurPreciousDoyoungDay,2021,2021-01-31,794000,137
L1485ToForever,2021,2021-08-04,787000,138
Google,2021,2021-06-22,784000,139
ジュンギュかわいやー,2021,2021-09-08,782000,140
HappySunshineDae,2021,2021-09-21,777000,141
happybirthdayJHOPE,2021,2021-02-17,776000,142
LVMenFW21,2021,2021-07-05,769000,143
CHUANG2021Final,2021,2021-04-24,767000,144
PERMISSIONTODANCE,2021,2021-07-01,752000,145
HappyBirthdayHoseok,2021,2021-02-17,748000,146
FreeBritney,2021,2021-06-24,744000,147
กาตุ่ยวินกินไส้กรอกซีพี,2021,2021-01-20,742000,148
猫の日,2021,2021-02-22,731000,149
HelloFutureWith7DREAM,2021,2021-06-28,727000,150
EURO2020,2021,2021-06-11,726000,151
SMTOWN_LIVE,2021,2021-01-01,725000,152
Queen,2021,2021-04-09,721000,153
트레저와_두손꼭잡고_걸어온_일년,2021,2021-08-06,719000,154
coldplay,2021,2021-09-13,718000,155
BeautifulYoshiDay,2021,2021-05-14,717000,156
MEGAN,2021,2021-11-29,716000,157
Euro2020Final,2021,2021-07-11,713000,158
Butter1onHot100,2021,2021-06-01,710000,159
まだ見ぬ世界へヨシくんと,2021,2021-05-14,708000,160
ButterTeaser1,2021,2021-05-09,706000,161
Olympics,2021,2021-07-23,705000,162
evlenbenimle,2021,2021-07-28,704000,163
Cancun,2021,2021-02-18,701000,164
RacismBayern3,2021,2021-02-26,701000,165
NCTzenSelcaDay,2021,2021-03-09,696000,166
헬로퓨처_시즈니가_기다렸어,2021,2021-06-28,691000,167
緊急事態宣言,2021,2021-01-07,688000,168
デビュー1周年おめでTREASURE,2021,2021-08-06,687000,169
ONE YEAR WITH TREASURE,2021,2021-08-06,687000,170
StrayKids_Thunderous,2021,2021-08-23,680000,171
HALSEY,2021,2021-12-02,679000,172
Drake,2021,2021-09-03,677000,173
6YearsOfLoveWithSEVENTEEN,2021,2021-05-25,666000,174
스트레이키즈_소리꾼,2021,2021-08-23,660000,175
분명히_더행복할_26살_도영이,2021,2021-01-31,652000,176
MANAVGATYANİYOR,2021,2021-07-29,648000,177
OurPrideBTS,2021,2021-09-20,648000,178
Liverpool,2021,2021-10-24,647000,179
정우의_스물넷_빛날거야_알잖아,2021,2021-02-18,641000,180
HotSauce2ndWin,2021,2021-05-20,640000,181
JIMINDAY,2021,2021-10-12,639000,182
SuperBowl,2021,2021-02-08,638000,183
Sanremo2021,2021,2021-03-07,633000,184
HelloFuture1stWin,2021,2021-07-08,632000,185
Cuomo,2021,2021-08-04,632000,186
恵方巻き,2021,2021-02-02,628000,187
T A M A M,2021,2021-08-04,628000,188
Chelsea,2021,2021-05-29,623000,189
NCT_Universe,2021,2021-12-10,620000,190
LINETVAWARDS2021,2021,2021-08-05,616000,191
NOEASY_isCOMING,2021,2021-07-21,611000,192
Thais,2021,2021-04-12,609000,193
STRAY KIDS IS COMING,2021,2021-07-21,604000,194
Paint_Me_Naked,2021,2021-08-02,603000,195
JHOPEPlazaClaroColombia,2021,2021-02-12,599000,196
The CDC,2021,2021-12-29,592000,197
OurPrideKyungsooDay,2021,2021-01-11,589000,198
Rush Limbaugh,2021,2021-02-17,589000,199
ครั้งหนึ่งที่รักEP2,2021,2021-07-16,589000,200
FNS歌謡祭,2021,2021-12-08,584000,201
JENNIEChanelPFW,2021,2021-10-05,584000,202
GreyApFinalTokyo2020,2021,2021-08-02,579000,203
OurProducerBeomgyu,2021,2021-03-12,578000,204
bambam,2021,2021-06-09,577000,205
YGLetLisadoHerWork,2021,2021-10-05,577000,206
Braves,2021,2021-11-03,574000,207
SJ182,2021,2021-01-09,570000,208
Hyunjin_LoveSTAYBoy,2021,2021-06-30,570000,209
DYODAY2021,2021,2021-01-11,564000,210
OurLIMITLES5NCT127,2021,2021-07-06,562000,211
BLACKPINKxCORDEN,2021,2021-01-28,558000,212
Ronaldo,2021,2021-09-11,555000,213
Arsenal,2021,2021-08-22,541000,214
Elmalida2Cocuk,2021,2021-06-29,541000,215
Lucas,2021,2021-01-27,539000,216
Liz Cheney,2021,2021-05-12,539000,217
Kanye,2021,2021-07-23,539000,218
hoshi,2021,2021-04-02,536000,219
ARMYSelcaDay,2021,2021-08-02,536000,220
MTVHottest,2021,2021-07-17,536000,221
StrayKidsComeback,2021,2021-11-28,531000,222
jaehyun,2021,2021-11-02,524000,223
RepublicDay,2021,2021-01-26,521000,224
Medina,2021,2021-07-27,519000,225
Sora,2021,2021-10-05,519000,226
Neymar,2021,2021-04-07,518000,227
RedTaylorsVersion,2021,2021-11-12,517000,228
ไบร์ทวิน,2021,2021-05-28,516000,229
MUSICDAY,2021,2021-07-03,514000,230
Lakers,2021,2021-08-04,512000,231
フリート,2021,2021-08-04,505000,232
taylor,2021,2021-05-11,501000,233
Canada,2021,2021-07-01,493000,234
Copa América,2021,2021-05-31,490000,235
해피됴데이,2021,2021-01-11,489000,236
Barcelona,2021,2021-02-17,488000,237
ibrahimzaraptutuklansın,2021,2021-03-07,488000,238
경수야_생일축하해,2021,2021-01-11,487000,239
ENHYPEN1stWin,2021,2021-05-04,486000,240
HappyBirthdayJimin,2021,2021-10-12,484000,241
HAPPYBIRTHDAYNAMJOON,2021,2021-09-11,481000,242
29MForaBolsonaro,2021,2021-05-29,480000,243
Jungwoo,2021,2021-10-31,477000,244
คลับเฮ้าส์toxic,2021,2021-11-05,477000,245
Favorite1stWin,2021,2021-11-04,476000,246
juliette,2021,2021-01-27,475000,247
TasteTheHotSauce,2021,2021-05-10,473000,248
WandaVisionFinale,2021,2021-03-05,472000,249
맛잘알_시즈니픽_핫소스,2021,2021-05-10,470000,250
PTD_ON_STAGE_LA_Day2,2021,2021-11-29,469000,251
megan,2021,2021-08-25,468000,252
Wilder,2021,2021-10-10,467000,253
EUROVISION,2021,2021-05-18,466000,254
정인아_미안해,2021,2021-01-03,465000,255
8M2021,2021,2021-03-08,464000,256
YouthStories,2021,2021-09-20,462000,257
Butter7thNo1OnHot100,2021,2021-07-12,461000,258
Christmas Eve,2021,2021-12-24,460000,259
엔하이픈,2021,2021-09-02,458000,260
LISA SOLO SOON,2021,2021-07-12,456000,261
ForaNegoDi,2021,2021-02-15,455000,262
Happy Holi,2021,2021-03-29,454000,263
LISA_YouthWithYou3,2021,2021-01-07,453000,264
UCLFinal,2021,2021-05-29,453000,265
Switch,2021,2021-07-06,449000,266
WandaVision,2021,2021-03-05,446000,267
七夕の願い事,2021,2021-07-07,444000,268
音楽の日,2021,2021-07-17,441000,269
ARSD,2021,2021-07-05,438000,270
いい推しの日,2021,2021-11-04,436000,271
スマブラ,2021,2021-10-05,435000,272
Barça,2021,2021-02-17,434000,273
Kelvin,2021,2021-07-25,434000,274
GlobalCitizenLive,2021,2021-09-25,434000,275
HAVE A SAFE FLIGHT,2021,2021-11-17,433000,276
River,2021,2021-01-13,432000,277
Viih,2021,2021-04-21,431000,278
ツインテールの日,2021,2021-02-02,428000,279
Bayern,2021,2021-04-07,428000,280
AllForJunmyeon,2021,2021-05-21,428000,281
ドローン,2021,2021-07-23,428000,282
Amanda Gorman,2021,2021-01-20,427000,283
ベストアーティスト,2021,2021-11-17,425000,284
Lov3STAYwithSKZ,2021,2021-07-31,422000,285
IndependenceDay,2021,2021-08-15,422000,286
Michelle,2021,2021-01-20,416000,287
스테이는_3살_OH야,2021,2021-07-31,416000,288
hobi,2021,2021-12-02,413000,289
MAMA2021,2021,2021-12-11,413000,290
jennie,2021,2021-02-24,412000,291
テレビゲーム総選挙,2021,2021-12-27,411000,292
ダイパリメイク,2021,2021-02-26,410000,293
ひな祭り,2021,2021-03-03,410000,294
Seoul,2021,2021-12-03,409000,295
HAPPY_BIRTH_JAY,2021,2021-04-19,406000,296
BETAwards,2021,2021-06-28,405000,297
별들이_모여_종성이가_된_날,2021,2021-04-19,402000,298
M1グランプリ,2021,2021-12-19,399000,299
MUNLIV,2021,2021-10-24,397000,300
RacismIsNotComedy,2021,2021-03-17,394000,301
Lady Gaga,2021,2021-01-20,389000,302
サンタさん,2021,2021-12-24,389000,303
CDTVライブライブ,2021,2021-12-20,388000,304
BamBam_riBBon_MV,2021,2021-06-15,388000,305
ソフトボール,2021,2021-07-27,386000,306
COP26,2021,2021-11-01,383000,307
UEFA,2021,2021-04-19,382000,308
MステウルトラSUPERLIVE,2021,2021-12-24,382000,309
SummerSlam,2021,2021-08-22,381000,310
ButterTeaser3,2021,2021-05-12,379000,311
Harden,2021,2021-01-13,377000,312
Loki,2021,2021-07-14,377000,313
YoursOutNow,2021,2021-11-07,377000,314
Andrew,2021,2021-11-17,377000,315
Butter8thNo1OnHot100,2021,2021-07-26,376000,316
LALISA LOVE ME,2021,2021-09-07,375000,317
WorldEnvironmentDay,2021,2021-06-05,372000,318
John Madden,2021,2021-12-29,370000,319
TheDay_sevENstars_Connected,2021,2021-09-17,368000,320
ActressJISOODebut,2021,2021-12-16,368000,321
JaeDo,2021,2021-01-26,367000,322
엔하이픈_7개_별들이_연결된_날,2021,2021-09-17,367000,323
7YearsOfHappinessRV,2021,2021-07-31,366000,324
Batman,2021,2021-10-17,366000,325
有馬記念,2021,2021-12-26,366000,326
Portugal,2021,2021-06-23,364000,327
로제_생일날_블링크마음이_벅채영,2021,2021-02-10,363000,328
BANGBANGCON21,2021,2021-04-17,362000,329
HungarianGP,2021,2021-08-01,362000,330
chenle,2021,2021-10-31,361000,331
ITAENG,2021,2021-07-11,361000,332
STAY 3RD ANNIVERSARY,2021,2021-07-31,361000,333
Canelo,2021,2021-11-07,361000,334
เนสกาแฟหอมมหาเฮง,2021,2021-02-11,360000,335
SNOWDROP PRESSCON,2021,2021-12-16,360000,336
NobodyIsListening,2021,2021-01-15,359000,337
UCLdraw,2021,2021-08-26,359000,338
Rodolfo,2021,2021-04-06,358000,339
ButterTeaser4,2021,2021-05-13,357000,340
Sasha,2021,2021-02-01,355000,341
BTSxMusiCares,2021,2021-03-13,355000,342
ブルーインパルス,2021,2021-07-23,353000,343
Tiago,2021,2021-02-17,352000,344
AlwaysWithENHYPEN,2021,2021-09-02,351000,345
PTD_ON_STAGE_LA_Day3,2021,2021-12-02,350000,346
StrayKids_WorldwideKING,2021,2021-04-15,349000,347
아_박정우생일_가보자고,2021,2021-09-27,346000,348
HAPPY BIRTHDAY JAY,2021,2021-04-19,345000,349
IWD2021,2021,2021-03-08,344000,350
BTSCrosswalk,2021,2021-12-17,344000,351
AFazenda,2021,2021-09-26,343000,352
Michael,2021,2021-11-15,342000,353
Feliz Navidad,2021,2021-12-24,341000,354
Meta,2021,2021-10-28,339000,355
Jeff Bezos,2021,2021-07-20,338000,356
namjoon,2021,2021-08-02,338000,357
SCIENTIST,2021,2021-11-12,338000,358
BTSGrammyPerformers,2021,2021-03-07,336000,359
Hamilton,2021,2021-07-18,336000,360
우리의_웃음은_디노야_생일축하해,2021,2021-02-10,333000,361
MINIMONI,2021,2021-06-24,333000,362
OurAngelJimin,2021,2021-10-12,333000,363
8YearsWithTaehyung,2021,2021-06-02,332000,364
OurSunshineJeongwooDay,2021,2021-09-27,332000,365
SHINEE,2021,2021-01-01,331000,366
KPOP_HISTORY_DINO_Day,2021,2021-02-10,331000,367
Halsey,2021,2021-07-19,331000,368
Rosamaria,2021,2021-08-04,330000,369
뱀뱀_리본_뮤비,2021,2021-06-15,329000,370
Ítalo,2021,2021-07-27,329000,371
パクジョンウ魅力やっば,2021,2021-09-27,329000,372
ファミマ,2021,2021-07-13,328000,373
pride,2021,2021-06-01,327000,374
Duke of Edinburgh,2021,2021-04-09,326000,375
MemorialDay,2021,2021-05-31,326000,376
LoveIsColorBlindWorldPremiere,2021,2021-12-09,326000,377
iKON_WHYWHYWHY,2021,2021-03-03,324000,378
여름의태양으로_불을지필_원우생일,2021,2021-07-16,324000,379
WONderfulWONWOODay,2021,2021-07-16,323000,380
billie,2021,2021-09-14,323000,381
NOtoRacism,2021,2021-02-27,322000,382
カリッとコク旨クリスピーチキンチーズ,2021,2021-07-13,321000,383
天気の子,2021,2021-01-03,320000,384
SKZAllAroundTheWORLD,2021,2021-05-20,320000,385
Madrid,2021,2021-02-24,319000,386
7つの星が繋がった日,2021,2021-09-17,319000,387
アラジン,2021,2021-05-21,318000,388
Chiefs,2021,2021-02-08,317000,389
SKZ WORLD DOMINATION,2021,2021-05-20,316000,390
ハッピーハロウィン,2021,2021-10-31,315000,391
ITZY,2021,2021-04-30,314000,392
UFC268,2021,2021-11-07,314000,393
8YearsWithJungkook,2021,2021-02-01,313000,394
仕事納め,2021,2021-12-28,313000,395
Fiuk,2021,2021-04-30,312000,396
Caio,2021,2021-03-20,311000,397
หัวท้ายตายก่อนxมิว,2021,2021-04-26,311000,398
PitMad,2021,2021-06-03,311000,399
ENHYPEN 1ST ANNIVERSARY,2021,2021-09-17,311000,400
衣のクリスピーチキン,2021,2021-07-13,310000,401
LabanLeni2022,2021,2021-10-07,310000,402
Pogba,2021,2021-08-14,309000,403
1YearWithSweetNight,2021,2021-03-12,308000,404
kokundaaşkvar,2021,2021-02-27,306000,405
オリンピック,2021,2021-07-07,306000,406
AbuDhabiGP,2021,2021-12-12,306000,407
Lukaku,2021,2021-08-22,305000,408
Normani,2021,2021-09-13,300000,409
Chen,2021,2021-11-16,300000,410
BritishGP,2021,2021-07-18,299000,411
フェンシング,2021,2021-07-30,299000,412
Butter9thNo1OnHot100,2021,2021-08-02,299000,413
Hank Aaron,2021,2021-01-23,297000,414
Fachin,2021,2021-03-09,296000,415
aespa,2021,2021-04-14,295000,416
Friday the 13th,2021,2021-08-13,295000,417
GirlsPlanet999,2021,2021-10-15,295000,418
DIMENSION_DILEMMA,2021,2021-09-16,293000,419
LightOfOctober,2021,2021-10-12,292000,420
OurNewBeginningWithMarkTuan,2021,2021-02-06,290000,421
Jake Paul,2021,2021-04-18,290000,422
ポケモン,2021,2021-08-18,290000,423
PURRR,2021,2021-01-28,289000,424
ButterToday,2021,2021-05-20,289000,425
Donda,2021,2021-08-29,289000,426
LALISA 700K WORLDWIDE,2021,2021-08-31,289000,427
3JIsBack,2021,2021-09-09,289000,428
Kane,2021,2021-06-29,287000,429
ラフアンドミュージック,2021,2021-08-29,286000,430
CHANYEOL_Tracking,2021,2021-06-02,285000,431
MUFC,2021,2021-08-14,285000,432
문준휘_생일이라_행복이_원플러스원,2021,2021-06-09,284000,433
TuneInForDO_2,2021,2021-07-19,284000,434
NeverForget,2021,2021-09-11,284000,435
공감_디오위크_D6,2021,2021-07-19,283000,436
ハッピーバレンタイン,2021,2021-02-14,281000,437
LSMVTeaser,2021,2021-09-07,281000,438
キスの日,2021,2021-05-23,280000,439
IN_GraduationDay,2021,2021-02-05,278000,440
HelalEtmiyorum,2021,2021-05-14,277000,441
10Kasım,2021,2021-11-09,277000,442
ドラゴン桜,2021,2021-06-27,275000,443
FallInLoveWithJunDay,2021,2021-06-09,274000,444
McDonald,2021,2021-04-19,273000,445
Johnson & Johnson,2021,2021-04-13,271000,446
Eid Mubarak,2021,2021-05-12,271000,447
ButterCelebrationParty,2021,2021-06-03,269000,448
Seokjin,2021,2021-06-18,269000,449
KYUNGSOO_Tracking,2021,2021-06-02,268000,450
PermissionToDanceRnBRemix,2021,2021-07-23,268000,451
UFC269,2021,2021-12-12,268000,452
ENGGER,2021,2021-06-29,267000,453
Adele,2021,2021-11-19,267000,454
HOSEOK,2021,2021-04-01,266000,455
BUY KILL MY MIND ON ITUNES,2021,2021-05-25,266000,456
D E V A M,2021,2021-08-04,265000,457
夫婦の日,2021,2021-11-22,265000,458
LaIslaDeLasTentaciones8,2021,2021-03-05,264000,459
YADINHO,2021,2021-05-14,263000,460
Intro_Whiteout,2021,2021-09-16,263000,461
ベストヒット歌謡祭,2021,2021-11-11,261000,462
Tudum,2021,2021-09-25,260000,463
CPSausageNo1LIVE,2021,2021-12-07,260000,464
ピクトグラム,2021,2021-07-23,259000,465
StreetWomanFighter,2021,2021-10-26,259000,466
따뜻하다_범규생일이_오려나봐,2021,2021-03-12,258000,467
VincenzoEp20,2021,2021-05-02,258000,468
AllYourFault_Yugyeom,2021,2021-06-17,258000,469
Fauci,2021,2021-07-20,258000,470
É HOJE,2021,2021-11-27,257000,471
8MartDünyaKadınlarGünü,2021,2021-03-08,256000,472
GenocideinGaza,2021,2021-05-13,256000,473
Kenosha,2021,2021-11-19,255000,474
1013Serendipity,2021,2021-10-12,254000,475
Shawn,2021,2021-11-18,253000,476
Rashford,2021,2021-07-11,252000,477
Pamela,2021,2021-07-26,252000,478
ソラ参戦,2021,2021-10-05,252000,479
MAVERICK,2021,2021-11-01,252000,480
SuperTunaByJin,2021,2021-12-04,252000,481
مسابقه_ابوناصر١٠,2021,2021-04-22,251000,482
FathersDay,2021,2021-06-20,251000,483
Rome,2021,2021-07-11,251000,484
Sismo,2021,2021-09-08,249000,485
バーチャルすとぷり,2021,2021-08-28,248000,486
スケボー,2021,2021-07-25,248000,487
LaIslaDeLasTentaciones9,2021,2021-03-12,247000,488
2YearsWithWinterBear,2021,2021-08-09,247000,489
5YearsWithAGUSTD,2021,2021-08-15,247000,490
4toinformeedomex,2021,2021-09-21,247000,491
田村正和さん,2021,2021-05-18,246000,492
FriendsReunion,2021,2021-05-27,246000,493
KUSURABAKIYORUZ,2021,2021-06-22,246000,494
ios15,2021,2021-09-21,246000,495
無料引換クーポン,2021,2021-07-15,245000,496
ARMYBTSEstaClaro,2021,2021-02-15,244000,497
SELENA,2021,2021-03-09,244000,498
Beşiktaş,2021,2021-05-01,244000,499
FGO,2021,2021-10-20,244000,500
skateboarding,2021,2021-07-26,243000,501
BelgianGP,2021,2021-08-29,243000,502
オリックス,2021,2021-10-27,241000,503
Norm Macdonald,2021,2021-09-14,240000,504
DONDA,2021,2021-07-23,239000,505
RenanVagabundo,2021,2021-05-13,238000,506
PermissionToDanceNo1OnHot100,2021,2021-07-19,238000,507
LoveStreamingWithBI,2021,2021-03-19,236000,508
Britney,2021,2021-08-13,236000,509
IndiaAt75,2021,2021-08-15,236000,510
Sticker10thWin,2021,2021-10-07,236000,511
BipinRawat,2021,2021-12-08,236000,512
MostRequestedLive,2021,2021-10-17,234000,513
어여쁜_꽃처럼_피어난_범규의_스물하나,2021,2021-03-12,234000,514
ACT_BOY,2021,2021-10-03,234000,515
ドラクエ,2021,2021-10-07,234000,516
Dodgers,2021,2021-10-07,234000,517
BellLetsTalk,2021,2021-01-28,233000,518
Emmy,2021,2021-07-13,233000,519
オズワルド,2021,2021-12-19,232000,520
bryce,2021,2021-06-13,231000,521
BUTTERTHEEREMIX,2021,2021-08-25,231000,522
Columbus,2021,2021-10-11,231000,523
Rihanna,2021,2021-09-14,230000,524
DogeDay,2021,2021-04-20,229000,525
テレ東音楽祭,2021,2021-06-30,229000,526
HYBE,2021,2021-03-10,228000,527
PakvsIndia,2021,2021-10-24,228000,528
M1GP2021,2021,2021-12-19,228000,529
SixTONESANN,2021,2021-03-13,227000,530
doge,2021,2021-04-16,227000,531
Butter6thNo1OnHot100,2021,2021-07-06,227000,532
ValimaiMakingVideo,2021,2021-12-14,226000,533
V_ChristmasTree,2021,2021-12-24,226000,534
Labour,2021,2021-05-07,225000,535
無料割引クーポン,2021,2021-07-13,225000,536
30AgustosZaferBayrami,2021,2021-08-30,224000,537
Olympics,2021,2021-07-02,223000,538
Butter10thNo1OnHot100,2021,2021-09-07,222000,539
Atlas,2021,2021-12-13,222000,540
SASUKE,2021,2021-12-28,222000,541
MonacoGP,2021,2021-05-23,221000,542
UnveilTrack_CHEESE,2021,2021-08-02,221000,543
النصر_الاتحاد,2021,2021-09-18,221000,544
Yankees,2021,2021-10-06,220000,545
いいツインテールの日,2021,2021-11-22,220000,546
BlackFriday,2021,2021-11-26,219000,547
isola,2021,2021-03-16,217000,548
オベロン,2021,2021-08-11,217000,549
Jake,2021,2021-08-20,217000,550
RoçaAFazenda,2021,2021-09-22,217000,551
dolar,2021,2021-03-22,216000,552
YalnızDeğilsinEzgiMola,2021,2021-06-02,216000,553
야망의사나이유겸솔로데뷔,2021,2021-06-17,216000,554
IndiaTogether,2021,2021-02-03,214000,555
엔시티_드림_밀리언셀러_축하해,2021,2021-05-16,214000,556
MayThe4thBeWithYou,2021,2021-05-04,213000,557
Sterling,2021,2021-06-29,212000,558
AEWRampage,2021,2021-08-21,212000,559
4toInformeEdomex,2021,2021-09-21,212000,560
WhoAreYouOUTNOW,2021,2021-12-28,212000,561
LaIslaDeLasTentaciones3,2021,2021-01-21,210000,562
TodayIs_WendySolo,2021,2021-04-05,210000,563
Tyler,2021,2021-06-25,210000,564
दिल्ली_पुलिस_लठ_बजाओ,2021,2021-01-26,209000,565
Independence Day,2021,2021-07-04,209000,566
スケートボード,2021,2021-07-25,209000,567
スラムダンク,2021,2021-01-07,208000,568
ASAPkampeon,2021,2021-09-19,208000,569
PakvsAfg,2021,2021-10-29,208000,570
CathyDollBrightSkinWinMyHeart,2021,2021-11-29,208000,571
BlackClover_with_TREASURE,2021,2021-01-05,207000,572
Baylor,2021,2021-04-06,207000,573
AuguSKZ,2021,2021-08-02,207000,574
Welcomebambamtothailand,2021,2021-12-21,207000,575
Projota,2021,2021-01-20,206000,576
BBB101,2021,2021-05-09,206000,577
TwitterBan,2021,2021-06-05,206000,578
ARSunshineDay,2021,2021-09-16,206000,579
エフフォーリア,2021,2021-12-26,205000,580
MUSICBLOOD,2021,2021-06-18,205000,581
Atlético,2021,2021-09-29,205000,582
Duda Reis,2021,2021-01-13,204000,583
BLEACH,2021,2021-12-18,204000,584
ブラクロ,2021,2021-01-05,202000,585
Nickelodeon,2021,2021-01-11,202000,586
tzvip,2021,2021-01-26,202000,587
Germany,2021,2021-06-23,202000,588
SamsungUnpacked,2021,2021-01-14,200000,589
Camilla,2021,2021-02-23,200000,590
LoveIsland,2021,2021-07-23,200000,591
Japão,2021,2021-07-27,200000,592
LIVMUN,2021,2021-01-17,199000,593
aespaGoesSavage,2021,2021-10-05,199000,594
العطاء_باحسان,2021,2021-04-22,198000,595
CPIdaCovid,2021,2021-06-26,198000,596
FixOnMingiToday,2021,2021-08-08,198000,597
yugyeom,2021,2021-01-06,196000,598
Happy8YearsWithJimin,2021,2021-01-11,196000,599
OnTheGroundinTwoDays,2021,2021-03-09,196000,600
VERZUZ,2021,2021-05-09,196000,601
vinnie,2021,2021-06-13,196000,602
INTO1x616Kuaishou,2021,2021-06-15,196000,603
Griezmann,2021,2021-08-31,196000,604
Gabi,2021,2021-02-01,195000,605
renjun,2021,2021-04-03,195000,606
Baekhyun,2021,2021-09-15,194000,607
TXT_TheDoomsNight,2021,2021-04-18,193000,608
Happy 4th of July,2021,2021-07-04,193000,609
Corinthians,2021,2021-08-01,193000,610
Gilberto,2021,2021-04-21,191000,611
SoyluyaSoruyorum,2021,2021-05-24,191000,612
縦長サムネ,2021,2021-05-06,190000,613
AskMewSuppasit,2021,2021-01-15,189000,614
Cowboys,2021,2021-09-10,189000,615
LEAN ON US JUNGKOOK,2021,2021-05-14,189000,616
레드벨벳퀸덤_라띠라뚜빠빠디라,2021,2021-08-16,189000,617
Young Boys,2021,2021-09-14,189000,618
THEMUSICDAY,2021,2021-07-03,188000,619
ヒカキンサンタ,2021,2021-12-18,188000,620
SurvivorSeries,2021,2021-11-22,187000,621
HAPPY PRIDE MONTH,2021,2021-06-01,186000,622
3JComesToDominateWithHisDance,2021,2021-09-09,186000,623
Sticker5thWin,2021,2021-09-29,186000,624
VibinWithYoungjae,2021,2021-10-05,186000,625
BELFRA,2021,2021-10-08,185000,626
天使シリーズ第2世代獣神化,2021,2021-07-22,184000,627
天使の福音,2021,2021-07-22,184000,628
PcrDayatmasıDurdurulsun,2021,2021-08-20,184000,629
WeMakeHistoryTogetherARMY,2021,2021-09-07,184000,630
الاتحاد_lلاهلي,2021,2021-10-01,184000,631
18martcanakkalezaferi,2021,2021-03-18,183000,632
古畑任三郎,2021,2021-05-18,183000,633
PKKyaktı,2021,2021-07-29,183000,634
AllAboutYugyeomDay,2021,2021-11-16,183000,635
うたコン,2021,2021-12-07,183000,636
SnowMan生配信,2021,2021-01-20,182000,637
IndiaAgainstPropaganda,2021,2021-02-03,182000,638
ENHYPENon2021MAMA,2021,2021-12-11,182000,639
Henry,2021,2021-04-08,181000,640
SFmss,2021,2021-06-18,181000,641
Rafael Portugal,2021,2021-02-17,180000,642
MUNLEE,2021,2021-08-14,180000,643
Leeds,2021,2021-08-14,180000,644
MUNNEW,2021,2021-09-11,180000,645
BadBuddySeriesEP7,2021,2021-12-10,180000,646
Mステ,2021,2021-02-19,179000,647
B.I MIDNIGHT BLUE OUT NOW,2021,2021-03-19,179000,648
Nicki,2021,2021-05-10,179000,649
여전히_소중한영재_생일축하해,2021,2021-09-16,179000,650
loveIsland,2021,2021-07-27,178000,651
InternetShutDown,2021,2021-10-05,178000,652
Bears,2021,2021-01-11,177000,653
10yearswithJungkook,2021,2021-04-23,177000,654
Benzema,2021,2021-06-02,177000,655
Soulja,2021,2021-06-27,177000,656
プロセカ生放送,2021,2021-11-22,177000,657
FIRST_IMPACT,2021,2021-11-30,177000,658
뷔스트_스밍다운해,2021,2021-12-24,177000,659
Lille,2021,2021-05-23,176000,660
WannaOne,2021,2021-12-11,176000,661
Thailand,2021,2021-12-29,176000,662
Lola,2021,2021-03-05,175000,663
IBelieveInPineapplePizza,2021,2021-03-18,175000,664
IBelieveInConnection,2021,2021-03-18,175000,665
不破湊3D,2021,2021-06-04,175000,666
비아이_깊은밤의_위로,2021,2021-03-19,174000,667
BizimCocuklar,2021,2021-06-11,174000,668
BE READY INDOMY,2021,2021-07-08,174000,669
ENHYPEN MAKE SOME NOISE,2021,2021-12-11,174000,670
Lamela,2021,2021-03-14,173000,671
IBelieveInSettingGoals,2021,2021-03-18,173000,672
lorde,2021,2021-06-08,173000,673
Chat_with_Kep1er,2021,2021-11-30,173000,674
seokjin,2021,2021-03-13,172000,675
モンハン,2021,2021-03-26,172000,676
PaintMeNaked_MVTeaser,2021,2021-08-09,172000,677
눈처럼_포근한_수빈이의_겨울,2021,2021-12-04,172000,678
FCBPSG,2021,2021-02-17,171000,679
الاهلي,2021,2021-07-17,171000,680
MeghanandHarryonOprah,2021,2021-03-09,170000,681
ครึ่งชีวิตทั้งจิตใจEarthMix,2021,2021-04-26,169000,682
FicaGil,2021,2021-05-01,169000,683
PortfolioDay,2021,2021-07-13,168000,684
달빛같은유겸이_생일축하해,2021,2021-11-16,168000,685
SBLV,2021,2021-02-08,167000,686
RocioVerdad1,2021,2021-03-22,167000,687
Alonso,2021,2021-08-01,167000,688
DebatBFMTV,2021,2021-09-23,167000,689
투바투가_들려줄_영원한_러브송,2021,2021-05-30,166000,690
Bill Cosby,2021,2021-06-30,166000,691
UFC257,2021,2021-01-24,165000,692
まどマギ,2021,2021-04-25,165000,693
TimeToFREEZE,2021,2021-05-30,165000,694
Verstappen,2021,2021-12-12,165000,695
석진이_Yours_박박,2021,2021-11-06,165000,696
Pablo,2021,2021-08-18,164000,697
CSKvRCB,2021,2021-04-25,164000,698
brits2021,2021,2021-05-11,164000,699
HUTRI76,2021,2021-08-17,164000,700
Asif Ali,2021,2021-10-29,164000,701
Conte,2021,2021-11-01,164000,702
Saka,2021,2021-06-22,163000,703
غزه_تنتصر,2021,2021-05-20,163000,704
Chris Paul,2021,2021-07-01,163000,705
サッカー,2021,2021-07-22,163000,706
QUEENDOM D-DAY,2021,2021-08-16,163000,707
Di Maria,2021,2021-07-11,162000,708
にじさんじ甲子園,2021,2021-08-14,162000,709
EpiphanyMV100M,2021,2021-10-14,162000,710
勤労感謝の日,2021,2021-11-23,162000,711
CutestGirlJihyoDay,2021,2021-01-31,161000,712
Mac Jones,2021,2021-04-30,161000,713
Jadue,2021,2021-07-12,161000,714
Desmond Tutu,2021,2021-12-26,161000,715
Simone Biles,2021,2021-07-27,160000,716
HesIntoHerEp10,2021,2021-07-30,160000,717
여섯시_아스트로_애프터미드나잇,2021,2021-08-02,160000,718
BJKvGS,2021,2021-01-17,159000,719
LALxDarkBlueKiss,2021,2021-06-19,159000,720
PORFRA,2021,2021-06-23,159000,721
lovelive,2021,2021-08-15,159000,722
岸田さん,2021,2021-09-29,159000,723
LargestVaccineDrive,2021,2021-01-16,158000,724
BJKvHTY,2021,2021-05-01,158000,725
結婚発表,2021,2021-09-28,158000,726
キングダムハーツ,2021,2021-10-05,158000,727
FarmLaws,2021,2021-11-19,158000,728
Old Trafford,2021,2021-05-02,157000,729
Aaron Rodgers,2021,2021-11-05,157000,730
HallyuFestival2021xBamBam,2021,2021-11-06,157000,731
Seahawks,2021,2021-01-10,156000,732
ImpeachBidenNow,2021,2021-01-22,156000,733
THESHOWToday,2021,2021-01-31,156000,734
해맑은_앙글이_축하해,2021,2021-01-31,156000,735
Haaland,2021,2021-03-06,156000,736
Scotland,2021,2021-06-14,156000,737
おげんさん,2021,2021-11-23,156000,738
AAA2021,2021,2021-12-02,156000,739
CheDioCiAiuti6,2021,2021-03-12,155000,740
Keiko,2021,2021-05-01,155000,741
BBNaija,2021,2021-07-31,155000,742
29Ekim,2021,2021-10-29,155000,743
지리산에_뜬_우리의달_석진이,2021,2021-11-06,155000,744
Ayuso,2021,2021-03-10,154000,745
에스파의_넥스트레벨은_세비지,2021,2021-10-05,154000,746
Alec Baldwin,2021,2021-10-22,154000,747
WorldSeries,2021,2021-11-03,154000,748
الهلال_النصر,2021,2021-12-16,154000,749
SHINExTOGETHER,2021,2021-03-06,153000,750
HodriMeydan,2021,2021-04-04,153000,751
GERHUN,2021,2021-06-23,153000,752
Perez,2021,2021-12-12,153000,753
LIVE ELBA E JULIETTE,2021,2021-06-24,152000,754
LOONA,2021,2021-06-28,152000,755
DebateChvCnn,2021,2021-09-23,152000,756
Calamidade,2021,2021-10-17,152000,757
SOLM,2021,2021-10-21,152000,758
UFC267,2021,2021-10-30,152000,759
TGTATBO,2021,2021-01-15,151000,760
Dreamcatcher,2021,2021-01-26,151000,761
Bow Wow,2021,2021-06-27,151000,762
17an,2021,2021-08-17,151000,763
OleOut,2021,2021-10-24,151000,764
YoursByJin,2021,2021-11-07,151000,765
OurMiracleSoobinDay,2021,2021-12-04,151000,766
RocioSeguirViva,2021,2021-06-02,150000,767
9Hot100ProducerRM,2021,2021-06-03,150000,768
Haiti,2021,2021-07-07,150000,769
Macron20h,2021,2021-11-09,150000,770
Rand Paul,2021,2021-07-20,150000,771
GMMTVSafeHouseSS2D1,2021,2021-11-15,150000,772
Steph,2021,2021-04-20,149000,773
Bucks,2021,2021-07-21,149000,774
Astros,2021,2021-10-23,149000,775
BUY DEFENCELESS ON ITUNES,2021,2021-03-16,148000,776
TZUYU_MELODY_PROJECT,2021,2021-06-27,148000,777
AwayFromHome,2021,2021-09-04,148000,778
Perú,2021,2021-10-14,148000,779
الهلال_الاهلي,2021,2021-10-29,148000,780
和田アキ子さん_JO1,2021,2021-12-01,148000,781
TAEKOOK,2021,2021-12-08,148000,782
ImpeachmentDay,2021,2021-01-13,147000,783
LIVCHE,2021,2021-03-05,147000,784
Giannis,2021,2021-06-16,147000,785
Kevin Durant,2021,2021-06-16,147000,786
JO1とおどるポンポコリン,2021,2021-08-29,147000,787
jongdae,2021,2021-11-16,147000,788
初出演おめでとう_JO1,2021,2021-12-07,147000,789
Lucía,2021,2021-03-12,146000,790
VivoV215GLaunch,2021,2021-05-10,146000,791
แค่ไหนก็ใกล้,2021,2021-05-10,146000,792
PROUD OF LOUIS,2021,2021-05-10,146000,793
インディアンス,2021,2021-12-19,146000,794
AçıkveNetÖzel,2021,2021-05-24,145000,795
Austria,2021,2021-06-27,145000,796
グランアレグリア,2021,2021-11-21,145000,797
タマモクロス,2021,2021-12-20,145000,798
Doja,2021,2021-06-25,144000,799
EidAlAdha,2021,2021-07-20,144000,800
ClaroQueAmamosAJimin,2021,2021-10-08,144000,801
YouAllOverMe,2021,2021-03-26,143000,802
FueraMolano,2021,2021-05-24,143000,803
Hockey,2021,2021-08-02,143000,804
VivoV215GxWin,2021,2021-05-10,142000,805
彼女はキレイだった,2021,2021-07-06,142000,806
Sxygirl,2021,2021-10-21,142000,807
Park Jimin,2021,2021-05-13,141000,808
halaaşığım,2021,2021-06-16,141000,809
土用の丑の日,2021,2021-07-28,141000,810
7FATES_CHAKHO,2021,2021-12-20,141000,811
Sehun,2021,2021-02-12,140000,812
青天を衝け,2021,2021-12-26,140000,813
AmbedkarJayanti,2021,2021-04-14,140000,814
앟_아기볶음밥주연_생일이닿,2021,2021-01-14,139000,815
neyday,2021,2021-04-13,139000,816
تويتر,2021,2021-04-17,139000,817
산중호걸이라하는_호시의_날이되어,2021,2021-06-14,139000,818
Gabigol,2021,2021-08-29,139000,819
IndigenousPeoplesDay,2021,2021-10-11,139000,820
TrumpBanned,2021,2021-01-09,138000,821
Deji,2021,2021-06-13,138000,822
الهلال_التعاون,2021,2021-08-20,138000,823
応募規約,2021,2021-09-12,138000,824
Arcane,2021,2021-11-20,138000,825
DynamiteTo1B,2021,2021-04-12,137000,826
UFC263,2021,2021-06-13,137000,827
Warriors,2021,2021-01-19,136000,828
Trae Young,2021,2021-06-24,136000,829
GoodLuckMcLeeKnow,2021,2021-08-14,136000,830
TeuDay_DDAY,2021,2021-10-02,136000,831
GetwellsoonLisa,2021,2021-11-24,136000,832
CandidatoLlegoTuHora,2021,2021-12-09,136000,833
ولي_العهد,2021,2021-02-24,135000,834
Dynamite32ndWin,2021,2021-03-05,135000,835
BamBamVliveisHere,2021,2021-04-05,135000,836
PermissionToDance1stWin,2021,2021-07-17,135000,837
Dr. Dre,2021,2021-01-06,134000,838
BlackHistoryMonth,2021,2021-02-01,134000,839
호시_믹스테잎_스파이더_6시,2021,2021-04-02,134000,840
LoveLIADay,2021,2021-07-20,134000,841
PremioMultishow,2021,2021-12-09,134000,842
gfvip,2021,2021-01-26,133000,843
HAPPY BIRTHDAY DREAM,2021,2021-08-12,133000,844
JIN OST,2021,2021-11-03,133000,845
Goya2021,2021,2021-03-07,132000,846
WOOZI,2021,2021-12-02,131000,847
LISAXCELINE,2021,2021-12-03,131000,848
岸辺露伴は動かない,2021,2021-12-28,131000,849
bbtvi,2021,2021-03-14,130000,850
ころんくん誕生祭2021,2021,2021-05-28,130000,851
Nadal,2021,2021-06-11,130000,852
Clippers,2021,2021-06-19,130000,853
StyrianGP,2021,2021-06-27,130000,854
SnakeOzunaLisaMegan,2021,2021-10-21,130000,855
ずっとJUMPもっとJUMP,2021,2021-11-14,130000,856
SASUKE2021,2021,2021-12-28,130000,857
Cardi,2021,2021-02-05,129000,858
まふまふ東京ドームオンライン,2021,2021-05-05,129000,859
Chocobar,2021,2021-05-28,129000,860
TharnTypeSS2SpecialEP,2021,2021-02-13,128000,861
SeninleyizErdoğan,2021,2021-03-20,128000,862
HalkınVekiliGözaltında,2021,2021-03-21,128000,863
ASTRO_ONE3rdWin,2021,2021-04-15,128000,864
SiddharthShukla,2021,2021-09-02,128000,865
Lampard,2021,2021-01-20,127000,866
PRODUCERbyLAY,2021,2021-02-05,127000,867
BBBAEliminacao,2021,2021-02-17,127000,868
pudrasekeri,2021,2021-03-28,127000,869
cukurveda,2021,2021-06-08,127000,870
Manavgat,2021,2021-07-28,127000,871
閉会式,2021,2021-09-05,127000,872
Michigan,2021,2021-10-30,127000,873
ITAAUT,2021,2021-06-27,125000,874
TRIGGER,2021,2021-07-03,125000,875
AzraGülendamHaytaoğlu,2021,2021-08-02,125000,876
DutchGP,2021,2021-09-05,125000,877
ActressJISOOinterview,2021,2021-10-29,125000,878
ThankYouBTS,2021,2021-02-20,124000,879
さく咲くわいわい,2021,2021-04-29,124000,880
NeerajChopra,2021,2021-08-07,124000,881
Naranjo,2021,2021-11-08,124000,882
Rams,2021,2021-11-12,123000,883
OurTigerHOSHIDay,2021,2021-06-14,123000,884
MirabaiChanu,2021,2021-07-24,123000,885
aespa_1stAENNIVERSARY,2021,2021-11-16,123000,886
Felix,2021,2021-11-28,123000,887
หมอชนะ,2021,2021-01-07,122000,888
SnyderCut,2021,2021-03-18,122000,889
LEXIE,2021,2021-03-26,122000,890
前澤13の事業,2021,2021-01-01,121000,891
逃走中,2021,2021-05-05,121000,892
SecretGala9,2021,2021-11-12,121000,893
Lions,2021,2021-11-15,120000,894
ReclaimTheseStreets,2021,2021-03-14,120000,895
Hawks,2021,2021-06-24,120000,896
Only Fans,2021,2021-08-20,120000,897
Wisconsin,2021,2021-11-19,120000,898
SalamatSHOPEE,2021,2021-06-06,119000,899
ProvaDoFazendeiro,2021,2021-10-14,119000,900
SpotifyWrapped,2021,2021-12-01,119000,901
うごくちゃん,2021,2021-01-08,118000,902
Yintalkwithfan,2021,2021-01-14,118000,903
LALxแก๊งเพื่อนไทน์,2021,2021-06-25,118000,904
TürkiyeYanıyor,2021,2021-07-29,118000,905
빛나는_석진이의_에피파니_1억뷰,2021,2021-10-14,118000,906
ChooseToChallenge,2021,2021-03-08,117000,907
Jazz,2021,2021-06-19,117000,908
郷ひろみ_JO1,2021,2021-07-14,117000,909
Chargers,2021,2021-12-17,117000,910
Onet64,2021,2021-04-26,116000,911
PortugueseGP,2021,2021-05-02,116000,912
相葉くん,2021,2021-09-28,116000,913
GandhiJayanti,2021,2021-10-02,116000,914
虹ヶ咲KSF_DAY2,2021,2021-03-21,115000,915
BBBDia101,2021,2021-05-09,115000,916
YOU'RE THE ONLY ONE TREASURE,2021,2021-06-06,115000,917
Wales,2021,2021-06-26,115000,918
地震の影響,2021,2021-10-08,115000,919
Bama,2021,2021-01-12,114000,920
SZ10TH,2021,2021-07-11,114000,921
GetwellsoonSUGA,2021,2021-12-24,114000,922
ParakramDivas,2021,2021-01-23,113000,923
AZALEAライブ上映会,2021,2021-02-28,113000,924
Sporting,2021,2021-05-11,113000,925
Paulo Londra,2021,2021-09-04,113000,926
博衣こより初配信,2021,2021-11-28,113000,927
Burnley,2021,2021-01-21,112000,928
ネプリーグ,2021,2021-03-01,112000,929
Sevilla,2021,2021-03-03,112000,930
ForaCamilla,2021,2021-05-01,112000,931
HaklıydıkKazandık,2021,2021-06-04,112000,932
RenanSabiaDeTudo,2021,2021-06-28,112000,933
Bucs,2021,2021-02-08,111000,934
FileninSultanları,2021,2021-08-31,111000,935
アルセウス,2021,2021-08-18,111000,936
DebateArchi,2021,2021-12-10,111000,937
2021ราตรี,2021,2021-02-04,110000,938
Cleveland,2021,2021-07-23,110000,939
EXOFREEDOM,2021,2021-03-12,109000,940
StarWarsDay,2021,2021-05-04,109000,941
フランス,2021,2021-07-28,109000,942
ヒプマイ2ndバトルライブ,2021,2021-02-21,108000,943
ARSTOT,2021,2021-03-14,108000,944
JULIETTE NO MAIS VOCÊ,2021,2021-05-05,108000,945
Suns,2021,2021-06-14,108000,946
宝鐘マリン生誕祭2021,2021,2021-07-30,108000,947
Leclerc,2021,2021-07-18,107000,948
KurbanBayramı,2021,2021-07-20,107000,949
السعوديه_فيتنام,2021,2021-11-16,107000,950
Lingard,2021,2021-09-14,106000,951
GlazersOut,2021,2021-05-02,106000,952
8YearsWithOurMoonJin,2021,2021-06-03,106000,953
V6groove,2021,2021-11-01,106000,954
Devonta Smith,2021,2021-01-12,105000,955
Goff,2021,2021-01-31,105000,956
Pitana,2021,2021-06-24,105000,957
DebateAprueboDignidad,2021,2021-07-12,105000,958
memleketyaniyor,2021,2021-07-30,105000,959
Milei,2021,2021-10-14,105000,960
BalloonWorldCup,2021,2021-10-14,105000,961
Charles,2021,2021-12-12,105000,962
ボス恋,2021,2021-02-02,104000,963
Manuel,2021,2021-03-12,104000,964
النصر_الباطن,2021,2021-03-20,104000,965
23Nisan,2021,2021-04-22,104000,966
CopaAmericaFINAL,2021,2021-07-11,104000,967
ReleaseKalicharanMaharaj,2021,2021-12-30,104000,968
BAYPSG,2021,2021-04-07,103000,969
Bruno Henrique,2021,2021-07-26,103000,970
JULIETTE IS COMING,2021,2021-08-25,103000,971
Usman,2021,2021-11-07,103000,972
MuhsinYazıcıoğlu,2021,2021-03-25,102000,973
TheMaskedSingerBR,2021,2021-08-11,102000,974
Jets,2021,2021-10-31,102000,975
gremio,2021,2021-11-04,102000,976
Steelers,2021,2021-11-15,102000,977
StPatricksDay,2021,2021-03-17,101000,978
Spurs,2021,2021-03-18,101000,979
AnadoluEfes,2021,2021-05-30,101000,980
MagicMVOutNow,2021,2021-06-11,101000,981
BarrosoNaCadeia,2021,2021-08-04,101000,982
Brentford,2021,2021-09-25,101000,983
ちらし寿司,2021,2021-03-03,100000,984
RoyalRumble,2021,2021-02-01,99000,985
화이트데이,2021,2021-03-13,99000,986
Gold,2021,2021-08-07,99000,987
V6ありがとう,2021,2021-11-01,99000,988
HAPPYBIRTHDAYZAYN,2021,2021-01-12,98000,989
NubsibTheEnd,2021,2021-05-12,98000,990
F4ThailandEP2,2021,2021-12-25,98000,991
お前よくぞそんなもん撮ってたな選手権,2021,2021-01-12,97000,992
Wentz,2021,2021-02-18,97000,993
ミルクで仕上げるカルピスフラッペ,2021,2021-07-05,97000,994
14Juillet,2021,2021-07-14,97000,995
Hawkeye,2021,2021-12-22,97000,996
laplus_great,2021,2021-11-26,97000,997
InsecureSeriesFinale,2021,2021-12-27,97000,998
OUR BEST LEADER JUNGWON,2021,2021-01-30,96000,999
INDvENG,2021,2021-03-16,96000,1000
TaylorsVersion,2021,2021-03-03,96000,1001
Marquinhos,2021,2021-04-07,96000,1002
DebateCNNCHV,2021,2021-06-23,96000,1003
祝MS35V626感謝,2021,2021-10-15,96000,1004
AEWFullGear,2021,2021-11-14,96000,1005
HOSHI,2021,2021-11-21,96000,1006
Om Shanti,2021,2021-12-08,96000,1007
AusOpen,2021,2021-02-21,95000,1008
Sanrem2021,2021,2021-03-03,95000,1009
JustLikeMAGIC,2021,2021-06-11,95000,1010
ActiBlizzWalkout,2021,2021-07-28,95000,1011
バスケットボール,2021,2021-08-06,95000,1012
Bruno Fernandes,2021,2021-08-14,95000,1013
JirisanEp1,2021,2021-10-23,95000,1014
キンプる,2021,2021-12-17,95000,1015
錦鯉優勝,2021,2021-12-19,95000,1016
FarmersProstests,2021,2021-01-26,94000,1017
BBBB21,2021,2021-01-27,94000,1018
Boninho,2021,2021-04-22,94000,1019
yuna,2021,2021-04-30,94000,1020
Wimbledon,2021,2021-07-10,94000,1021
ThankYouSakurai,2021,2021-10-05,94000,1022
KashiVishwanathDham,2021,2021-12-13,94000,1023
Aguero,2021,2021-12-15,94000,1024
年越しそば,2021,2021-12-31,94000,1025
Odd_Eye,2021,2021-01-26,93000,1026
乃木坂1期実況中,2021,2021-02-13,93000,1027
แปลรักฉันด้วยใจเธอPart2,2021,2021-04-16,93000,1028
ShangChi,2021,2021-04-19,93000,1029
Roberto Carlos,2021,2021-04-20,93000,1030
INTOTHEFIREMV_1M,2021,2021-07-19,93000,1031
DebateCapital,2021,2021-10-14,93000,1032
Washington,2021,2021-12-27,93000,1033
DevletiminYanındayım,2021,2021-03-22,92000,1034
カレンチャン,2021,2021-04-14,92000,1035
阿蘇山噴火,2021,2021-10-20,92000,1036
MUNMCI,2021,2021-11-06,92000,1037
basakcengiz,2021,2021-11-11,92000,1038
ÖğretmenlerGünü,2021,2021-11-24,92000,1039
Koeman,2021,2021-10-02,91000,1040
عيد_الفطر,2021,2021-05-12,91000,1041
Lifetime,2021,2021-05-18,91000,1042
AustrianGP,2021,2021-07-03,91000,1043
NZvAFG,2021,2021-11-07,91000,1044
MUNAVL,2021,2021-01-02,90000,1045
DeKalb,2021,2021-01-06,90000,1046
النصر_العين,2021,2021-03-16,90000,1047
KargilVijayDiwas,2021,2021-07-26,90000,1048
Jada,2021,2021-08-04,90000,1049
David Luiz,2021,2021-09-11,90000,1050
iheartASAP,2021,2021-09-12,90000,1051
الاتحاد_الشباب,2021,2021-10-22,90000,1052
OLOM,2021,2021-11-21,90000,1053
Ayato,2021,2021-12-08,90000,1054
SixTONES_Rosy,2021,2021-12-08,90000,1055
VijayDiwas,2021,2021-12-16,90000,1056
無料10連,2021,2021-12-27,90000,1057
NJU歌謡祭2021,2021,2021-12-31,90000,1058
震度5強,2021,2021-05-01,89000,1059
キンプリ,2021,2021-05-08,89000,1060
WIBSpesialPromoAkhirTahun,2021,2021-12-20,89000,1061
MilliUzayProgramı,2021,2021-02-09,88000,1062
NEWSANNP,2021,2021-02-21,88000,1063
ビル食べWEST,2021,2021-02-26,88000,1064
乃木坂9thバスラ2期生ライブ,2021,2021-03-28,88000,1065
CNS10MLikes,2021,2021-07-20,88000,1066
Queendom_Teaser2,2021,2021-08-05,88000,1067
Andreas,2021,2021-08-29,88000,1068
ATTACCA_1MillionPreOrder,2021,2021-09-26,88000,1069
Knicks,2021,2021-10-21,88000,1070
Dolar12TL,2021,2021-11-23,88000,1071
Issa,2021,2021-12-27,88000,1072
PMQs,2021,2021-12-08,87000,1073
Amici20,2021,2021-03-20,87000,1074
GoodFriday,2021,2021-04-02,87000,1075
Fleets,2021,2021-07-14,87000,1076
キンプリファイターズGOGOGO,2021,2021-08-21,87000,1077
Bruno Viana,2021,2021-08-26,87000,1078
Ravens,2021,2021-11-12,87000,1079
Nuno,2021,2021-11-01,87000,1080
müslüme,2021,2021-11-26,87000,1081
Harry Reid,2021,2021-12-29,87000,1082
연준이에게_물어봐,2021,2021-01-23,86000,1083
KohLanta,2021,2021-08-31,86000,1084
Becky,2021,2021-08-22,86000,1085
ヤクルト,2021,2021-11-12,86000,1086
EkonomikKurtulusSavasi,2021,2021-11-23,86000,1087
형원이란_다정함이_내린_날,2021,2021-01-14,85000,1088
Mendy,2021,2021-02-24,85000,1089
Empathy_2ndLook,2021,2021-07-18,85000,1090
yks2021,2021,2021-07-28,85000,1091
PSGOL,2021,2021-09-19,85000,1092
PakvsNz,2021,2021-10-26,85000,1093
HBDtoHYUNGWON,2021,2021-01-14,84000,1094
TheMaskedSingerBr,2021,2021-08-18,84000,1095
PAKvNZ,2021,2021-09-17,84000,1096
unprofessore,2021,2021-12-10,84000,1097
Jhope5MSpotify,2021,2021-01-19,83000,1098
10YearsWithBangChan,2021,2021-04-10,83000,1099
europeansuperleague,2021,2021-04-19,83000,1100
고유명사_도경수얼굴,2021,2021-07-18,83000,1101
BeginNo1OnBillboard,2021,2021-08-17,83000,1102
当選確率,2021,2021-09-12,83000,1103
Roger Guedes,2021,2021-09-26,83000,1104
السعوديه_استراليا,2021,2021-11-11,83000,1105
BeratKandili,2021,2021-03-27,82000,1106
SpanishGP,2021,2021-05-08,82000,1107
CHEARS,2021,2021-05-12,82000,1108
Chiesa,2021,2021-06-27,82000,1109
ProudOfJungkook,2021,2021-08-17,82000,1110
Kendrick,2021,2021-08-20,82000,1111
Triell,2021,2021-09-19,82000,1112
Uruguay,2021,2021-10-11,82000,1113
Norwich,2021,2021-10-23,82000,1114
OurFavoriteNCT127,2021,2021-10-25,82000,1115
Bahia,2021,2021-11-12,82000,1116
Cruz,2021,2021-12-06,82000,1117
Elysee2022,2021,2021-12-10,82000,1118
BTSMTVMarathon,2021,2021-02-23,81000,1119
セクゾ_ライネク革命,2021,2021-03-01,81000,1120
InternationalAsexualityDay,2021,2021-04-06,81000,1121
Enzo Pérez,2021,2021-05-20,81000,1122
Douglas Costa,2021,2021-05-21,81000,1123
EXO_LUNARECLIPSE,2021,2021-06-05,81000,1124
安田記念,2021,2021-06-06,81000,1125
Suarez,2021,2021-10-02,81000,1126
EasyOnMe,2021,2021-10-14,81000,1127
CDTV626,2021,2021-10-25,81000,1128
風真いろは初配信でござる,2021,2021-11-30,81000,1129
Barões da Pisadinha,2021,2021-02-07,80000,1130
Alok,2021,2021-02-14,80000,1131
OpeningDay,2021,2021-04-01,80000,1132
浦島坂田船オンラインライブ,2021,2021-04-25,80000,1133
ChineseRocket,2021,2021-05-09,80000,1134
EidMubarak,2021,2021-05-12,80000,1135
BabalarGünü,2021,2021-06-20,80000,1136
Modric,2021,2021-06-22,80000,1137
AGUSTD_5주년_축하해,2021,2021-08-15,80000,1138
GökyüzüneBakAyıGör,2021,2021-02-09,79000,1139
星街すいせい3周年LIVE,2021,2021-04-13,79000,1140
LineofDuty,2021,2021-04-19,79000,1141
Jokic,2021,2021-06-14,79000,1142
Dhoni,2021,2021-09-30,79000,1143
Maguire,2021,2021-10-24,79000,1144
الرياض_lلان,2021,2021-01-26,78000,1145
星野源ANN,2021,2021-05-25,78000,1146
CHELEI,2021,2021-05-18,78000,1147
Raiders,2021,2021-09-14,78000,1148
Justin Tucker,2021,2021-09-26,78000,1149
ルパン三世,2021,2021-10-15,78000,1150
TuYaheenHai,2021,2021-10-28,78000,1151
Dolar11TL,2021,2021-11-18,78000,1152
鷹嶺ルイ初配信,2021,2021-11-27,78000,1153
M1グランプリ敗者復活戦,2021,2021-12-19,78000,1154
Bailly,2021,2021-01-02,77000,1155
教場2,2021,2021-01-03,77000,1156
Murcia,2021,2021-03-10,77000,1157
F4Glory,2021,2021-05-30,77000,1158
Pat Bev,2021,2021-07-01,77000,1159
Ana Marcela,2021,2021-08-04,77000,1160
Leigh,2021,2021-08-23,77000,1161
UFC266,2021,2021-09-26,77000,1162
hükümetistifa,2021,2021-11-23,77000,1163
2021AAAxBamBam,2021,2021-12-02,77000,1164
DEFENDAOLIVRO,2021,2021-02-10,76000,1165
UFC259,2021,2021-03-07,76000,1166
Vitinho,2021,2021-07-22,76000,1167
minarepakistan,2021,2021-08-18,76000,1168
ForaBolsonaro,2021,2021-09-07,76000,1169
emmanuel,2021,2021-09-21,76000,1170
ChampionsLeagueFinal,2021,2021-05-29,75000,1171
Ricardo Barros,2021,2021-06-26,75000,1172
ルックバック,2021,2021-07-18,75000,1173
Grealish,2021,2021-08-15,75000,1174
SecretGala4,2021,2021-10-08,75000,1175
田中邦衛,2021,2021-04-02,74000,1176
Dame,2021,2021-07-16,74000,1177
StrongTürkiye,2021,2021-08-02,74000,1178
Kirby,2021,2021-09-23,74000,1179
Browns,2021,2021-10-31,74000,1180
LestWeForget,2021,2021-11-11,74000,1181
HOWEXMEW,2021,2021-11-29,74000,1182
SPドラマ999,2021,2021-12-29,74000,1183
WWEFastlane,2021,2021-03-22,73000,1184
MayweatherPaul,2021,2021-06-07,73000,1185
BUTTER BATTLE PARTY,2021,2021-06-24,73000,1186
EuApoioVotoAuditavel,2021,2021-07-05,73000,1187
samsunyanıyor,2021,2021-07-31,73000,1188
人気投票ガチャ,2021,2021-10-04,73000,1189
Shami,2021,2021-10-25,73000,1190
ÖğretmenedeYüzde50zam,2021,2021-12-16,73000,1191
njwk15,2021,2021-01-04,72000,1192
NationalYouthDay,2021,2021-01-12,72000,1193
Werner,2021,2021-05-18,72000,1194
TaylorSwiftOnGMA,2021,2021-02-11,72000,1195
SB19WHATdrobeTikTok,2021,2021-03-17,72000,1196
GoHabsGo,2021,2021-06-25,72000,1197
iyikivarsınEren,2021,2021-08-11,72000,1198
SuperCup,2021,2021-08-11,72000,1199
Saints,2021,2021-10-26,72000,1200
まほやく2周年特番,2021,2021-11-12,72000,1201
GivingTuesday,2021,2021-11-30,72000,1202
BoğaziciAblukada,2021,2021-02-01,71000,1203
メイケイエール,2021,2021-04-11,71000,1204
Bianca,2021,2021-08-22,71000,1205
Rodinei,2021,2021-08-26,71000,1206
그해_태형이와_우리는,2021,2021-12-06,71000,1207
NationalChampionship,2021,2021-01-12,70000,1208
商業BL,2021,2021-01-15,70000,1209
Mortal Kombat,2021,2021-02-18,70000,1210
Piqué,2021,2021-03-03,70000,1211
Pabllo,2021,2021-04-22,70000,1212
ErdoğanlaBirlikteyiz,2021,2021-05-23,70000,1213
EuroLeague,2021,2021-05-30,70000,1214
afganlariistemiyoruz,2021,2021-08-11,70000,1215
Eternals,2021,2021-08-19,70000,1216
月見バーガー,2021,2021-09-08,70000,1217
iOS15,2021,2021-09-21,70000,1218
yolanda,2021,2021-10-28,70000,1219
VamosFlamengo,2021,2021-11-27,70000,1220
lana,2021,2021-01-11,69000,1221
ポプマス,2021,2021-01-21,69000,1222
NetajiSubhasChandraBose,2021,2021-01-23,69000,1223
Benfica,2021,2021-02-25,69000,1224
うたことば,2021,2021-05-03,69000,1225
RocioVerdad10,2021,2021-05-12,69000,1226
مسابقه_ابوناصر,2021,2021-06-04,69000,1227
ドラクエ12,2021,2021-05-27,69000,1228
小林賢太郎氏,2021,2021-07-22,69000,1229
Carapaz,2021,2021-07-24,69000,1230
wds3rd,2021,2021-08-28,69000,1231
オールスター感謝祭21秋,2021,2021-10-09,69000,1232
De Paul,2021,2021-10-11,69000,1233
Villa,2021,2021-10-22,69000,1234
ForTheH,2021,2021-10-23,69000,1235
ImA빛MusicVideo,2021,2021-11-24,69000,1236
FameVsClout,2021,2021-12-22,69000,1237
ぐるナイ,2021,2021-12-30,69000,1238
Garth Brooks,2021,2021-01-20,68000,1239
RIPVivek,2021,2021-04-17,68000,1240
Finland,2021,2021-05-22,68000,1241
8YearsWithJin,2021,2021-06-03,68000,1242
MIKUEXPO2021,2021,2021-06-06,68000,1243
Dirgahayu Republik Indonesia,2021,2021-08-17,68000,1244
DawnOfChromatica,2021,2021-09-03,68000,1245
BJKBVB,2021,2021-09-15,68000,1246
Newcastle,2021,2021-10-07,68000,1247
マカヒキ,2021,2021-10-10,68000,1248
Dolar15TL,2021,2021-12-16,68000,1249
WorldCancerDay,2021,2021-02-04,67000,1250
Hartlepool,2021,2021-05-07,67000,1251
ボヘミアンラプソディ,2021,2021-06-04,67000,1252
Córdoba,2021,2021-06-16,67000,1253
BTS PAVED THE WAY,2021,2021-07-19,67000,1254
ADIDAS RESPECT JISOO,2021,2021-08-25,67000,1255
戌神ころね生誕祭2021,2021,2021-10-01,67000,1256
ティアマト,2021,2021-12-14,67000,1257
SnowDreamMaknaes,2021,2021-12-27,67000,1258
ブレワイ,2021,2021-12-27,67000,1259
ゲド戦記,2021,2021-04-09,66000,1260
LaVozArgentina,2021,2021-06-28,66000,1261
NationalDogDay,2021,2021-08-26,66000,1262
鬼滅の刃,2021,2021-10-17,66000,1263
Lebron,2021,2021-10-20,66000,1264
Nunes,2021,2021-12-12,66000,1265
Super Bowl,2021,2021-01-25,65000,1266
Bartomeu,2021,2021-03-01,65000,1267
LaIslaDeLasTentaciones11,2021,2021-03-18,65000,1268
Thug,2021,2021-04-16,65000,1269
LEIGH,2021,2021-05-04,65000,1270
InternationalNursesDay,2021,2021-05-12,65000,1271
Steam Deck,2021,2021-07-15,65000,1272
Big Time Rush,2021,2021-07-19,65000,1273
AfterMidnight4thWin,2021,2021-08-14,65000,1274
tommy,2021,2021-09-18,65000,1275
カービィ,2021,2021-09-23,65000,1276
LazadaxSB19,2021,2021-11-10,65000,1277
Brian Kelly,2021,2021-11-30,65000,1278
Urban Meyer,2021,2021-12-16,65000,1279
ネオコロッセオ,2021,2021-12-22,65000,1280
GetWellSoonJin,2021,2021-12-25,65000,1281
selena,2021,2021-04-23,64000,1282
Cavani,2021,2021-05-09,64000,1283
15Temmuz,2021,2021-07-14,64000,1284
NintendoDirect,2021,2021-09-23,64000,1285
Abel,2021,2021-09-29,64000,1286
ParqueFundadores,2021,2021-10-14,64000,1287
ほん怖,2021,2021-10-23,64000,1288
InternationalMensDay,2021,2021-11-19,64000,1289
TheBachelor,2021,2021-01-12,63000,1290
金スマ,2021,2021-12-17,63000,1291
桜花賞,2021,2021-04-11,63000,1292
CumhurbaşkanıTRTde,2021,2021-06-01,63000,1293
Crespo,2021,2021-08-18,63000,1294
5sos,2021,2021-08-20,63000,1295
ナイトドクター,2021,2021-09-13,63000,1296
VaccineCentury,2021,2021-10-21,63000,1297
FNS歌謡祭2021,2021,2021-12-01,63000,1298
WBAARS,2021,2021-01-02,62000,1299
FabLivespeaks,2021,2021-04-09,62000,1300
TURITA,2021,2021-06-11,62000,1301
SANANELAN,2021,2021-06-30,62000,1302
Cruzeiro,2021,2021-08-21,62000,1303
超次元音楽祭,2021,2021-08-15,62000,1304
My MJ,2021,2021-09-01,62000,1305
Gustavo,2021,2021-09-30,62000,1306
tina,2021,2021-10-24,62000,1307
生田絵梨花卒業コンサートDay2,2021,2021-12-15,62000,1308
Notre Dame,2021,2021-11-30,61000,1309
คนละครึ่งเฟส3,2021,2021-01-20,61000,1310
SHINeeisBack,2021,2021-02-22,61000,1311
SalarioRosa,2021,2021-03-12,61000,1312
Alaba,2021,2021-05-28,61000,1313
NXTTakeOver,2021,2021-06-14,61000,1314
Schick,2021,2021-06-14,61000,1315
ボイス2,2021,2021-07-10,61000,1316
Miranda,2021,2021-07-21,61000,1317
Dawn Butler,2021,2021-07-22,61000,1318
Dudu,2021,2021-08-18,61000,1319
BackDoor200MViews,2021,2021-08-25,61000,1320
Lamar,2021,2021-11-29,61000,1321
ジャニフェス,2021,2021-11-05,61000,1322
IPPON,2021,2021-12-04,61000,1323
getwellsoonsuga,2021,2021-12-24,61000,1324
CITRUS,2021,2021-12-30,61000,1325
FESTABBB21,2021,2021-02-04,60000,1326
Eagles,2021,2021-02-18,60000,1327
Lewandowski,2021,2021-03-06,60000,1328
モルカー,2021,2021-03-16,60000,1329
Megan,2021,2021-06-11,60000,1330
PolsatSuperHitFestiwal,2021,2021-06-26,60000,1331
Alemanha,2021,2021-07-22,60000,1332
HappyRakshaBandhan,2021,2021-08-22,60000,1333
SKZ_1stDAAAESANG,2021,2021-12-02,60000,1334
WhatsApp,2021,2021-01-07,59000,1335
Formosa,2021,2021-03-05,59000,1336
ダンスな会,2021,2021-03-06,59000,1337
魔王さま,2021,2021-03-06,59000,1338
SSSS_DYNAZENON,2021,2021-06-18,59000,1339
Amakhosi4Life,2021,2021-07-17,59000,1340
Hulk,2021,2021-08-19,59000,1341
kylie,2021,2021-08-20,59000,1342
Holocaust,2021,2021-10-14,59000,1343
성훈왕박엠씨,2021,2021-10-29,59000,1344
VeteransDay,2021,2021-11-11,59000,1345
Dolphins,2021,2021-11-12,59000,1346
Davido,2021,2021-11-17,59000,1347
THE_W,2021,2021-12-13,59000,1348
ProtectNayeon,2021,2021-01-27,58000,1349
素のまんま,2021,2021-02-11,58000,1350
UFC258,2021,2021-02-14,58000,1351
Elgin Baylor,2021,2021-03-22,58000,1352
皐月賞,2021,2021-04-18,58000,1353
Booker,2021,2021-06-23,58000,1354
個性最強の狂気山脈,2021,2021-07-03,58000,1355
WWERaw,2021,2021-10-26,58000,1356
PermissionToDance8thWin,2021,2021-08-15,58000,1357
AEWDynamite,2021,2021-08-19,58000,1358
バイクの日,2021,2021-08-19,58000,1359
iPhone 13,2021,2021-09-14,58000,1360
Pochettino,2021,2021-09-19,58000,1361
Kelly Price,2021,2021-09-25,58000,1362
Vikings,2021,2021-11-21,58000,1363
HaveASafeFlightARMY,2021,2021-11-26,58000,1364
WorldAIDSDay,2021,2021-12-01,58000,1365
ActorDoyoungonAAA,2021,2021-12-02,58000,1366
Tierney,2021,2021-01-02,57000,1367
ABDdarbe,2021,2021-01-07,57000,1368
Klopp,2021,2021-01-21,57000,1369
TransDayOfVisibility,2021,2021-03-31,57000,1370
Lulagenocida,2021,2021-06-01,57000,1371
Chad,2021,2021-06-07,57000,1372
乃木坂工事中,2021,2021-08-15,57000,1373
プリコネR,2021,2021-11-03,57000,1374
DejaVu1stWin,2021,2021-09-22,57000,1375
World Series,2021,2021-10-23,57000,1376
SmackDown,2021,2021-10-16,56000,1377
RollTide,2021,2021-01-12,56000,1378
LIVBUR,2021,2021-01-21,56000,1379
WHAT'S MELTING,2021,2021-04-26,56000,1380
Santa Fe,2021,2021-05-20,56000,1381
Iceland,2021,2021-05-22,56000,1382
btsdiamond,2021,2021-06-22,56000,1383
ReadytoLove2ndwin,2021,2021-06-30,56000,1384
polisiminyanındayım,2021,2021-08-22,56000,1385
TOKYOMER,2021,2021-09-05,56000,1386
NationalComingOutDay,2021,2021-10-11,56000,1387
Amici21,2021,2021-10-17,56000,1388
くりぃむナンタラ,2021,2021-10-17,56000,1389
ジャニーズカウントダウン,2021,2021-12-30,56000,1390
SixTONES_oneST,2021,2021-01-07,55000,1391
El VAR,2021,2021-01-13,55000,1392
COCOA,2021,2021-02-03,55000,1393
CampoMexiquense,2021,2021-03-18,55000,1394
RocioVerdad4,2021,2021-04-07,55000,1395
rambouillet,2021,2021-04-23,55000,1396
ramazanbayramı,2021,2021-05-12,55000,1397
SVGala6,2021,2021-05-13,55000,1398
DearMyTAEMIN,2021,2021-05-30,55000,1399
Gobert,2021,2021-06-19,55000,1400
Middleton,2021,2021-06-28,55000,1401
WorldMentalHealthDay,2021,2021-10-10,55000,1402
Pumas,2021,2021-11-28,55000,1403
HappyBirthdayTaylorSwift,2021,2021-12-13,55000,1404
MYDreamsComeTrueWithAESPA,2021,2021-12-20,55000,1405
オジュウチョウサン,2021,2021-12-25,55000,1406
SorryJungin,2021,2021-01-03,54000,1407
olivia rodrigo,2021,2021-01-08,54000,1408
ToBeginAgain,2021,2021-03-16,54000,1409
6Mayis1972,2021,2021-05-06,54000,1410
HONFRA,2021,2021-06-19,54000,1411
BlueOrigin,2021,2021-07-20,54000,1412
DrAbdulQadeerKhan,2021,2021-10-10,54000,1413
Rockwithyou4thWin,2021,2021-11-05,54000,1414
StrayKids1stDAESANG,2021,2021-12-02,54000,1415
Chansung,2021,2021-12-15,54000,1416
tomasito,2021,2021-02-26,53000,1417
TokopediaxTomorrowXTogether,2021,2021-03-11,53000,1418
Ceni,2021,2021-04-18,53000,1419
Sunak,2021,2021-07-18,53000,1420
Giants,2021,2021-11-23,53000,1421
Öğretmene3BinTLZam,2021,2021-12-01,53000,1422
SEVENTEEN_inAAA2021,2021,2021-12-02,53000,1423
AliRızaYTutuklansın,2021,2021-12-23,53000,1424
NationalFarmersDay,2021,2021-12-23,53000,1425
kabineünileretarihver,2021,2021-02-01,52000,1426
花咲くホロライブ,2021,2021-02-17,52000,1427
سلامتك_يا_ابوسلمان,2021,2021-02-24,52000,1428
Djonga,2021,2021-03-13,52000,1429
FıratDelikanlıTutuklansın,2021,2021-03-25,52000,1430
LILACHasBloomed,2021,2021-03-25,52000,1431
AskSRK,2021,2021-03-31,52000,1432
ゼンカイジャー,2021,2021-04-18,52000,1433
サカナクション,2021,2021-05-08,52000,1434
我ナポの夏,2021,2021-06-05,52000,1435
家族募集します,2021,2021-09-24,52000,1436
全国おひさま化計画2021FINAL,2021,2021-10-20,52000,1437
Martinez,2021,2021-10-22,52000,1438
Bengals,2021,2021-10-31,52000,1439
Morris,2021,2021-11-09,52000,1440
SezaiKarakoç,2021,2021-11-16,52000,1441
日本シリーズ,2021,2021-11-20,52000,1442
Kelce,2021,2021-12-17,52000,1443
Leicester,2021,2021-12-23,52000,1444
TimnasDay,2021,2021-12-29,52000,1445
RM and Jin,2021,2021-12-25,52000,1446
BlueMonday,2021,2021-01-18,51000,1447
DragRaceUK,2021,2021-03-18,51000,1448
GOING_JEBO,2021,2021-04-14,51000,1449
EstreiaPowerCouple,2021,2021-05-10,51000,1450
Rafinha,2021,2021-05-23,51000,1451
Hungary,2021,2021-06-19,51000,1452
ストロベリームーン,2021,2021-06-24,51000,1453
おおかみこどもの雨と雪,2021,2021-07-02,51000,1454
CAFCLFinal,2021,2021-07-17,51000,1455
Richarlison,2021,2021-07-22,51000,1456
UFCVegas32,2021,2021-07-25,51000,1457
धनतेरस,2021,2021-11-02,51000,1458
ひーくん,2021,2021-12-28,51000,1459
AUSvsIND,2021,2021-01-19,50000,1460
LigdeHırsızVAR,2021,2021-02-08,50000,1461
ImpeachmentTrial,2021,2021-02-09,50000,1462
OhNoNoBein,2021,2021-02-17,50000,1463
TZLATESHOW,2021,2021-02-24,50000,1464
precure,2021,2021-03-14,50000,1465
BolsonaroGenocida,2021,2021-03-16,50000,1466
夜を乗りこなす,2021,2021-05-08,50000,1467
SOUROlivia,2021,2021-05-20,50000,1468
BOLSONARO VAI TOMAR NO CU,2021,2021-05-21,50000,1469
التعاون_الفيصلي,2021,2021-05-27,50000,1470
deprem,2021,2021-06-19,50000,1471
btsdiscography,2021,2021-06-22,50000,1472
Everson,2021,2021-07-21,50000,1473
SVFinal2,2021,2021-07-23,50000,1474
Millie,2021,2021-08-01,50000,1475
ドッキリGP,2021,2021-08-07,50000,1476
WhatIf,2021,2021-08-11,50000,1477
STUDIO COAST,2021,2021-08-12,50000,1478
Smackdown,2021,2021-08-21,50000,1479
Thoma,2021,2021-08-30,50000,1480
シブヤノオト,2021,2021-10-09,50000,1481
Marília Mendonça,2021,2021-11-05,50000,1482
シャニ2nd_day2,2021,2021-03-21,49000,1483
緊急地震速報,2021,2021-05-01,49000,1484
Chivas,2021,2021-05-10,49000,1485
Ukraine,2021,2021-05-22,49000,1486
BTS WORLD DOMINATION,2021,2021-07-19,49000,1487
memurzammı,2021,2021-08-23,49000,1488
PAKvAUS,2021,2021-11-11,49000,1489
CNNNYE,2021,2021-01-01,48000,1490
LIKE WATER OUT NOW,2021,2021-04-05,48000,1491
ピンクムーン,2021,2021-04-27,48000,1492
FatihTerimeTamYetki,2021,2021-05-17,48000,1493
ComeBackToTrabzonSörloth,2021,2021-05-25,48000,1494
gntm,2021,2021-05-27,48000,1495
それスノ,2021,2021-06-06,48000,1496
Witzel,2021,2021-06-16,48000,1497
AlcoholFree1stWin,2021,2021-06-17,48000,1498
僕らはまだ止まらないV6,2021,2021-07-03,48000,1499
サッカー,2021,2021-07-28,48000,1500
MeteGazoz,2021,2021-07-31,48000,1501
Ana Patrícia,2021,2021-08-03,48000,1502
TNT5AngHulingTapatan,2021,2021-09-18,48000,1503
Nenê,2021,2021-09-28,48000,1504
MACLovesLISA,2021,2021-10-20,48000,1505
CashAppGifting,2021,2021-12-23,48000,1506
ワールドトリガー,2021,2021-01-09,47000,1507
オールスター感謝祭21,2021,2021-03-27,47000,1508
キスマイANNP,2021,2021-03-27,47000,1509
TheFalconAndTheWinterSoldier,2021,2021-04-02,47000,1510
スッキリ,2021,2021-08-25,47000,1511
19Mayıs1919,2021,2021-05-18,47000,1512
すこジャニ,2021,2021-08-21,47000,1513
SurvivingSophia,2021,2021-11-19,47000,1514
Simaria,2021,2021-04-17,46000,1515
音楽の日,2021,2021-07-05,46000,1516
有機EL,2021,2021-07-06,46000,1517
CreepyNuts,2021,2021-07-14,46000,1518
SeeYouAgainShownu,2021,2021-07-21,46000,1519
81921CB23227,2021,2021-08-21,46000,1520
ANTvBJK,2021,2021-09-18,46000,1521
一般女性,2021,2021-09-28,46000,1522
Melo,2021,2021-11-09,46000,1523
LatinGRAMMY,2021,2021-11-19,46000,1524
WHUCHE,2021,2021-12-04,46000,1525
AşağıBakmayacağız,2021,2021-02-01,45000,1526
おまえらのゲームのトラウマ挙げてけ,2021,2021-03-11,45000,1527
ThankYouATEEZ,2021,2021-03-21,45000,1528
AceWheeinIsComing,2021,2021-03-28,45000,1529
LesbianVisibilityDay,2021,2021-04-26,45000,1530
メイドの日,2021,2021-05-10,45000,1531
VGMA22,2021,2021-06-27,45000,1532
Russell,2021,2021-07-03,45000,1533
カレーメシSUMMER,2021,2021-07-11,45000,1534
連休明け,2021,2021-07-26,45000,1535
TheBachelorette,2021,2021-08-03,45000,1536
リアルタイムARライブ,2021,2021-07-31,45000,1537
CocukBenimKararBenim,2021,2021-08-07,45000,1538
Neto,2021,2021-08-13,45000,1539
PokemonPresents,2021,2021-08-18,45000,1540
WELCOME BACK SHEHNAAZ,2021,2021-10-28,45000,1541
Mark Zuckerberg,2021,2021-10-28,45000,1542
ランジャタイ,2021,2021-12-02,45000,1543
Sialkot,2021,2021-12-03,45000,1544
冒険少年,2021,2021-12-13,45000,1545
ももいろ歌合戦,2021,2021-12-31,45000,1546
麻生さん一律給付は必要です,2021,2021-01-20,44000,1547
VS魂,2021,2021-03-11,44000,1548
BBB2021,2021,2021-02-16,44000,1549
関ジャムゴールデンSP,2021,2021-03-03,44000,1550
ariel,2021,2021-04-16,44000,1551
LiveBatomDeCereja,2021,2021-05-21,44000,1552
Boric,2021,2021-07-12,44000,1553
savetheowlhouse,2021,2021-07-16,44000,1554
PakistanZindabad,2021,2021-08-13,44000,1555
TREASURExRuangguru,2021,2021-09-03,44000,1556
DOROTHY,2021,2021-10-31,44000,1557
エリコニ3D,2021,2021-12-03,44000,1558
WAITING FOR V OST,2021,2021-12-06,44000,1559
ねねすいトワクリスマスライブ,2021,2021-12-21,44000,1560
Cano,2021,2021-01-24,43000,1561
ファンモン,2021,2021-03-11,43000,1562
debateenchota,2021,2021-05-01,43000,1563
Porsha,2021,2021-05-11,43000,1564
オチルナ,2021,2021-05-16,43000,1565
VALIANT,2021,2021-07-03,43000,1566
WKEYAKIFES_DAY2,2021,2021-07-10,43000,1567
仮面ライダーリバイス,2021,2021-07-27,43000,1568
RocketeerMV_祝200万回,2021,2021-09-27,43000,1569
すぎやまこういちさん,2021,2021-10-07,43000,1570
Léo Pereira,2021,2021-10-21,43000,1571
恋です,2021,2021-12-15,43000,1572
GuruNanakJayanti,2021,2021-11-19,43000,1573
SAVENOVIAWIDYASARI,2021,2021-12-04,43000,1574
Dustin,2021,2021-12-12,43000,1575
マックのポテト,2021,2021-12-21,43000,1576
マリカにじさんじ杯,2021,2021-12-26,43000,1577
ランクイン,2021,2021-12-27,43000,1578
القمه_الخليجيه_في_العلا,2021,2021-01-05,42000,1579
Sagasti,2021,2021-01-13,42000,1580
MondayMotivation,2021,2021-08-16,42000,1581
Bale,2021,2021-03-07,42000,1582
SMAP,2021,2021-03-11,42000,1583
FBvGB,2021,2021-03-14,42000,1584
Bottas,2021,2021-05-23,42000,1585
NoLimite,2021,2021-06-16,42000,1586
Liella,2021,2021-07-18,42000,1587
コロプラ,2021,2021-08-04,42000,1588
AfterMidnight2ndWin,2021,2021-08-11,42000,1589
OpenTheDoorToEunBi,2021,2021-08-24,42000,1590
大塚さん,2021,2021-09-07,42000,1591
BachelorInParadise,2021,2021-09-07,42000,1592
kenetlengalatasaraylı,2021,2021-09-21,42000,1593
ARSCRY,2021,2021-10-18,42000,1594
붉은달아래_원어스_월하미인_피우리,2021,2021-11-09,42000,1595
marefuori2,2021,2021-12-22,42000,1596
BiSH,2021,2021-12-23,42000,1597
ナスD無人島,2021,2021-12-29,42000,1598
Kemba,2021,2021-06-18,41000,1599
聖杯戦線,2021,2021-02-03,41000,1600
MyWayHomeToTXT,2021,2021-02-14,41000,1601
サトノレイナス,2021,2021-04-11,41000,1602
MaskSinger1,2021,2021-05-24,41000,1603
Joey Jordison,2021,2021-07-27,41000,1604
Temptationsisland,2021,2021-07-27,41000,1605
CumhurbaşkanıGündemÖzel,2021,2021-08-11,41000,1606
WorldHumanitarianDay,2021,2021-08-19,41000,1607
JohnnysVillage4,2021,2021-10-01,41000,1608
TEPPEN,2021,2021-10-09,41000,1609
Fernando Santos,2021,2021-11-15,41000,1610
いいねかRTで気になった人フォローする,2021,2021-12-02,41000,1611
KAI1stConcert,2021,2021-12-12,41000,1612
HAPPY_ETION_MAS,2021,2021-12-23,41000,1613
나의용기_창윤아_생일축하해,2021,2021-12-23,41000,1614
ネメシス,2021,2021-05-30,40000,1615
AぇANNP,2021,2021-06-20,40000,1616
LUBA,2021,2021-07-01,40000,1617
RaffaellaCarra,2021,2021-07-05,40000,1618
Suíça,2021,2021-08-03,40000,1619
エビライ2021,2021,2021-08-15,40000,1620
펜타곤막내즈_케르베로스_가자,2021,2021-08-18,40000,1621
홍천기_큥스트_나인가요,2021,2021-08-31,40000,1622
angie,2021,2021-09-07,40000,1623
Joe Rogan,2021,2021-11-05,40000,1624
最愛ドラマ,2021,2021-12-10,40000,1625
LaziovGS,2021,2021-12-10,40000,1626
SONGSOFTOKYO,2021,2021-01-03,39000,1627
PSGOM,2021,2021-01-13,39000,1628
CuidemosTodosDeTodos,2021,2021-02-06,39000,1629
FCBBVB,2021,2021-03-06,39000,1630
cepostaperte,2021,2021-03-14,39000,1631
ダノンザキッド,2021,2021-04-18,39000,1632
LIVNEW,2021,2021-04-24,39000,1633
Tatum,2021,2021-05-01,39000,1634
قصر المصمك,2021,2021-05-21,39000,1635
SendenNefretEdiyoruz,2021,2021-06-01,39000,1636
Paul George,2021,2021-06-23,39000,1637
Rigoni,2021,2021-08-26,39000,1638
上野さん,2021,2021-07-27,39000,1639
Juelz,2021,2021-08-04,39000,1640
アニナナ,2021,2021-09-05,39000,1641
アグネスデジタル,2021,2021-09-19,39000,1642
KenetlenGalatasaraylı,2021,2021-09-21,39000,1643
ENHYPENxAbib,2021,2021-10-27,39000,1644
ENHYPEN CONNECTS WITH ABIB,2021,2021-10-27,39000,1645
Shaw,2021,2021-11-06,39000,1646
Teheiura,2021,2021-11-09,39000,1647
Tigres,2021,2021-12-02,39000,1648
MUNCRY,2021,2021-12-05,39000,1649
Rogério Ceni,2021,2021-01-07,38000,1650
CRYMUN,2021,2021-03-03,38000,1651
すばる結婚,2021,2021-05-08,38000,1652
リコカツ,2021,2021-06-18,38000,1653
TierraDeNadie11,2021,2021-06-22,38000,1654
BolsonaroVaiCair,2021,2021-06-26,38000,1655
DoctorsDay,2021,2021-07-01,38000,1656
YOUNG ROYALS LATAM,2021,2021-07-15,38000,1657
Toby,2021,2021-07-20,38000,1658
ジェルくん誕生祭2021,2021,2021-07-27,38000,1659
侍JAPAN,2021,2021-08-02,38000,1660
BREARS,2021,2021-08-13,38000,1661
은비를향한내마음_오픈,2021,2021-08-24,38000,1662
Alcaraz,2021,2021-09-04,38000,1663
DDLZan,2021,2021-10-27,38000,1664
Dhanteras,2021,2021-11-02,38000,1665
10YearsOfUpAllNight,2021,2021-11-18,38000,1666
日本シリーズ,2021,2021-11-20,38000,1667
テーオーケインズ,2021,2021-12-05,38000,1668
TAEHYUN,2021,2021-12-11,38000,1669
LaIslaDeLasTentaciones7,2021,2021-12-23,38000,1670
原神みくじ,2021,2021-12-28,38000,1671
TentacionesDBT1,2021,2021-01-26,37000,1672
çukur,2021,2021-02-08,37000,1673
みんなのボタンメーカー,2021,2021-02-16,37000,1674
俺の家の話,2021,2021-02-26,37000,1675
Djokovic,2021,2021-02-21,37000,1676
Claypole,2021,2021-03-04,37000,1677
せと打って出てきたものがお前に不足,2021,2021-04-24,37000,1678
seninleyizsoylu,2021,2021-05-18,37000,1679
FRABUL,2021,2021-06-08,37000,1680
Wrestling,2021,2021-08-04,37000,1681
phoebe,2021,2021-08-05,37000,1682
Volpi,2021,2021-08-26,37000,1683
Ziyech,2021,2021-08-11,37000,1684
Skyrim,2021,2021-08-20,37000,1685
ウルトラマントリガー,2021,2021-09-04,37000,1686
XF2021,2021,2021-12-10,37000,1687
tannie,2021,2021-11-13,37000,1688
EliminaçãoAFazenda,2021,2021-11-19,37000,1689
SecretGala13,2021,2021-12-10,37000,1690
YTFF,2021,2021-12-11,37000,1691
HarnaazSandhu,2021,2021-12-13,37000,1692
ドクターX,2021,2021-12-16,37000,1693
冬の大ユニット祭り,2021,2021-12-22,37000,1694
West Brom,2021,2021-01-02,36000,1695
Paulo Gustavo,2021,2021-04-03,36000,1696
UCLA,2021,2021-04-04,36000,1697
LIVAVL,2021,2021-04-10,36000,1698
West Ham,2021,2021-04-11,36000,1699
CRWIN,2021,2021-05-24,36000,1700
WALDEN,2021,2021-06-26,36000,1701
Barrios,2021,2021-06-27,36000,1702
プロ野球魂,2021,2021-07-10,36000,1703
めざましライブ,2021,2021-08-14,36000,1704
CertifiedLoverBoy,2021,2021-09-03,36000,1705
Dolar 9,2021,2021-10-11,36000,1706
Arteta,2021,2021-10-18,36000,1707
Tigre,2021,2021-11-23,36000,1708
Cinépolis,2021,2021-11-29,36000,1709
あなたが今年一年推し続けた人,2021,2021-12-26,36000,1710
PBB8thEvictionNight,2021,2021-12-26,36000,1711
NOTMYHABBO,2021,2021-01-12,35000,1712
omtzigtdebat,2021,2021-04-01,35000,1713
sognoazzurro,2021,2021-07-15,35000,1714
CashAppExtraCredit,2021,2021-08-09,35000,1715
祝おうセクゾの10周年,2021,2021-09-29,35000,1716
すぎやま先生,2021,2021-10-07,35000,1717
Santoro,2021,2021-10-14,35000,1718
Bregman,2021,2021-10-14,35000,1719
Suzuki,2021,2021-10-16,35000,1720
PoopypantsBiden,2021,2021-10-31,35000,1721
Falcons,2021,2021-11-19,35000,1722
ParisiKastEnBadboys,2021,2021-12-06,35000,1723
asgariucret,2021,2021-12-16,35000,1724
PMSFANDUELFAMILY,2021,2021-12-09,35000,1725
Aマッソ,2021,2021-12-13,35000,1726
제2의링딩동_돈콜미,2021,2021-02-22,34000,1727
HappyBirthdayCamila,2021,2021-03-03,34000,1728
着飾る恋には理由があって,2021,2021-05-18,34000,1729
Drummond,2021,2021-05-23,34000,1730
しゃべくり007,2021,2021-07-05,34000,1731
15temmuztiyatrosu,2021,2021-07-15,34000,1732
Slipknot,2021,2021-07-27,34000,1733
グラブル配布の日,2021,2021-08-12,34000,1734
ハコヅメ,2021,2021-09-15,34000,1735
ARSAVL,2021,2021-10-22,34000,1736
Red Sox,2021,2021-10-23,34000,1737
プリコネ彼女診断,2021,2021-11-03,34000,1738
InsecureHBO,2021,2021-11-08,34000,1739
Aぇヤンタン,2021,2021-11-10,34000,1740
Jonathan Taylor,2021,2021-11-21,34000,1741
justiceforkeyd,2021,2021-12-04,34000,1742
銀魂2,2021,2021-01-16,33000,1743
UFCFightIsland7,2021,2021-01-16,33000,1744
R1グランプリ,2021,2021-03-07,33000,1745
LiveCachacaCabare,2021,2021-04-04,33000,1746
東大生ランキング,2021,2021-05-04,33000,1747
Gerson,2021,2021-05-14,33000,1748
Ernesto Araújo,2021,2021-05-18,33000,1749
HaddiniBilMustafaDemirkan,2021,2021-05-29,33000,1750
DünyaÇevreGünü,2021,2021-06-05,33000,1751
USAvMEX,2021,2021-11-13,33000,1752
WorldOceansDay,2021,2021-06-08,33000,1753
Giroud,2021,2021-06-08,33000,1754
SCOCZE,2021,2021-06-14,33000,1755
NowLove,2021,2021-07-01,33000,1756
ENGvPAK,2021,2021-07-13,33000,1757
TemptationIsland,2021,2021-07-26,33000,1758
RushersWorldWide,2021,2021-08-03,33000,1759
Nebraska,2021,2021-09-18,33000,1760
Alexandre Garcia,2021,2021-09-25,33000,1761
Mason Mount,2021,2021-10-23,33000,1762
Lawrence,2021,2021-11-08,33000,1763
Pulisic,2021,2021-11-13,33000,1764
にじスプラ大会,2021,2021-11-20,33000,1765
Duke,2021,2021-11-27,33000,1766
oneST,2021,2021-01-05,32000,1767
oneST配信オーラス,2021,2021-01-07,32000,1768
AlayınızaMesutÖzil,2021,2021-01-23,32000,1769
Happybirthdayharry,2021,2021-02-01,32000,1770
ayuptwt,2021,2021-02-07,32000,1771
ハイチュウプレミアムレモン,2021,2021-03-31,32000,1772
買うよ,2021,2021-03-31,32000,1773
Gonzaga,2021,2021-04-04,32000,1774
藤牧京介くん_22歳ダブルピース,2021,2021-08-09,32000,1775
TOTMCI,2021,2021-08-15,32000,1776
デジたん,2021,2021-09-19,32000,1777
Budget2021,2021,2021-10-27,32000,1778
レコメンSexyZoneSP_DAY2,2021,2021-11-16,32000,1779
Roddy,2021,2021-12-17,32000,1780
WhatsAppSiliyoruz,2021,2021-01-09,31000,1781
Springer,2021,2021-01-20,31000,1782
虹ヶ咲,2021,2021-02-03,31000,1783
ネコチャンが来るかもしれないボタン,2021,2021-02-16,31000,1784
TWICEinWonderland,2021,2021-03-06,31000,1785
DontCallMe6thWin,2021,2021-03-11,31000,1786
ジャングル,2021,2021-04-12,31000,1787
恋はDeepに,2021,2021-04-14,31000,1788
louieslikelouis,2021,2021-05-28,31000,1789
佐久間大介誕生祭,2021,2021-07-04,31000,1790
AtoZ,2021,2021-07-18,31000,1791
BBNajia,2021,2021-07-31,31000,1792
17Agustos1999,2021,2021-08-17,31000,1793
Zaracho,2021,2021-08-19,31000,1794
OpeningNightLive,2021,2021-08-25,31000,1795
IRMÃOS UAI NA LOUD,2021,2021-09-11,31000,1796
京都大賞典,2021,2021-10-10,31000,1797
Dos a Cero,2021,2021-11-13,31000,1798
faizkararı,2021,2021-11-18,31000,1799
AnAudienceWithAdele,2021,2021-11-21,31000,1800
RushHour2ndWin,2021,2021-11-24,31000,1801
またまたさかまた,2021,2021-11-29,31000,1802
NXTWarGames,2021,2021-12-06,31000,1803
aiko結婚,2021,2021-12-14,31000,1804
輸入遅延,2021,2021-12-21,31000,1805
マツケンサンバ,2021,2021-12-24,31000,1806
FridayWithMCSoobin,2021,2021-01-08,30000,1807
知ってるワイフ,2021,2021-01-28,30000,1808
VTuberFes,2021,2021-01-30,30000,1809
survivorGR,2021,2021-02-08,30000,1810
İyikiDoğdunMilletinAdamı,2021,2021-02-25,30000,1811
AmorDeMae,2021,2021-04-07,30000,1812
コタローは1人暮らし,2021,2021-04-24,30000,1813
AmazonTricolor,2021,2021-05-25,30000,1814
MaskSinger2,2021,2021-06-01,30000,1815
Tulane,2021,2021-09-04,30000,1816
ATEEZ6thWin,2021,2021-09-22,30000,1817
kaymakam,2021,2021-09-30,30000,1818
TheMaskedSingerbr,2021,2021-10-06,30000,1819
CashAppTreats,2021,2021-10-29,30000,1820
ClubBoohoo,2021,2021-11-26,30000,1821
ASSEPSG,2021,2021-11-28,30000,1822
Russ,2021,2021-12-29,30000,1823
なにわと何する生Xmas,2021,2021-12-25,30000,1824
Willian,2021,2021-02-28,29000,1825
死体撃ち,2021,2021-01-21,29000,1826
山口百恵,2021,2021-01-30,29000,1827
GroundhogDay,2021,2021-02-02,29000,1828
Embiid,2021,2021-03-04,29000,1829
kabinetoplantısı,2021,2021-05-31,29000,1830
AustriaGP,2021,2021-07-04,29000,1831
Dead Space,2021,2021-07-22,29000,1832
銀メダル,2021,2021-07-24,29000,1833
AtesinCocukları,2021,2021-07-29,29000,1834
Faye,2021,2021-08-01,29000,1835
CMPunk,2021,2021-08-21,29000,1836
REDWIN,2021,2021-10-08,29000,1837
السودان,2021,2021-10-25,29000,1838
ShamiKiFarziTrolling,2021,2021-10-26,29000,1839
3AralıkDünyaEngellilerGünü,2021,2021-12-03,29000,1840
櫻坂1stアニラ_Day2,2021,2021-12-10,29000,1841
封神演義,2021,2021-12-18,29000,1842
キラーアビリティ,2021,2021-12-28,29000,1843
田中将大,2021,2021-01-28,28000,1844
有吉の壁,2021,2021-03-03,28000,1845
スクラッチ,2021,2021-03-09,28000,1846
YMSvFB,2021,2021-04-08,28000,1847
モニタリング,2021,2021-04-15,28000,1848
Arão,2021,2021-05-20,28000,1849
ConexionHonduras8,2021,2021-06-01,28000,1850
panelaço,2021,2021-06-02,28000,1851
WorldDayAgainstChildLabour,2021,2021-06-12,28000,1852
パライソ,2021,2021-06-21,28000,1853
PlanetHer,2021,2021-06-25,28000,1854
hakkımıhelaletmiyorum,2021,2021-06-25,28000,1855
ACABOU BOLSONARO,2021,2021-06-26,28000,1856
Doncic,2021,2021-07-26,28000,1857
祝ダンカグリリース,2021,2021-08-04,28000,1858
Ibai,2021,2021-08-07,28000,1859
Gordon,2021,2021-08-08,28000,1860
UFC265,2021,2021-08-08,28000,1861
Dinger,2021,2021-08-09,28000,1862
CerberusIsOut,2021,2021-08-18,28000,1863
WorldPhotographyDay,2021,2021-08-19,28000,1864
PacquiaoUgas,2021,2021-08-22,28000,1865
ChampionsLeague,2021,2021-08-26,28000,1866
大塚明夫さん,2021,2021-09-07,28000,1867
dolar10,2021,2021-10-22,28000,1868
アバランチ,2021,2021-12-20,28000,1869
ラブひな,2021,2021-12-16,28000,1870
บอลไทย,2021,2021-12-23,28000,1871
JWST,2021,2021-12-25,28000,1872
スカッとジャパン,2021,2021-01-18,27000,1873
一番思い出に残っているアニメ,2021,2021-02-16,27000,1874
Ana Clara,2021,2021-04-14,27000,1875
プリティ5,2021,2021-04-28,27000,1876
SVGala7,2021,2021-05-20,27000,1877
デュース・スペード誕生祭2021,2021,2021-06-02,27000,1878
Salma,2021,2021-07-26,27000,1879
GitmeVaktinizGeldi,2021,2021-07-27,27000,1880
AkpDevletDeğildir,2021,2021-08-04,27000,1881
さとみ遅刻,2021,2021-08-16,27000,1882
italiaserbia,2021,2021-09-04,27000,1883
震度5弱,2021,2021-09-16,27000,1884
チャンピオンズカップ,2021,2021-12-05,27000,1885
金属バット,2021,2021-12-19,27000,1886
羽生くん,2021,2021-12-26,27000,1887
スーポコ,2021,2021-01-04,26000,1888
DragRace,2021,2021-03-13,26000,1889
CHIvsNO,2021,2021-01-11,26000,1890
حظر_كلي,2021,2021-02-04,26000,1891
UFCVegas18,2021,2021-02-07,26000,1892
LEIARS,2021,2021-02-28,26000,1893
Rutte,2021,2021-04-01,26000,1894
João Guilherme,2021,2021-04-04,26000,1895
Isabelle,2021,2021-04-06,26000,1896
WWEHOF,2021,2021-04-07,26000,1897
大豆田とわ子と三人の元夫,2021,2021-04-13,26000,1898
bananamoon,2021,2021-05-14,26000,1899
CuentaPública2021,2021,2021-06-01,26000,1900
cheol,2021,2021-07-01,26000,1901
Lando,2021,2021-07-03,26000,1902
HIPAA,2021,2021-07-23,26000,1903
FieldOfDreamsGame,2021,2021-08-13,26000,1904
SB29PSG,2021,2021-08-20,26000,1905
USMNT,2021,2021-09-09,26000,1906
ItaliaSlovenia,2021,2021-09-19,26000,1907
CSKvsSRH,2021,2021-09-30,26000,1908
サイスタ,2021,2021-10-04,26000,1909
Stanton,2021,2021-10-06,26000,1910
TeamIndia,2021,2021-11-07,26000,1911
نوفمبر_المجيد,2021,2021-11-18,26000,1912
btsoninstagram,2021,2021-12-06,26000,1913
WeverseCon_with_TXT,2021,2021-12-31,26000,1914
シンジくん,2021,2021-01-15,25000,1915
EdomexEnSemaforoRojo,2021,2021-01-16,25000,1916
CRFCOM,2021,2021-03-07,25000,1917
128MilyarDolarNerede,2021,2021-05-05,25000,1918
clifford,2021,2021-05-25,25000,1919
FortniteSeason7,2021,2021-06-08,25000,1920
UTYOASOBIライブ,2021,2021-07-04,25000,1921
JavelinThrow,2021,2021-08-07,25000,1922
gamescom2021,2021,2021-08-25,25000,1923
UKRFRA,2021,2021-09-04,25000,1924
LMD4,2021,2021-10-27,25000,1925
RHOP,2021,2021-10-04,25000,1926
ドラマティカ,2021,2021-10-13,25000,1927
faiz,2021,2021-10-21,25000,1928
総合演出,2021,2021-11-05,25000,1929
Renato Augusto,2021,2021-11-14,25000,1930
SergenYalçın,2021,2021-12-09,25000,1931
コネクト,2021,2021-12-22,25000,1932
Da-iCE,2021,2021-12-30,25000,1933
SOUCHE,2021,2021-02-20,24000,1934
ENGEIグランドスラム,2021,2021-02-20,24000,1935
恋ぷに,2021,2021-04-14,24000,1936
Preta Gil,2021,2021-04-22,24000,1937
aşılıyım,2021,2021-05-13,24000,1938
HDPhalktır,2021,2021-06-17,24000,1939
MAHAL KO KAYO,2021,2021-06-29,24000,1940
APJAbdulKalam,2021,2021-07-27,24000,1941
elektrikkesintisi,2021,2021-08-02,24000,1942
そこ曲がったら櫻坂,2021,2021-08-08,24000,1943
日向坂で会いましょう,2021,2021-08-08,24000,1944
新しいカギ,2021,2021-08-27,24000,1945
あちこちオードリー,2021,2021-09-01,24000,1946
Qさま,2021,2021-09-06,24000,1947
Taehyung4MSpotify,2021,2021-09-08,24000,1948
DALS,2021,2021-10-01,24000,1949
AtletiBarca,2021,2021-10-02,24000,1950
メンテの日なのでssを貼る,2021,2021-10-26,24000,1951
Barracas,2021,2021-11-23,24000,1952
devalüasyon,2021,2021-11-23,24000,1953
KisanDiwas,2021,2021-12-23,24000,1954
MehmetAkifErsoy,2021,2021-12-27,24000,1955
ドラクエ5,2021,2021-12-27,24000,1956
VemVacina,2021,2021-01-17,23000,1957
SaltNPepaMovie,2021,2021-01-24,23000,1958
HATvFB,2021,2021-02-02,23000,1959
calum,2021,2021-03-03,23000,1960
MarriedAtFirstSight,2021,2021-03-04,23000,1961
MAFS,2021,2021-03-04,23000,1962
1YearOfHBW,2021,2021-03-13,23000,1963
BesokWIBTVSHOW,2021,2021-03-24,23000,1964
earthquake,2021,2021-09-18,23000,1965
SkolComPericao,2021,2021-04-18,23000,1966
Sergi Roberto,2021,2021-05-11,23000,1967
NBAnoGaules,2021,2021-05-31,23000,1968
VoleiNoSportTV,2021,2021-06-25,23000,1969
ALLAH BELANIZI VERSİN,2021,2021-06-29,23000,1970
OLED,2021,2021-07-06,23000,1971
georgespace,2021,2021-07-09,23000,1972
Strictly,2021,2021-09-25,23000,1973
SpacesGotTalent,2021,2021-10-16,23000,1974
超熱いぜプロスピ,2021,2021-10-29,23000,1975
MakeSomeNoise_forTXT,2021,2021-12-11,23000,1976
Goldberg,2021,2021-02-01,22000,1977
メロスは激怒したから予測変換で生還しろ,2021,2021-02-20,22000,1978
Purdue,2021,2021-03-20,22000,1979
嘘か本当かわからないことを言う,2021,2021-04-01,22000,1980
すばるくん,2021,2021-05-08,22000,1981
27Mayıs,2021,2021-05-27,22000,1982
Keikino,2021,2021-06-11,22000,1983
次にくるマンガ大賞,2021,2021-06-18,22000,1984
Terrance Mann,2021,2021-06-19,22000,1985
ItaliaAustria,2021,2021-06-26,22000,1986
RIPShonaFerguson,2021,2021-07-30,22000,1987
GetWellSoonSky,2021,2021-09-22,22000,1988
กินกันกับเตนิวxPEPSI,2021,2021-10-18,22000,1989
手取り13万,2021,2021-10-27,22000,1990
Lightyear,2021,2021-10-27,22000,1991
NIJIROCK_NB,2021,2021-10-30,22000,1992
njpst,2021,2021-11-06,22000,1993
NCT2021_Beautiful,2021,2021-12-14,22000,1994
小野町春香3D,2021,2021-12-17,22000,1995
SUPERRICH,2021,2021-12-23,22000,1996
askdream,2021,2021-01-12,21000,1997
DilekAğacı,2021,2021-01-16,21000,1998
百恵ちゃん,2021,2021-01-30,21000,1999
Bamford,2021,2021-01-31,21000,2000
JO1へ届け_1000万回の愛と感謝,2021,2021-02-17,21000,2001
一番為になったアニメから学んだこと,2021,2021-02-17,21000,2002
あなたを遊戯王カード化,2021,2021-02-28,21000,2003
LoDeIbai,2021,2021-03-07,21000,2004
ひって打って出てきた言葉が10年後の姿,2021,2021-04-03,21000,2005
水曜日のダウンタウン,2021,2021-03-10,21000,2006
kokain,2021,2021-03-26,21000,2007
クイズTHE違和感,2021,2021-04-05,21000,2008
عبيد_الوسمي,2021,2021-04-23,21000,2009
VCT,2021,2021-05-24,21000,2010
V6とWAになってマジカペに乗ろう,2021,2021-07-17,21000,2011
FreeDOMINOSday,2021,2021-07-19,21000,2012
طارق عبدالحكيم,2021,2021-08-27,21000,2013
Sarah Harding,2021,2021-09-05,21000,2014
ヒルナンデス,2021,2021-09-23,21000,2015
TilDeath,2021,2021-10-31,21000,2016
Titans,2021,2021-11-08,21000,2017
RemembranceDay2021,2021,2021-11-11,21000,2018
いただきハイジャンプ,2021,2021-11-15,21000,2019
RushHour3rdWin,2021,2021-11-26,21000,2020
中村吉右衛門,2021,2021-12-01,21000,2021
ハライチ,2021,2021-12-19,21000,2022
ものまねグランプリ,2021,2021-12-21,21000,2023
カラフェス,2021,2021-12-30,21000,2024
一緒にWHITEISLAND,2021,2021-01-04,20000,2025
マリン航海記,2021,2021-01-18,20000,2026
TheCrew,2021,2021-02-15,20000,2027
펜트하우스,2021,2021-02-19,20000,2028
DutertePalpak,2021,2021-03-27,20000,2029
istifanıkabuletmiyoruz,2021,2021-04-08,20000,2030
Bernie Madoff,2021,2021-04-14,20000,2031
WELCOMEBACKSOKEN,2021,2021-05-16,20000,2032
Esnafa Müjde,2021,2021-05-17,20000,2033
HorizonForbiddenWest,2021,2021-05-27,20000,2034
yasaklar,2021,2021-05-31,20000,2035
MasumlarApartmanı,2021,2021-06-08,20000,2036
ミステリ,2021,2021-06-02,20000,2037
Isak,2021,2021-06-18,20000,2038
ConvencionConstituyente,2021,2021-07-04,20000,2039
かるてっと爆誕2021,2021,2021-07-08,20000,2040
OremPeloPresidente,2021,2021-07-14,20000,2041
Paulinho,2021,2021-07-22,20000,2042
兄ちゃん,2021,2021-07-25,20000,2043
Orlando Drummond,2021,2021-07-27,20000,2044
Geno,2021,2021-10-26,20000,2045
Liella_群馬_1star,2021,2021-10-30,20000,2046
Glover,2021,2021-10-30,20000,2047
Staples Center,2021,2021-11-17,20000,2048
Anthony Brown,2021,2021-11-26,20000,2049
武内くん,2021,2021-12-21,20000,2050
ネオ登場,2021,2021-12-28,20000,2051
Rockets,2021,2021-12-29,20000,2052
Hingeisghetto,2021,2021-01-10,19000,2053
音楽が聞こえて来たら負け,2021,2021-01-23,19000,2054
麒麟がくる総集編,2021,2021-02-23,19000,2055
リィンカネ生,2021,2021-03-17,19000,2056
Vittoria,2021,2021-03-23,19000,2057
Snowfallfx,2021,2021-04-01,19000,2058
WHULEI,2021,2021-04-11,19000,2059
角巻わため新衣装,2021,2021-05-03,19000,2060
BATTLEFIELD2042,2021,2021-06-09,19000,2061
Juventude,2021,2021-06-27,19000,2062
SixTONES_出演しマスカラ,2021,2021-07-17,19000,2063
CyclingTrack,2021,2021-08-04,19000,2064
Sidney Magal,2021,2021-08-11,19000,2065
レコメン,2021,2021-08-23,19000,2066
ゴリエちゃん,2021,2021-08-27,19000,2067
ProvaNaIlha,2021,2021-08-31,19000,2068
Dalot,2021,2021-09-29,19000,2069
SecretGala7,2021,2021-10-28,19000,2070
PSGLOSC,2021,2021-10-29,19000,2071
ポケモンタイプ診断,2021,2021-11-15,19000,2072
今夜くらべてみました,2021,2021-11-24,19000,2073
ARSNEW,2021,2021-11-27,19000,2074
少クラ,2021,2021-03-05,18000,2075
PancakeDay,2021,2021-02-16,18000,2076
FBJKninTATLIsıDEFOL,2021,2021-03-05,18000,2077
NevruzBayramı,2021,2021-03-21,18000,2078
DaBaby,2021,2021-03-22,18000,2079
Montecitorio,2021,2021-04-06,18000,2080
Danilo,2021,2021-04-07,18000,2081
UFCVegas24,2021,2021-04-18,18000,2082
まめ夫,2021,2021-06-15,18000,2083
マツコの知らない世界,2021,2021-07-06,18000,2084
Chris Chan,2021,2021-07-30,18000,2085
LovlinaBorgohain,2021,2021-08-04,18000,2086
男子400mリレー,2021,2021-08-06,18000,2087
Sending SO MUCH,2021,2021-09-11,18000,2088
見た人もアカウント名の由来を話す,2021,2021-09-27,18000,2089
FBvOLY,2021,2021-09-30,18000,2090
2ndOctober,2021,2021-10-02,18000,2091
NRLGF,2021,2021-10-03,18000,2092
ülkeiflasediyor,2021,2021-10-25,18000,2093
HaloInfinite,2021,2021-10-25,18000,2094
PBB3rdEvictionNight,2021,2021-11-20,18000,2095
LopezKambososJr,2021,2021-11-28,18000,2096
細かすぎて伝わらないモノマネ,2021,2021-12-11,18000,2097
심장이겨내_최민호Heartbreak,2021,2021-12-21,18000,2098
LINEMUSICSHOW2021,2021,2021-12-29,18000,2099
ESPNPlus,2021,2021-01-24,17000,2100
BuschContest,2021,2021-02-15,17000,2101
YasakElma,2021,2021-03-22,17000,2102
名前の最初をぽにすると超絶可愛い,2021,2021-03-28,17000,2103
特捜9,2021,2021-05-05,17000,2104
Nate Diaz,2021,2021-06-13,17000,2105
ホイミー,2021,2021-06-15,17000,2106
アイプラ名刺交換,2021,2021-06-24,17000,2107
İhsanŞenocakYalnızDeğildir,2021,2021-07-26,17000,2108
齋藤飛鳥生誕祭,2021,2021-08-09,17000,2109
SCP財団,2021,2021-08-12,17000,2110
イデ隊員,2021,2021-08-24,17000,2111
Hatton,2021,2021-09-25,17000,2112
Burak,2021,2021-10-08,17000,2113
LeGrandDebatLCI,2021,2021-11-08,17000,2114
TOKIOカケル,2021,2021-11-10,17000,2115
能見さん,2021,2021-11-27,17000,2116
アステルレダ3D,2021,2021-12-07,17000,2117
F1Finale,2021,2021-12-12,17000,2118
LoteriaRTVE,2021,2021-12-22,17000,2119
シンデレラ10周年_愛知day1,2021,2021-12-25,17000,2120
七草がゆ10連ガチャ,2021,2021-01-07,16000,2121
sadakatsiz,2021,2021-01-13,16000,2122
正直出産ってどうだったか教えて,2021,2021-01-16,16000,2123
SilhoutteChallenge,2021,2021-01-28,16000,2124
Robinhood,2021,2021-01-28,16000,2125
ولي_العهد_في_مستقبل_الاستثمار,2021,2021-01-28,16000,2126
TPMP,2021,2021-03-22,16000,2127
教えてもらう前と後,2021,2021-04-05,16000,2128
SnowfallFX,2021,2021-04-22,16000,2129
concertone,2021,2021-05-01,16000,2130
WeStandWithGaza,2021,2021-05-12,16000,2131
ドラマ化,2021,2021-06-02,16000,2132
Rangel,2021,2021-06-14,16000,2133
DAZN,2021,2021-06-18,16000,2134
AVidaDaGente,2021,2021-07-20,16000,2135
EdomexASemaforoNaranja,2021,2021-07-23,16000,2136
バズリズム02,2021,2021-07-30,16000,2137
あんスタSSスタンプラリー,2021,2021-07-31,16000,2138
フェイクバスターズ,2021,2021-08-10,16000,2139
流れ弾,2021,2021-08-23,16000,2140
Saints Row,2021,2021-08-25,16000,2141
9Eylül,2021,2021-09-09,16000,2142
お笑いの日2021,2021,2021-10-02,16000,2143
クラロワ復帰,2021,2021-10-18,16000,2144
Efendiler,2021,2021-10-28,16000,2145
DünyaÇocukHaklarıGünü,2021,2021-11-20,16000,2146
マルタさん,2021,2021-12-07,16000,2147
Advincula,2021,2021-12-09,16000,2148
か行でXmasの過ごし方がわかる,2021,2021-12-14,16000,2149
坂本くん,2021,2021-12-30,16000,2150
MISIA,2021,2021-12-30,16000,2151
MaskedSingerUK,2021,2021-01-16,15000,2152
Osterlockdown,2021,2021-03-23,15000,2153
Kuzma,2021,2021-05-08,15000,2154
로즈데이,2021,2021-05-13,15000,2155
THE SHOW WITH TXT,2021,2021-06-08,15000,2156
モナーク,2021,2021-06-10,15000,2157
イマソラ,2021,2021-06-21,15000,2158
Pandemic P,2021,2021-06-23,15000,2159
ドレミファドン,2021,2021-06-28,15000,2160
BartyParty,2021,2021-07-10,15000,2161
Matheus Cunha,2021,2021-07-22,15000,2162
Bledsoe,2021,2021-07-26,15000,2163
六番目の小夜子,2021,2021-07-30,15000,2164
INDvsAUS,2021,2021-08-02,15000,2165
Kipchoge,2021,2021-08-08,15000,2166
JO1_REAL_MV300万回突破,2021,2021-08-16,15000,2167
リモーネ先生誕生祭2021,2021,2021-08-18,15000,2168
RECEP TAYYİP ERDOĞAN,2021,2021-08-20,15000,2169
jade picon,2021,2021-09-07,15000,2170
Antonio Caballero,2021,2021-09-11,15000,2171
あなたを東京女子化,2021,2021-09-16,15000,2172
ラブライブANN,2021,2021-09-24,15000,2173
セクゾと神サイの絶対領域,2021,2021-10-09,15000,2174
OneDaywithHYUNGWON,2021,2021-10-26,15000,2175
一番呟いた名前が推しだったら合格,2021,2021-11-03,15000,2176
Borja,2021,2021-11-04,15000,2177
RHOBH,2021,2021-11-04,15000,2178
白銀ノエル誕生日凸待ち,2021,2021-11-24,15000,2179
インティ,2021,2021-12-05,15000,2180
神里綾人,2021,2021-12-08,15000,2181
Jimenez,2021,2021-12-11,15000,2182
男性ブランコ,2021,2021-12-19,15000,2183
TALESFROMTHESMP,2021,2021-01-10,14000,2184
テニチャ,2021,2021-01-18,14000,2185
青のSP,2021,2021-01-26,14000,2186
咲ちゃん,2021,2021-01-29,14000,2187
さ行でお前の純粋さを教えてやれ,2021,2021-03-07,14000,2188
は行でなぜモテないのか分かる,2021,2021-03-24,14000,2189
あんスタMV衣装お試し,2021,2021-03-25,14000,2190
照ノ富士,2021,2021-03-28,14000,2191
鉄腕DASH,2021,2021-03-28,14000,2192
jadeja,2021,2021-04-25,14000,2193
koningsdag,2021,2021-04-27,14000,2194
Hurd,2021,2021-06-07,14000,2195
Berardi,2021,2021-06-26,14000,2196
まんが王国はお得感No1,2021,2021-07-02,14000,2197
まんが王国お得爆発DAY,2021,2021-07-02,14000,2198
EAPlayLive,2021,2021-07-22,14000,2199
Bray Wyatt,2021,2021-07-31,14000,2200
コースト,2021,2021-08-12,14000,2201
NEWWHU,2021,2021-08-15,14000,2202
uominiedonne,2021,2021-09-13,14000,2203
リーパー,2021,2021-09-18,14000,2204
ヨカヨカ,2021,2021-09-22,14000,2205
De Gea,2021,2021-09-29,14000,2206
MUNVIL,2021,2021-09-29,14000,2207
ナムコホロライブキャンペーン,2021,2021-10-13,14000,2208
サイン入りオリジナルグッズ,2021,2021-10-13,14000,2209
おかゆのスペース,2021,2021-10-20,14000,2210
Soler,2021,2021-10-27,14000,2211
AyusoEH,2021,2021-11-09,14000,2212
歌舞伎俳優,2021,2021-12-01,14000,2213
アナザートゥルース,2021,2021-12-05,14000,2214
ブイシッウレシッタノシッ,2021,2021-12-10,14000,2215
FF10,2021,2021-12-27,14000,2216
Sイシュタル,2021,2021-01-04,13000,2217
オーイシ1000円,2021,2021-01-05,13000,2218
GabbaTest,2021,2021-01-19,13000,2219
Ramiro,2021,2021-01-26,13000,2220
DEFANTENOBBB,2021,2021-01-26,13000,2221
第五人格チョコ大作戦,2021,2021-02-14,13000,2222
MaestrosDeLaCostura,2021,2021-03-16,13000,2223
Muniz,2021,2021-03-20,13000,2224
GönülDağı,2021,2021-03-20,13000,2225
橋田壽賀子さん,2021,2021-04-05,13000,2226
Souness,2021,2021-05-02,13000,2227
飲酒運転,2021,2021-06-28,13000,2228
GSvPSV,2021,2021-07-28,13000,2229
ストレンジャーなJO1,2021,2021-07-31,13000,2230
プロミスシンデレラ,2021,2021-08-10,13000,2231
Sandra de Sá,2021,2021-08-11,13000,2232
CHEVIL,2021,2021-08-11,13000,2233
AskSonic,2021,2021-09-15,13000,2234
ゴッホちゃん,2021,2021-09-29,13000,2235
私はスマホ依存性ですと目をつぶって打つ,2021,2021-10-02,13000,2236
白上フブキ,2021,2021-10-13,13000,2237
100CroreVaccination,2021,2021-10-21,13000,2238
مبادره_الشرق_الاوسط_الاخضر,2021,2021-10-25,13000,2239
ぺこらいぶ,2021,2021-12-15,13000,2240
Montiel,2021,2021-01-13,12000,2241
lufc,2021,2021-02-08,12000,2242
lebaleb,2021,2021-03-24,12000,2243
Black Gold,2021,2021-03-24,12000,2244
DevletAna,2021,2021-04-06,12000,2245
FalasDaTerra,2021,2021-04-20,12000,2246
alkolümedokunma,2021,2021-04-27,12000,2247
ウマ娘になってしまいました,2021,2021-04-28,12000,2248
DuterteDuwag,2021,2021-05-07,12000,2249
Camacho,2021,2021-05-30,12000,2250
欲求の強さ,2021,2021-06-10,12000,2251
あなたのエゴタイプ,2021,2021-06-10,12000,2252
エゴ診断,2021,2021-06-10,12000,2253
謎ときヒーロー,2021,2021-06-12,12000,2254
魔法学校の専攻適性診断,2021,2021-06-15,12000,2255
FinalYoSoy,2021,2021-06-28,12000,2256
BuNasılVizyonAliBaşkan,2021,2021-07-01,12000,2257
كشخه_العيد,2021,2021-07-20,12000,2258
evdekaltürkiye,2021,2021-07-24,12000,2259
ÖzürDileBöcek,2021,2021-08-02,12000,2260
ConnieFerguson,2021,2021-08-04,12000,2261
Post Malone,2021,2021-08-25,12000,2262
葛葉100万人,2021,2021-09-02,12000,2263
キスマイ色気ダダ漏れで_Fear,2021,2021-09-17,12000,2264
北山宏光誕生祭今夜は皆の手が_Fear,2021,2021-09-17,12000,2265
Matzek,2021,2021-10-24,12000,2266
目を閉じればV6がそばいるよ,2021,2021-10-25,12000,2267
山本由伸,2021,2021-11-20,12000,2268
ImACeleb,2021,2021-11-21,12000,2269
DWTS,2021,2021-11-23,12000,2270
ジャニフェス当落,2021,2021-11-25,12000,2271
sigarazammı,2021,2021-12-06,12000,2272
大ちゃん,2021,2021-12-10,12000,2273
nhk_life,2021,2021-12-21,12000,2274
ネオが欲しい,2021,2021-12-28,12000,2275
TatildeOkuyoruz,2021,2021-01-23,11000,2276
せいしで変換して静止だったら健全,2021,2021-02-11,11000,2277
HainlerTemizlenecek,2021,2021-02-17,11000,2278
Lucas Lima,2021,2021-03-03,11000,2279
GökhanÖzbolatTutuklansın,2021,2021-03-09,11000,2280
pazartesi,2021,2021-03-15,11000,2281
DuterteResign,2021,2021-03-27,11000,2282
AvukatlarGünü,2021,2021-04-05,11000,2283
Ana Furtado,2021,2021-04-22,11000,2284
Carrascal,2021,2021-05-25,11000,2285
renkligözchallenge,2021,2021-05-27,11000,2286
シャッフル,2021,2021-06-10,11000,2287
Reggie Jackson,2021,2021-06-11,11000,2288
二宮和也誕生祭,2021,2021-06-16,11000,2289
推しを一発で出せたらあなたの愛は本物,2021,2021-06-20,11000,2290
クセスゴ,2021,2021-07-08,11000,2291
HelloFuture3rdWin,2021,2021-07-10,11000,2292
Dillashaw,2021,2021-07-25,11000,2293
阿部兄弟,2021,2021-07-25,11000,2294
Triathlon,2021,2021-07-26,11000,2295
ポケカ25周年,2021,2021-08-28,11000,2296
ブラインドサッカー,2021,2021-08-29,11000,2297
FFXIV400kSweepstakes,2021,2021-09-08,11000,2298
CALUM,2021,2021-09-26,11000,2299
サイコパス,2021,2021-10-06,11000,2300
Clemson,2021,2021-10-16,11000,2301
PuneethRajkumar,2021,2021-10-29,11000,2302
ミューチャリー,2021,2021-11-03,11000,2303
カウコン,2021,2021-11-05,11000,2304
なにわ男子ANNP,2021,2021-11-20,11000,2305
Auba,2021,2021-11-27,11000,2306
Tavares,2021,2021-11-27,11000,2307
ログイン戦争,2021,2021-12-03,11000,2308
真犯人フラグ,2021,2021-12-05,11000,2309
鬼滅の刃遊郭編,2021,2021-12-05,11000,2310
ハンオシ,2021,2021-12-07,11000,2311
kiisパーティー,2021,2021-12-14,11000,2312
ヒラメック25,2021,2021-12-28,11000,2313
一番お世話になったゲームの技,2021,2021-01-20,10000,2314
YeniNormalleşmedenAnladığım,2021,2021-03-02,10000,2315
İstanbulSözleşmesi,2021,2021-03-20,10000,2316
hepimizboynukalınız,2021,2021-03-22,10000,2317
Fast & Furious,2021,2021-04-07,10000,2318
もう一度遊びたいゲーム,2021,2021-04-20,10000,2319
新型Switch,2021,2021-07-06,10000,2320
KurbanCinayettir,2021,2021-07-20,10000,2321
MasterChefBR,2021,2021-08-11,10000,2322
みんなでAZALEA1st_Day1,2021,2021-08-14,10000,2323
ポケマス2周年,2021,2021-08-28,10000,2324
Mirtha,2021,2021-08-29,10000,2325
恋降る月夜に君想ふ,2021,2021-08-30,10000,2326
SoccerAid,2021,2021-09-04,10000,2327
Origi,2021,2021-09-15,10000,2328
sigara,2021,2021-10-04,10000,2329
4EkimHayvanlarıKorumaGünü,2021,2021-10-04,10000,2330
あなたを剣化,2021,2021-10-06,10000,2331
お前らたまにはアイコンらしいこと言えよ,2021,2021-10-07,10000,2332
MCCelebrity,2021,2021-10-18,10000,2333
MHASpoilers,2021,2021-11-25,10000,2334
PinkFridayWithPLT,2021,2021-11-26,10000,2335
Survivor,2021,2021-12-02,10000,2336
スバルーナ,2021,2021-12-09,10000,2337
配信テスト,2021,2021-12-22,10000,2338
ひなくり2021_Day2,2021,2021-12-25,10000,2339
Kobe,2020,2020-01-27,9396000,1
Trump,2020,2020-09-30,8597000,2
เยาวชนปลดแอก,2020,2020-07-18,8018000,3
PawanKalyanBirthdayCDP,2020,2020-08-15,7562000,4
ขีดเส้นตายไล่เผด็จการ,2020,2020-08-16,6777000,5
Halloween,2020,2020-10-31,5459000,6
ExaBFF,2020,2020-07-28,4994000,7
HBDTHALAPATHYVijay,2020,2020-06-21,4531000,8
COVID,2020,2020-10-02,4264000,9
Biden,2020,2020-11-04,3861000,10
16ตุลาไปแยกปทุมวัน,2020,2020-10-16,3816000,11
RRBExamDates,2020,2020-09-05,3728000,12
10YearsOfOneDirection,2020,2020-07-23,3634000,13
ม็อบ18ตุลา,2020,2020-10-18,3374000,14
Christmas,2020,2020-12-25,3244000,15
15ตุลาไปราชประสงค์,2020,2020-10-15,3172000,16
SARSMUSTEND,2020,2020-10-12,3147000,17
ハロウィン,2020,2020-10-31,3142000,18
ม็อบ16ตุลา,2020,2020-10-16,3049000,19
Debates2020,2020,2020-09-30,3027000,20
MTVHottest,2020,2020-07-19,2998000,21
คั่นกูตอนจบ,2020,2020-05-15,2907000,22
KickIt1stwin,2020,2020-03-27,2880000,23
AMAs,2020,2020-11-23,2778000,24
whatishappeninginthailand,2020,2020-10-16,2552000,25
Spotify,2020,2020-12-02,2515000,26
Father's Day,2020,2020-06-21,2486000,27
ม็อบ8พฤศจิกา,2020,2020-11-08,2442000,28
speakupforSSCRaliwaystudents,2020,2020-09-01,2423000,29
ม็อบ21ตุลา,2020,2020-10-21,2362000,30
Kamala,2020,2020-11-08,2315000,31
Antifa,2020,2020-05-31,2195000,32
BlackLivesMatter,2020,2020-05-28,2171000,33
John Lewis,2020,2020-07-18,2168000,34
ObamaGate,2020,2020-05-11,2166000,35
NCT2020,2020,2020-10-12,2147000,36
BANGBANGCON_D2,2020,2020-04-19,2146000,37
Moro,2020,2020-04-24,2127000,38
好き,2020,2020-05-05,2034000,39
IUxSUGA,2020,2020-05-06,2025000,40
MapOfTheSoulOne,2020,2020-10-10,1974000,41
EndSARS,2020,2020-10-09,1964000,42
Happy Halloween,2020,2020-10-31,1887000,43
Bernie,2020,2020-04-08,1832000,44
DeathOfDemocracy,2020,2020-09-09,1754000,45
คั่นกูEP10,2020,2020-04-24,1743000,46
クリスマス,2020,2020-12-24,1723000,47
EndSWAT,2020,2020-10-14,1707000,48
Thanksgiving,2020,2020-11-26,1693000,49
China,2020,2020-04-15,1628000,50
BlackOutTuesday,2020,2020-06-02,1622000,51
Ruth Bader Ginsburg,2020,2020-09-19,1622000,52
Marcela,2020,2020-04-06,1604000,53
Happy Easter,2020,2020-04-12,1604000,54
คั่นกูEP8,2020,2020-04-10,1543000,55
Pennsylvania,2020,2020-11-06,1540000,56
PCAs,2020,2020-10-24,1535000,57
Anonymous,2020,2020-05-31,1528000,58
Nevada,2020,2020-11-05,1527000,59
ThalaAJITHBdayGalaCDP,2020,2020-04-26,1494000,60
前澤ナンバーズ,2020,2020-09-11,1493000,61
Barça,2020,2020-08-14,1488000,62
GRAMMYs,2020,2020-01-27,1465000,63
อภิปรายไม่ไว้วางใจรัฐบาล,2020,2020-02-25,1426000,64
Beirut,2020,2020-08-04,1399000,65
CagayanNeedsHelp,2020,2020-11-13,1399000,66
DynamiteVideoTeaser,2020,2020-08-18,1398000,67
Supreme Court,2020,2020-09-19,1396000,68
BTSxRockinEve,2020,2020-01-01,1392000,69
Barcelona,2020,2020-08-14,1386000,70
Kanye,2020,2020-07-05,1376000,71
justicapormariferrer,2020,2020-11-03,1363000,72
X1_new_beginning,2020,2020-01-07,1349000,73
Covid_19,2020,2020-03-13,1331000,74
ONVIDEOPARTY,2020,2020-02-27,1329000,75
MMA2020,2020,2020-12-05,1325000,76
DearClassOf2020,2020,2020-06-08,1318000,77
BLACK_LIVES_MATTER,2020,2020-05-31,1302000,78
Barr,2020,2020-07-28,1269000,79
BTS_Dynamite,2020,2020-08-02,1253000,80
AsimForTheWin,2020,2020-02-01,1240000,81
1DOnlineConcertStayAtHome,2020,2020-04-14,1228000,82
ViewersChoiceAsim,2020,2020-01-04,1213000,83
ShadowisComing,2020,2020-01-09,1211000,84
BolsonaroDay,2020,2020-03-15,1209000,85
VMAs2020,2020,2020-07-30,1193000,86
TREASURE_DEBUT_DDAY,2020,2020-08-07,1176000,87
Feliz Natal,2020,2020-12-25,1173000,88
ยังคั่นกูEP2,2020,2020-08-21,1152000,89
Michigan,2020,2020-11-04,1151000,90
TikTok,2020,2020-08-01,1132000,91
tolakomnisbuslaw,2020,2020-10-05,1130000,92
Texas,2020,2020-12-12,1130000,93
America,2020,2020-06-18,1125000,94
LINETVAWARDS2020,2020,2020-02-19,1076000,95
blackpink,2020,2020-07-28,1075000,96
Monica,2020,2020-09-01,1073000,97
ConGULFtulations,2020,2020-11-12,1072000,98
waiting_for_NEWX1,2020,2020-01-12,1061000,99
FechadoComBolsonaro,2020,2020-04-25,1060000,100
Neymar,2020,2020-08-12,1055000,101
Oneit_chartin_wantit,2020,2020-04-07,1045000,102
FicaPrior,2020,2020-03-28,1043000,103
ARMY,2020,2020-11-23,1039000,104
HappyBirthdayTaehyung,2020,2020-12-29,1038000,105
Dodgers,2020,2020-10-28,1035000,106
ยังคั่นกูตอนจบ,2020,2020-09-11,1027000,107
HappyBaekhyunDay,2020,2020-05-05,1020000,108
Luka,2020,2020-08-24,1013000,109
4yearswithnctdream,2020,2020-08-25,1010000,110
Feliz Navidad,2020,2020-12-25,1010000,111
Merry Christmas,2020,2020-12-24,1008000,112
kcamexico,2020,2020-08-25,993000,113
1stDynamiteTeaser,2020,2020-08-10,992000,114
Atlanta,2020,2020-05-30,991000,115
GetWellSoonYoongi,2020,2020-11-06,990000,116
WWIII,2020,2020-01-03,985000,117
Babu,2020,2020-04-15,980000,118
Arsenal,2020,2020-08-01,968000,119
Jada,2020,2020-07-11,968000,120
DemDebate,2020,2020-02-20,960000,121
RAISETHEDEGREE,2020,2020-05-30,955000,122
VidasNegrasImportam,2020,2020-06-01,945000,123
ブルーインパルス,2020,2020-05-29,943000,124
X1_New_Flight,2020,2020-01-10,937000,125
Thelma,2020,2020-04-24,933000,126
Arizona,2020,2020-11-04,926000,127
THEALBUM,2020,2020-10-02,914000,128
Beyoncé,2020,2020-04-30,910000,129
LiveJeM,2020,2020-04-05,908000,130
HowYouLikeThatLisa,2020,2020-06-19,896000,131
AppleEvent,2020,2020-10-13,888000,132
Bible,2020,2020-06-02,887000,133
WakandaForever,2020,2020-08-29,883000,134
요드림_4주년_쩗쭓짧,2020,2020-08-25,876000,135
MAMA's Fan Choice Awards,2020,2020-10-29,872000,136
StopPrivatisation_SaveGovtJob,2020,2020-09-02,867000,137
Elazığ,2020,2020-01-25,864000,138
ykstarihinedokunma,2020,2020-05-01,864000,139
TharnTypeSS2FirstWS,2020,2020-05-16,856000,140
Clippers,2020,2020-09-16,855000,141
Warren,2020,2020-02-20,850000,142
BhulaDungaFirstLook,2020,2020-03-17,844000,143
Boris,2020,2020-04-07,843000,144
الشيخ_صباح_الاحمد_الصباح,2020,2020-09-29,829000,145
Happy New Year,2020,2020-12-31,823000,146
WeTrustX1,2020,2020-01-06,822000,147
MissUniverseThailand2020,2020,2020-10-10,821000,148
Manu,2020,2020-04-20,814000,149
우리_정국이_사랑해,2020,2020-01-06,811000,150
OurMusicianRoséDay,2020,2020-02-10,811000,151
Disney,2020,2020-11-18,810000,152
ZamanDaralıyor AcilTahliye,2020,2020-03-29,808000,153
BTSxGDA,2020,2020-01-05,807000,154
Candle4SSR,2020,2020-07-22,803000,155
StillWithYou,2020,2020-06-04,799000,156
श्री राम,2020,2020-08-05,792000,157
LTLivestream,2020,2020-12-13,771000,158
Newborn_X1,2020,2020-01-15,767000,159
TharnTypeSS2EP1,2020,2020-11-06,765000,160
Islamophobia_In_India,2020,2020-04-21,762000,161
Queiroz,2020,2020-08-24,759000,162
Gusttavo Lima,2020,2020-04-12,758000,163
DYNAMITE,2020,2020-11-23,749000,164
pinargultekin,2020,2020-07-21,743000,165
緊急事態宣言,2020,2020-04-06,742000,166
RepublicFightsBack,2020,2020-10-08,733000,167
TH_IGOT7TEAM,2020,2020-08-08,731000,168
TarihYazdı BarışMuratYağcı,2020,2020-07-17,723000,169
Madrid,2020,2020-08-07,721000,170
BlackIsKing,2020,2020-07-31,719000,171
ArnabGoswami,2020,2020-11-04,718000,172
PeruvianLivesMatter,2020,2020-11-15,701000,173
Liverpool,2020,2020-03-12,698000,174
FNS歌謡祭,2020,2020-12-02,689000,175
Batman,2020,2020-08-23,688000,176
Elections2020,2020,2020-11-04,688000,177
Lyon,2020,2020-08-16,678000,178
WatermelonSugar,2020,2020-05-18,670000,179
ARMYSelcaDay,2020,2020-04-06,668000,180
CONNECT_BTS,2020,2020-01-13,667000,181
ベストアーティスト2020,2020,2020-11-25,663000,182
WhatsApp,2020,2020-07-14,662000,183
JUNKTERRORBILLNOW,2020,2020-06-03,656000,184
IsupportArnabGoswami,2020,2020-04-22,655000,185
Pfizer,2020,2020-11-09,652000,186
DilSeSidNaaz,2020,2020-04-13,651000,187
NeverForget,2020,2020-09-11,650000,188
SorrisoAMAasAntigas,2020,2020-04-26,649000,189
BTSonFallon_D5,2020,2020-10-03,647000,190
StrayKidsComeback,2020,2020-06-17,646000,191
HowYouLikeThat,2020,2020-06-16,641000,192
nctdreamday825,2020,2020-08-25,639000,193
Argentina,2020,2020-12-30,637000,194
Uribe,2020,2020-08-04,630000,195
LETSLOVESUHO,2020,2020-03-30,621000,196
PrayForLebanon,2020,2020-08-05,616000,197
AGUSTD2ISCOMING,2020,2020-05-22,615000,198
BolsonaroTemRazao,2020,2020-03-25,613000,199
DemConvention,2020,2020-08-19,605000,200
EarthDay,2020,2020-04-22,604000,201
Hadson,2020,2020-02-03,602000,202
SweetNightOST,2020,2020-03-13,601000,203
Oscars,2020,2020-02-10,600000,204
SaveBelParaMeninas,2020,2020-05-19,600000,205
Happy Diwali,2020,2020-11-14,599000,206
WINTERFLOWER,2020,2020-01-06,598000,207
Flamengo,2020,2020-07-16,597000,208
Zendaya,2020,2020-09-21,596000,209
โควิดสมุทรสาคร,2020,2020-12-20,596000,210
NCTDREAMDAY825,2020,2020-08-25,590000,211
Proud Boys,2020,2020-09-30,590000,212
Joe Biden,2020,2020-12-15,589000,213
WhoCanSave_The_World,2020,2020-03-22,585000,214
イソジン,2020,2020-08-04,584000,215
Golden,2020,2020-11-23,584000,216
deprem,2020,2020-10-30,577000,217
YourEyesTell,2020,2020-07-13,574000,218
EliminacaoAFazenda,2020,2020-10-23,574000,219
WorldMentalHealthDay,2020,2020-10-10,573000,220
ElectionNight,2020,2020-11-04,567000,221
NAVER,2020,2020-07-01,565000,222
jungkook,2020,2020-07-02,562000,223
NCT127_BeyondLIVE,2020,2020-05-17,558000,224
GQxPECKxCoachFW20,2020,2020-02-11,557000,225
こえていくホロライブSTAGE1,2020,2020-12-21,556000,226
Gigi,2020,2020-04-29,552000,227
ExaONCE,2020,2020-08-11,552000,228
Rússia,2020,2020-08-11,550000,229
Flay,2020,2020-03-24,547000,230
HappyBirthdayAlluArjun,2020,2020-04-07,544000,231
AyasofyaCamii,2020,2020-07-24,544000,232
TheBachelor,2020,2020-03-11,543000,233
Boca,2020,2020-03-08,543000,234
BTSxCorden,2020,2020-11-24,543000,235
BackDoor1stWin,2020,2020-09-23,542000,236
SalvemBelParaMeninas,2020,2020-05-19,539000,237
MilliHesaplarBurada,2020,2020-05-12,535000,238
dynamitebsidemv,2020,2020-08-25,535000,239
BTS WORLD DOMINATION,2020,2020-07-06,532000,240
TogetherAtHome,2020,2020-04-18,531000,241
go_for_NEWX1,2020,2020-01-14,530000,242
Chance,2020,2020-07-13,526000,243
Canada,2020,2020-07-01,524000,244
EndPoliceBrutalityinNigera,2020,2020-10-18,521000,245
WrestleMania,2020,2020-04-05,520000,246
NamjoonDay,2020,2020-09-11,520000,247
BETAwards,2020,2020-06-29,518000,248
Pop Smoke,2020,2020-02-19,517000,249
MüjdelerOlsun,2020,2020-08-21,515000,250
gigi,2020,2020-04-29,511000,251
WELOVEJAEHYUN,2020,2020-05-18,510000,252
DACA,2020,2020-06-18,510000,253
Happy New Years,2020,2020-01-01,507000,254
USPS,2020,2020-08-13,502000,255
BLACKPINK_GlobalPressCon,2020,2020-06-26,500000,256
Messi,2020,2020-12-09,497000,257
HelloDearCHEN,2020,2020-10-15,496000,258
คนละทีเดียวกันEP1,2020,2020-09-18,495000,259
NFLDraft,2020,2020-04-24,494000,260
BidenHarris2020,2020,2020-11-08,494000,261
ariana,2020,2020-10-23,491000,262
Shame_on_CJ,2020,2020-01-22,490000,263
따뜻한_봄에_와줘서_고마워_제노야,2020,2020-04-22,490000,264
Electoral College,2020,2020-12-15,487000,265
Will Smith,2020,2020-07-11,485000,266
KohLanta2020,2020,2020-06-06,484000,267
Bolivia,2020,2020-10-19,484000,268
Bad Bunny,2020,2020-11-27,483000,269
母の日,2020,2020-05-10,481000,270
Punch2ndwin,2020,2020-05-29,478000,271
ONchallenge,2020,2020-02-21,477000,272
RUN_for_7,2020,2020-01-15,476000,273
BTSONHomeFest,2020,2020-03-31,476000,274
PLTPINKMONDAY,2020,2020-11-30,476000,275
UFC249,2020,2020-05-10,475000,276
アベマでヒプマイライブ,2020,2020-03-29,470000,277
Anonymuos,2020,2020-06-01,469000,278
OTGala4,2020,2020-02-10,468000,279
WelcomEXOPrincess,2020,2020-04-29,468000,280
NASCAR,2020,2020-06-11,466000,281
Naya,2020,2020-07-13,466000,282
بيروت,2020,2020-08-04,465000,283
YG_RESPECT_BLACKPINK,2020,2020-05-21,462000,284
NAMJOON,2020,2020-08-10,462000,285
OTGala5,2020,2020-02-17,461000,286
Lysol,2020,2020-04-24,458000,287
doyoung,2020,2020-10-16,458000,288
2020BTSFESTA,2020,2020-05-27,456000,289
ワニくん,2020,2020-03-20,452000,290
안녕_종대의_다정한_인사,2020,2020-10-15,449000,291
SpaceX,2020,2020-05-31,448000,292
OurHappinessKAI,2020,2020-01-13,444000,293
RM챌린지,2020,2020-09-12,444000,294
テレ東音楽祭,2020,2020-09-30,444000,295
Whindersson,2020,2020-04-29,443000,296
Mandetta,2020,2020-04-07,442000,297
GoodLuckSoldierChen,2020,2020-10-25,440000,298
ForaMaia,2020,2020-04-17,437000,299
NCTDREAM_BeyondLIVE,2020,2020-05-10,435000,300
POSITIONS,2020,2020-10-30,435000,301
Lipe,2020,2020-10-30,434000,302
猫の日,2020,2020-02-22,433000,303
Nelly,2020,2020-05-17,431000,304
90sLove1stwin,2020,2020-12-08,431000,305
BETTER BY ZAYN,2020,2020-09-25,429000,306
CHENHelloSingle,2020,2020-10-15,428000,307
6ix9ine,2020,2020-05-09,427000,308
BenvenutaLalisa,2020,2020-02-18,426000,309
KohLanta,2020,2020-05-01,425000,310
Israel,2020,2020-08-13,424000,311
Beloved_Spring_Xiumin,2020,2020-03-25,423000,312
yks2020,2020,2020-05-05,418000,313
ProvaDoFazendeiro,2020,2020-10-22,417000,314
sehidimizvar,2020,2020-02-28,415000,315
ليله_27,2020,2020-05-19,415000,316
CDTVライブライブ,2020,2020-12-21,414000,317
あなたのあなた,2020,2020-02-04,412000,318
Candy3rdWin,2020,2020-06-07,412000,319
SuperM_TigerInside,2020,2020-09-01,412000,320
OTGala2,2020,2020-01-27,410000,321
BarcaBayern,2020,2020-08-14,409000,322
TharnTypeXMewGulf,2020,2020-04-29,408000,323
Walls,2020,2020-01-31,407000,324
WeAreBulletproofTheEternal,2020,2020-06-11,407000,325
Juan Carlos,2020,2020-08-04,406000,326
İnfazda Adaletİstiyoruz,2020,2020-04-02,405000,327
KIMJONGUNDEAD,2020,2020-04-26,405000,328
TheLastDance,2020,2020-04-20,401000,329
bighit,2020,2020-11-10,401000,330
Haaland,2020,2020-02-19,399000,331
Marília,2020,2020-04-08,398000,332
DCFanDome,2020,2020-08-22,398000,333
SerOParecer2020,2020,2020-12-27,398000,334
Notoracism,2020,2020-12-09,397000,335
Aaron Gordon,2020,2020-02-16,396000,336
picpaynobbb,2020,2020-03-08,396000,337
Guilherme,2020,2020-03-02,395000,338
คั่นกูEP4,2020,2020-03-13,392000,339
BETODAY,2020,2020-11-19,392000,340
いい推しの日,2020,2020-11-04,391000,341
RainOnMe,2020,2020-05-22,390000,342
KaiHotDebutDay,2020,2020-11-30,388000,343
Somos57MILHOES,2020,2020-05-31,385000,344
yoongi,2020,2020-04-15,383000,345
AylinSözer,2020,2020-12-29,383000,346
Mitch McConnell,2020,2020-12-29,382000,347
Jesus,2020,2020-04-15,378000,348
OTGala12,2020,2020-06-03,374000,349
อนุทิน,2020,2020-03-26,373000,350
SecondLookAt7,2020,2020-02-10,372000,351
センター試験,2020,2020-01-18,371000,352
Boris Johnson,2020,2020-03-27,370000,353
Elliot,2020,2020-12-02,370000,354
Adele,2020,2020-05-06,368000,355
chanyeol,2020,2020-10-29,368000,356
Erica,2020,2020-09-06,367000,357
İzmir,2020,2020-10-30,367000,358
7isComing,2020,2020-01-07,365000,359
BLACKPINKISCOMING,2020,2020-06-10,365000,360
DynamiteToday,2020,2020-08-21,365000,361
DAYTONA500,2020,2020-02-17,361000,362
石原さとみ,2020,2020-10-01,361000,363
MementoMori,2020,2020-11-14,361000,364
태용이의_사랑은_툥프들이_알아,2020,2020-06-17,360000,365
Biden - 264,2020,2020-11-06,360000,366
STFVergonhaNacional,2020,2020-05-27,359000,367
PRIDE2020,2020,2020-06-01,359000,368
skyforyoongi,2020,2020-11-07,358000,369
hobi,2020,2020-06-24,354000,370
ShehnaazKaurGill,2020,2020-06-14,353000,371
RIPMamba,2020,2020-01-27,352000,372
EndPoliceBrutalitynow,2020,2020-10-09,352000,373
WelcomeBackHanbin,2020,2020-01-02,350000,374
BLACK_LIVES_MATTERS,2020,2020-05-31,350000,375
OnMeBySEHUN,2020,2020-07-09,350000,376
InternationalWomensDay,2020,2020-03-08,348000,377
Teich,2020,2020-05-15,348000,378
IThinkILoveJBDay,2020,2020-01-05,346000,379
Abner,2020,2020-04-01,346000,380
MothersDay,2020,2020-05-10,346000,381
Chelsea,2020,2020-07-11,345000,382
Varane,2020,2020-08-07,345000,383
UnusAnnus,2020,2020-11-14,345000,384
DireitaRaizÉBolsonaro,2020,2020-04-30,344000,385
15Temmuz,2020,2020-07-15,344000,386
CHANYEOL,2020,2020-07-12,343000,387
chan,2020,2020-11-08,340000,388
Rudy,2020,2020-11-19,340000,389
evermorealbum,2020,2020-12-11,338000,390
BTSdiTokopediaWIB,2020,2020-07-29,336000,391
ThirdLookAt7,2020,2020-02-11,335000,392
GeorgeFloyd,2020,2020-05-27,334000,393
X1Flash_1억뷰를축하해,2020,2020-07-26,333000,394
Goodyear,2020,2020-08-19,333000,395
OKgenerationparty,2020,2020-12-08,333000,396
BolsonaroFicaCalado,2020,2020-01-03,332000,397
Sandy,2020,2020-04-22,332000,398
BTS PAVED THE WAY,2020,2020-09-13,331000,399
Labor Day,2020,2020-09-07,330000,400
NOTBYTHEMOON3rdWin,2020,2020-05-01,329000,401
OscarNoms,2020,2020-01-13,328000,402
Raissa,2020,2020-11-27,328000,403
GFVIP,2020,2020-12-29,328000,404
Corinthians,2020,2020-08-09,327000,405
FairTreatmentForGOT7,2020,2020-07-06,327000,406
StrayKids_Beyond_LIVE,2020,2020-11-22,327000,407
Lakers,2020,2020-07-31,326000,408
HOLDWINNER,2020,2020-03-26,325000,409
Bogotá,2020,2020-09-10,325000,410
ポケモン,2020,2020-09-29,325000,411
Sterling,2020,2020-08-16,324000,412
SuperBowl,2020,2020-02-02,323000,413
犬夜叉,2020,2020-05-09,323000,414
LuanLoveEmCasa,2020,2020-06-14,323000,415
jennie,2020,2020-09-29,323000,416
半沢直樹,2020,2020-09-27,322000,417
Unlock_GOLIVEINLIFE,2020,2020-11-22,322000,418
Sara Winter,2020,2020-08-17,320000,419
Michael,2020,2020-07-16,319000,420
Marco,2020,2020-07-25,319000,421
KobeFarewell,2020,2020-02-24,317000,422
マスク2枚,2020,2020-04-01,317000,423
岡江さん,2020,2020-04-23,317000,424
BirakmamSeni,2020,2020-08-10,317000,425
CoronavirusLockdown,2020,2020-03-24,316000,426
GivingTuesday,2020,2020-12-02,316000,427
HAPPYDOYOUNGDAY,2020,2020-01-31,315000,428
Verzuz,2020,2020-09-14,315000,429
Packers,2020,2020-01-13,312000,430
รัฐบาลส้นตีนคนเชียร์ก็ส้นตีน,2020,2020-07-14,312000,431
Michelle Obama,2020,2020-08-18,312000,432
BBB20,2020,2020-01-19,310000,433
Anomymousbrasil,2020,2020-06-03,310000,434
IowaCaucuses,2020,2020-02-04,308000,435
อกเกือบหักEP11,2020,2020-05-26,308000,436
SosyalMedyamaDOKUNMA,2020,2020-07-01,308000,437
BTSWORLDDOMINATION,2020,2020-03-03,307000,438
UFC248,2020,2020-03-08,307000,439
Fantopia2020,2020,2020-11-21,307000,440
格付けチェック,2020,2020-01-01,306000,441
続お年玉,2020,2020-01-19,306000,442
Nobel,2020,2020-09-09,305000,443
Cristiano,2020,2020-08-07,304000,444
OTGala6,2020,2020-02-24,303000,445
الهلال_النصر,2020,2020-08-05,303000,446
Manchester,2020,2020-10-20,303000,447
Henrique,2020,2020-04-20,301000,448
検察庁法改正案の強行採決に反対します,2020,2020-05-15,301000,449
BTSxMMA,2020,2020-12-05,299000,450
Caroline Flack,2020,2020-02-16,298000,451
OTGala8,2020,2020-03-09,298000,452
JusticePourAdama,2020,2020-06-02,298000,453
VMAs,2020,2020-07-30,298000,454
hatayyaniyor,2020,2020-10-10,298000,455
ห้องข่าวบันเทิงxMEW,2020,2020-06-25,297000,456
YG_TreatJisooBetter,2020,2020-07-26,297000,457
23NisanKutluOlsun,2020,2020-04-23,296000,458
Biel,2020,2020-10-16,296000,459
GabineteDaPeppa,2020,2020-04-28,295000,460
贈金10万円を203名に,2020,2020-09-04,293000,461
Chris Evans,2020,2020-09-13,292000,462
อินสาริน,2020,2020-04-30,291000,463
ShameOnMumbaiPolice,2020,2020-07-30,291000,464
PremiumMusic2020,2020,2020-03-25,290000,465
FreePalestine,2020,2020-01-29,289000,466
ProudOfLouis,2020,2020-07-11,288000,467
SanchezVeteYa,2020,2020-04-18,287000,468
BTS IS 7,2020,2020-08-13,287000,469
Vina2020,2020,2020-02-24,286000,470
HinduUnitedAgainstTerror,2020,2020-06-14,286000,471
BackDoor2ndWin,2020,2020-09-24,285000,472
Mステ,2020,2020-07-24,284000,473
OTYoMeQuedoEnCasa,2020,2020-03-16,284000,474
コナン,2020,2020-04-10,283000,475
Mahomes,2020,2020-07-07,283000,476
BTSonGMA,2020,2020-11-23,283000,477
Brits2020,2020,2020-02-19,282000,478
OurLightChangbinDay,2020,2020-08-10,282000,479
스무살_이희승_반짝일순간,2020,2020-10-14,282000,480
MaiaTemQueSair,2020,2020-04-26,281000,481
NCT 2020,2020,2020-09-15,281000,482
MewGulfxGojekThailand,2020,2020-09-16,281000,483
日本レコード大賞,2020,2020-12-30,281000,484
I NEED U,2020,2020-12-18,279000,485
Scott,2020,2020-04-02,277000,486
とまらないホロライブ,2020,2020-01-24,274000,487
macron20h,2020,2020-03-12,274000,488
샤이니는_12년째_빛나는중,2020,2020-05-24,273000,489
AFazanda12,2020,2020-10-30,273000,490
Lazada99THxWin,2020,2020-09-02,272000,491
911video,2020,2020-09-18,272000,492
पधारो_राम_अयोध्या_धाम,2020,2020-08-05,271000,493
나훈아,2020,2020-09-30,271000,494
RIPTwitter,2020,2020-03-05,269000,495
恋つづ,2020,2020-03-17,268000,496
JantaCurfew,2020,2020-03-22,268000,497
にじさんじ甲子園,2020,2020-08-16,268000,498
安倍やめろ,2020,2020-02-29,267000,499
都知事選を史上最大の投票率にしよう,2020,2020-07-05,267000,500
Heat,2020,2020-09-28,267000,501
いいおしりの日,2020,2020-11-04,267000,502
LaCasaDePapel4,2020,2020-04-03,266000,503
Jerry Stiller,2020,2020-05-11,266000,504
WE LOVE YOU LISA,2020,2020-10-22,266000,505
ProvaDeResistencia,2020,2020-03-21,265000,506
Drew Brees,2020,2020-06-03,265000,507
Veterans Day,2020,2020-11-11,265000,508
GolpeDeEstadoK,2020,2020-09-02,264000,509
AngelJennieDay,2020,2020-01-15,263000,510
quartobranco,2020,2020-03-07,263000,511
FreeFireHotShotParty,2020,2020-08-29,263000,512
Colombia,2020,2020-11-18,263000,513
ButecoBohemiaEmCasa,2020,2020-04-12,260000,514
Eid Mubarak,2020,2020-05-23,260000,515
Leeds,2020,2020-09-12,260000,516
KaiAtGucciFW,2020,2020-01-14,258000,517
OurShiningHyukaDay,2020,2020-08-13,258000,518
WE LOVE YOU LOUIS,2020,2020-05-20,257000,519
CantYouSeeMe1stWin,2020,2020-05-26,257000,520
JYPE_ManageGOT7Properly,2020,2020-07-08,257000,521
AllahDoesNotNeedQurbani,2020,2020-07-29,257000,522
Mateus,2020,2020-10-23,257000,523
Oaxaca,2020,2020-06-23,255000,524
FourthLookAt7,2020,2020-02-12,254000,525
Vanessa Bryant,2020,2020-02-24,254000,526
Marcha8M,2020,2020-03-09,254000,527
Easter,2020,2020-03-25,254000,528
SM_이태용_지켜,2020,2020-04-29,254000,529
STUCKWITHU,2020,2020-05-08,254000,530
TrumpDictatorship,2020,2020-06-02,254000,531
ForaDaniel,2020,2020-03-23,253000,532
DalitLivesMatter,2020,2020-10-02,253000,533
ArnabIsBack,2020,2020-11-11,253000,534
Regina Duarte,2020,2020-05-08,252000,535
Sean Connery,2020,2020-10-31,252000,536
Prince Charles,2020,2020-03-25,251000,537
Lonely,2020,2020-10-16,250000,538
BTS_OF_THE_DAY,2020,2020-04-13,247000,539
Rashford,2020,2020-10-29,247000,540
リスト,2020,2020-02-06,246000,541
Thiaguinho,2020,2020-04-24,246000,542
HistoryMakerV,2020,2020-05-25,246000,543
TREASURE_ON_INKIGAYO,2020,2020-08-09,246000,544
RamarajuForBheem,2020,2020-10-22,246000,545
Ryan Newman,2020,2020-02-18,245000,546
中秋の名月,2020,2020-10-01,245000,547
África,2020,2020-03-17,244000,548
SOUR CANDY IS COMING,2020,2020-05-28,244000,549
サーターンサーターン,2020,2020-09-17,243000,550
WorldHealthDay,2020,2020-04-07,242000,551
岡江久美子さん,2020,2020-04-23,242000,552
UFC250,2020,2020-06-07,242000,553
BTSISCOMING,2020,2020-07-26,242000,554
Corona,2020,2020-03-11,241000,555
ITZY_WANNABE,2020,2020-03-09,240000,556
MemorialDay,2020,2020-05-25,240000,557
chatwithmark,2020,2020-07-26,240000,558
BrightWinInboxEP5,2020,2020-09-29,240000,559
KEXOL_DONT_REPRESENT_ME,2020,2020-01-16,239000,560
DEFENDAOLIVRO,2020,2020-08-11,239000,561
竹内結子さん,2020,2020-09-27,239000,562
ไม่รักไม่ลงMV,2020,2020-10-01,239000,563
กราดยิงปล้นร้านทอง,2020,2020-01-09,238000,564
คั่นกูEP3,2020,2020-03-06,238000,565
GOLDEN IS COMING,2020,2020-10-20,237000,566
Friday the 13th,2020,2020-11-13,237000,567
COVID2019,2020,2020-03-09,236000,568
キンスパ,2020,2020-05-30,235000,569
RishiKapoor,2020,2020-04-30,234000,570
Anfield,2020,2020-03-12,233000,571
March Madness,2020,2020-03-12,232000,572
InsecureHBO,2020,2020-06-15,232000,573
Mattis,2020,2020-06-03,232000,574
OurAngelJEONGHANday,2020,2020-10-03,232000,575
MステウルトラSUPERLIVE,2020,2020-12-25,232000,576
Tear,2020,2020-05-26,231000,577
Neil Peart,2020,2020-01-11,230000,578
Megan,2020,2020-07-15,230000,579
Lebron,2020,2020-07-31,230000,580
CantBlockRepublic,2020,2020-09-11,230000,581
Luiza,2020,2020-09-23,230000,582
BNK48GeneralElection,2020,2020-04-19,229000,583
Samanta,2020,2020-07-06,229000,584
SixTONESANN,2020,2020-12-20,229000,585
STAY2getherWithSKZ,2020,2020-07-31,229000,586
BTS_Dynamite_ONEword,2020,2020-08-19,229000,587
FicaManu,2020,2020-04-22,228000,588
clapforNHS,2020,2020-03-26,227000,589
純黒の悪夢,2020,2020-04-10,227000,590
OurShiningLightDahyun,2020,2020-05-27,227000,591
Roger Stone,2020,2020-07-11,227000,592
Cristiano Ronaldo,2020,2020-09-08,227000,593
AWKJSJFKSJFLA,2020,2020-02-01,226000,594
HeartbreakWeather,2020,2020-03-13,226000,595
JEON JUNGKOOK,2020,2020-05-02,226000,596
الاخبار_الحلوه,2020,2020-05-26,226000,597
Juneteenth,2020,2020-06-19,226000,598
Emmy,2020,2020-07-28,226000,599
lightsforlouis,2020,2020-12-23,226000,600
KBSGayoDaechukje,2020,2020-12-18,225000,601
SASUKE,2020,2020-12-29,225000,602
Chinese Virus,2020,2020-03-17,223000,603
SummerSlam,2020,2020-08-24,222000,604
MUNTOT,2020,2020-10-04,222000,605
DAISIES,2020,2020-05-15,221000,606
Tati,2020,2020-06-30,221000,607
Ghislaine Maxwell,2020,2020-07-02,221000,608
レディ・プレイヤー1,2020,2020-07-03,221000,609
外出自粛要請,2020,2020-03-26,220000,610
東京都,2020,2020-07-02,220000,611
Bitcoin,2020,2020-07-15,220000,612
Usman,2020,2020-07-12,219000,613
jaehyun,2020,2020-08-04,219000,614
DynaNite,2020,2020-09-26,219000,615
Sismo,2020,2020-06-23,218000,616
nhkらじらー,2020,2020-08-22,217000,617
coronapocalypse,2020,2020-03-14,217000,618
cemalcancanseven,2020,2020-07-14,217000,619
MinimalWarmByLOEY,2020,2020-11-01,217000,620
İnfazdaEşitlikİstiyoruz,2020,2020-03-25,216000,621
YKSErteleVirüsüYayma,2020,2020-05-07,216000,622
東京100人,2020,2020-07-02,216000,623
Maguire,2020,2020-10-04,215000,624
Everton,2020,2020-10-17,214000,625
ARMYMissesBTS,2020,2020-03-17,213000,626
Cinco de Mayo,2020,2020-05-05,213000,627
عيد_الفطر_المبارك,2020,2020-05-23,213000,628
AmericaOrTrump,2020,2020-06-02,213000,629
Laycon,2020,2020-08-09,212000,630
에리랑_같이걷자_종대야,2020,2020-01-15,211000,631
justicapormiguel,2020,2020-06-04,211000,632
ポケモンスナップ,2020,2020-06-17,211000,633
Snoop,2020,2020-07-23,211000,634
PlayStation5,2020,2020-09-17,210000,635
MyMy,2020,2020-06-11,210000,636
BTSCarpoolKaraoke,2020,2020-02-26,209000,637
VizagGasLeak,2020,2020-05-07,209000,638
GetWellSoonTaeyong,2020,2020-06-26,209000,639
Nick Cannon,2020,2020-07-15,209000,640
Tom Brady,2020,2020-03-17,208000,641
LalisaMaNoBang,2020,2020-01-20,207000,642
虹ヶ咲,2020,2020-10-03,207000,643
Bond,2020,2020-10-31,206000,644
Seahawks,2020,2020-01-13,205000,645
COVID19Pandemic,2020,2020-04-02,205000,646
HelenoJaTaNaHora,2020,2020-05-22,205000,647
Brady,2020,2020-09-14,205000,648
BellLetsTalk,2020,2020-01-29,204000,649
Celtics,2020,2020-09-12,204000,650
ディズニー,2020,2020-02-28,204000,651
dirgahayuindonesia,2020,2020-08-17,204000,652
HBDtoHYUNGWON,2020,2020-01-14,203000,653
AmericaNeedsYang,2020,2020-01-15,203000,654
MerinoAsesino,2020,2020-11-15,203000,655
namjoon,2020,2020-11-28,203000,656
basic,2020,2020-03-15,201000,657
Feliz Páscoa,2020,2020-04-12,201000,658
Happy19thJunhoDay,2020,2020-07-08,200000,659
OurTreasureJunkyuDay,2020,2020-09-08,200000,660
スーパームーン,2020,2020-04-07,199000,661
Emman,2020,2020-08-16,199000,662
MTVMIAW2020,2020,2020-09-25,199000,663
MMKYouCHEERMeUp,2020,2020-02-22,197000,664
TROPA DO PRIOR,2020,2020-03-26,196000,665
1MAYIS,2020,2020-05-01,196000,666
リアルToy2_Day1,2020,2020-10-03,196000,667
BrightWinInboxEP6,2020,2020-10-12,196000,668
BTSTOUR2020,2020,2020-01-21,195000,669
DIVEwithiKON,2020,2020-02-06,195000,670
ミリオンLIVE一挙放送day11,2020,2020-06-14,195000,671
Tocame,2020,2020-07-10,195000,672
MONSTAX,2020,2020-02-11,194000,673
CHEMUN,2020,2020-02-17,194000,674
臨時休校,2020,2020-02-27,194000,675
SPBalasubrahmanyam,2020,2020-09-25,194000,676
BLACKPINKatKYOCERADOME_D1,2020,2020-01-04,193000,677
Marí,2020,2020-01-25,193000,678
Amici19,2020,2020-03-14,193000,679
RahatIndori,2020,2020-08-11,193000,680
Desmond Elliot,2020,2020-10-29,193000,681
BVBPSG,2020,2020-02-19,192000,682
salvemabelparameninas,2020,2020-05-20,192000,683
arrestamishdevgan,2020,2020-06-16,192000,684
Wendy,2020,2020-08-18,192000,685
Fenerbahçe,2020,2020-12-23,192000,686
WonhoIsAlmostHome,2020,2020-03-14,190000,687
DisneyFamilySingalong,2020,2020-04-17,190000,688
OurLiuYangyangDay,2020,2020-10-09,190000,689
刘扬扬1010生日快乐,2020,2020-10-09,190000,690
OurAceHeeseung,2020,2020-10-14,190000,691
風神雷神お出迎え,2020,2020-03-06,189000,692
IrfanKhan,2020,2020-04-29,189000,693
Johnny,2020,2020-07-30,189000,694
Vote2020,2020,2020-11-03,189000,695
SakuraBlossomDay,2020,2020-03-18,188000,696
TrumpIsNotWell,2020,2020-06-14,188000,697
Sony,2020,2020-09-17,188000,698
LIVATL,2020,2020-03-12,187000,699
RoçaAFazenda,2020,2020-10-14,187000,700
HAPPY_for_TAEYEON,2020,2020-05-04,186000,701
JusticeForUwa,2020,2020-05-31,186000,702
John Cena,2020,2020-09-30,186000,703
Always_With_TWICE,2020,2020-01-06,185000,704
PromisebyJimin200M,2020,2020-01-27,185000,705
卒業式,2020,2020-02-27,185000,706
ALittleThing,2020,2020-05-20,185000,707
RespectMAMAMOO,2020,2020-07-11,185000,708
Tyler Herro,2020,2020-09-24,184000,709
OTGala11,2020,2020-05-27,183000,710
ThankYouHaikyuu,2020,2020-07-19,183000,711
14YearsWithBIGBANG,2020,2020-08-18,183000,712
ripchadwickboseman,2020,2020-08-29,183000,713
OTGala3,2020,2020-02-02,182000,714
ประยุทธ์ออกไป,2020,2020-03-16,182000,715
ALDUBTamangPanahonRewind,2020,2020-05-30,182000,716
Steve King,2020,2020-06-03,182000,717
GlobalLiveFMxOffGun,2020,2020-06-06,182000,718
BrightWinInboxEP4,2020,2020-09-15,181000,719
LaIslaDeLasTentaciones7,2020,2020-01-31,180000,720
風ちゃんおみくじ,2020,2020-03-06,180000,721
GreysAnatomy,2020,2020-11-13,180000,722
만우절,2020,2020-03-31,180000,723
Harden,2020,2020-09-03,180000,724
Raptors,2020,2020-09-10,180000,725
Toobin,2020,2020-10-20,180000,726
Vikings,2020,2020-01-12,179000,727
テセウスの船,2020,2020-03-22,179000,728
Chen,2020,2020-04-29,179000,729
CountdownToMars,2020,2020-07-30,179000,730
ThankYouJimin,2020,2020-01-23,178000,731
BBBB20,2020,2020-03-11,178000,732
Happy Holi,2020,2020-03-10,178000,733
Anitta,2020,2020-04-22,178000,734
KejutanTokopediaWIB,2020,2020-09-09,178000,735
StandWithUmarKhalid,2020,2020-09-14,178000,736
成人式,2020,2020-01-12,177000,737
LaIslaDeLasTentaciones3,2020,2020-01-17,177000,738
ซ่อนเงารักep9,2020,2020-01-26,177000,739
一般男性,2020,2020-10-01,177000,740
Braves,2020,2020-10-19,177000,741
coronaravirus,2020,2020-01-30,176000,742
Midnight,2020,2020-04-08,176000,743
IrrfanKhan,2020,2020-04-29,176000,744
grimes,2020,2020-05-05,176000,745
鬼滅の刃,2020,2020-10-10,176000,746
シャニマスMUSICDAWNday2,2020,2020-11-01,176000,747
OurHappinessJISOODay,2020,2020-01-02,175000,748
RTXOn,2020,2020-02-17,175000,749
드림에게도_소중한_꿈,2020,2020-03-10,175000,750
Jorge e Mateus,2020,2020-04-04,175000,751
Macron20h02,2020,2020-04-13,175000,752
BB22,2020,2020-08-06,175000,753
iPhone 12,2020,2020-10-13,175000,754
G Eazy,2020,2020-02-03,174000,755
打首生配信,2020,2020-02-29,174000,756
AfterHours,2020,2020-03-20,174000,757
calminkirkland,2020,2020-06-02,174000,758
ValentinesDay2020,2020,2020-02-14,173000,759
WhiteLivesMatter,2020,2020-06-03,173000,760
อกเกือบหักEP14,2020,2020-06-08,173000,761
HappyDussehra,2020,2020-10-25,173000,762
Ravens,2020,2020-01-12,172000,763
Even_of_Day,2020,2020-08-31,172000,764
BBBB2O20,2020,2020-02-07,171000,765
Daniel Radcliffe,2020,2020-06-09,171000,766
MusaOrhanTutuklansın,2020,2020-08-18,171000,767
UCLfinal,2020,2020-08-23,171000,768
나비와고양이_호아이팅,2020,2020-05-07,170000,769
アーモンドアイ,2020,2020-11-29,170000,770
RIPRBG,2020,2020-09-19,170000,771
127Day,2020,2020-01-26,169000,772
EvindeKalTürkiye,2020,2020-03-16,169000,773
DerreteMBL,2020,2020-04-27,169000,774
RUN ARMY ON SOBA,2020,2020-06-28,169000,775
Murray,2020,2020-09-25,169000,776
KAI_MmmhOutNow,2020,2020-11-30,169000,777
LockdownHouseParty,2020,2020-04-04,168000,778
Pixote,2020,2020-04-21,168000,779
PatriotasComBolsonaro,2020,2020-05-18,168000,780
JUSTICEFORJAE,2020,2020-06-30,168000,781
8yearsofFifthHarmony,2020,2020-07-27,168000,782
Bills,2020,2020-10-20,168000,783
MissAmericana,2020,2020-01-31,167000,784
ProtectNayeon,2020,2020-07-02,167000,785
BTSxUNGA,2020,2020-09-23,167000,786
ジェルくん誕生祭2020,2020,2020-07-27,166000,787
OurTreasureAsahiDay,2020,2020-08-19,166000,788
ILAND_EP8,2020,2020-08-21,166000,789
Spurs,2020,2020-10-04,166000,790
Carrefour,2020,2020-11-20,166000,791
ハッピーハロウィン,2020,2020-10-31,165000,792
Lidi,2020,2020-11-25,165000,793
PLASTICHEARTS,2020,2020-11-27,165000,794
The Weeknd,2020,2020-03-20,164000,795
EveryDateWithMark,2020,2020-04-13,164000,796
Azerbaycan,2020,2020-09-27,164000,797
2YearsWithSOLOistJNK,2020,2020-11-11,164000,798
Moderna,2020,2020-11-16,164000,799
Adrian,2020,2020-03-12,163000,800
ドリームマッチ2020,2020,2020-04-11,163000,801
Nicki,2020,2020-04-29,163000,802
AnnelerGünü,2020,2020-05-10,163000,803
2020Vision,2020,2020-07-05,163000,804
Pam Bondi,2020,2020-01-28,162000,805
QuarantineLife,2020,2020-03-16,162000,806
CuarentenaNacional,2020,2020-03-18,162000,807
Frozen,2020,2020-04-30,162000,808
NationalVoterRegistrationDay,2020,2020-09-22,162000,809
EifelGP,2020,2020-10-11,162000,810
YTFF2020,2020,2020-10-11,162000,811
無観客,2020,2020-02-26,161000,812
Tiago Iorc,2020,2020-07-15,161000,813
1YearWithScenery,2020,2020-01-30,160000,814
AtinySelcaDay,2020,2020-04-21,160000,815
THANKYOUBTS,2020,2020-06-08,160000,816
JaiShreeRam,2020,2020-08-05,160000,817
Investidura,2020,2020-01-07,159000,818
BBBB2000,2020,2020-02-08,159000,819
Klobuchar,2020,2020-02-12,159000,820
OurDreamTHE8day,2020,2020-11-06,159000,821
TXT_EternityConceptTrailer,2020,2020-04-28,158000,822
برشلونه_ميونخ,2020,2020-08-14,158000,823
IAmSushant,2020,2020-08-30,158000,824
ASTRO_Knock1stWin,2020,2020-05-13,157000,825
GoodFriday,2020,2020-04-10,156000,826
BolsonaroTrabalhaPeloPovo,2020,2020-05-24,156000,827
24_365_WITH_BLACKPINK,2020,2020-06-13,156000,828
X Æ A-12,2020,2020-05-05,155000,829
DireitaComBolsonaro,2020,2020-05-09,155000,830
ARMY_apologize,2020,2020-08-04,155000,831
CHENxDynamicDuo_You,2020,2020-01-23,154000,832
Budget2020,2020,2020-02-01,154000,833
BrightestMinaDay,2020,2020-03-23,154000,834
jongdae,2020,2020-04-29,154000,835
JusticeForGeorgeFlyod,2020,2020-05-30,154000,836
MyYouthWONWOOday,2020,2020-07-16,154000,837
OurAuroraHongjoongDay,2020,2020-11-06,154000,838
ARSD,2020,2020-11-30,154000,839
SBLIV,2020,2020-02-02,153000,840
21daylockdown,2020,2020-03-25,153000,841
佐々木希,2020,2020-06-10,153000,842
الغاء_الاختبارات,2020,2020-04-16,152000,843
Goya,2020,2020-07-10,152000,844
7DREAMisCOMING,2020,2020-09-22,152000,845
Tyson,2020,2020-11-29,152000,846
私を構成する5つのマンガ,2020,2020-03-24,151000,847
プロトマーリン,2020,2020-09-23,151000,848
sesimizekulakverborsaistanbul,2020,2020-03-15,150000,849
Carti,2020,2020-12-25,150000,850
こえていくホロライブSTAGE2,2020,2020-12-22,150000,851
アニナナ,2020,2020-04-05,149000,852
Eric,2020,2020-08-02,149000,853
Rafael Portugal,2020,2020-04-08,148000,854
MayThe4thBeWithYou,2020,2020-05-04,148000,855
ApologizeToJennie,2020,2020-08-23,148000,856
카이_음_뮤비공개,2020,2020-11-30,148000,857
SB19onMYXLive,2020,2020-01-23,147000,858
25aprile,2020,2020-04-25,147000,859
BTSARMY SOBA DOMINATION,2020,2020-06-30,147000,860
KappaNoVasco,2020,2020-08-04,147000,861
戸田恵梨香,2020,2020-12-10,147000,862
ChenWeLoveYou,2020,2020-02-19,146000,863
Idris Elba,2020,2020-03-16,146000,864
JENNIE,2020,2020-06-25,146000,865
AmericasGreatestMistake,2020,2020-07-25,146000,866
HappyBirthdayNiall,2020,2020-09-13,146000,867
النصر_الاهلي,2020,2020-09-30,145000,868
coronapocolypse,2020,2020-03-16,145000,869
EuApoioBolsonaro,2020,2020-04-27,145000,870
Ömer Döngeloğlu,2020,2020-05-03,145000,871
IndiaChinaFaceOff,2020,2020-06-16,145000,872
世界猫の日,2020,2020-08-08,145000,873
MayDay,2020,2020-05-01,144000,874
عيد_مبارك,2020,2020-05-24,144000,875
SB19STELL_MENPA,2020,2020-08-16,144000,876
Happy818KwonJiyong,2020,2020-08-17,144000,877
TuscanGP,2020,2020-09-13,144000,878
ToyotaDriveEconomy,2020,2020-09-24,144000,879
Jorge,2020,2020-05-02,143000,880
MustKnow_RealAgeOfGods,2020,2020-07-19,143000,881
SalarioRosa,2020,2020-10-03,143000,882
Semedo,2020,2020-08-14,143000,883
manu,2020,2020-08-21,143000,884
MakeAWish100M,2020,2020-11-11,143000,885
방탄_골디음원대상_축하해,2020,2020-01-04,142000,886
NeoZoneOUTNOW,2020,2020-03-06,142000,887
100WaysWithJackson,2020,2020-03-20,142000,888
Klay,2020,2020-11-19,142000,889
CHANGES,2020,2020-02-14,141000,890
春休み,2020,2020-02-27,141000,891
COVIDIOTS,2020,2020-03-23,141000,892
LetsLove2ndWin,2020,2020-04-11,141000,893
Aqours4th上映会,2020,2020-06-06,141000,894
Dame,2020,2020-08-14,140000,895
30AgustosZaferBayrami,2020,2020-08-30,140000,896
DiaperDon,2020,2020-11-27,140000,897
큰성공_콘서트_취소말고_연기해,2020,2020-02-28,139000,898
Rusia,2020,2020-08-11,139000,899
Susan B. Anthony,2020,2020-08-18,139000,900
HatayiPkkYakti,2020,2020-10-10,139000,901
8martdunyakadinlargunu,2020,2020-03-08,138000,902
화이트데이,2020,2020-03-13,138000,903
ForaBolsonaro,2020,2020-03-19,138000,904
外出自粛,2020,2020-03-25,138000,905
ProtectVico,2020,2020-04-01,138000,906
ليله_٢٩,2020,2020-05-22,138000,907
Aunt Jemima,2020,2020-06-17,138000,908
花澤香菜,2020,2020-07-08,138000,909
River,2020,2020-10-01,138000,910
Hugo,2020,2020-10-29,138000,911
RoyalRumble,2020,2020-01-27,137000,912
ابها_الهلال,2020,2020-01-31,137000,913
恵方巻き,2020,2020-02-03,137000,914
MSSP無観客ライブ生配信,2020,2020-03-04,137000,915
Coachella,2020,2020-03-10,137000,916
20yaş,2020,2020-04-03,137000,917
Snyder,2020,2020-05-20,137000,918
百の夢,2020,2020-10-30,137000,919
APAN RIGGED AWARD SHOW,2020,2020-11-26,137000,920
PremiumMusic特別編,2020,2020-05-30,136000,921
ExtremeRules,2020,2020-07-20,136000,922
INCEPTION1stwin,2020,2020-08-04,136000,923
Ortega Smith,2020,2020-03-10,135000,924
ciddiyealın,2020,2020-03-18,135000,925
SKZ_ALLIN_MV,2020,2020-10-20,135000,926
SurvivorSeries,2020,2020-11-23,135000,927
Maroon5,2020,2020-02-28,134000,928
잘생긴_김석진_대회,2020,2020-04-30,134000,929
VERZUZ,2020,2020-05-24,134000,930
KIM NAMJOON,2020,2020-07-11,134000,931
Bucks,2020,2020-09-05,134000,932
4DaysBEforeBE,2020,2020-11-15,134000,933
嫌いボタン,2020,2020-11-18,134000,934
GoPackGo,2020,2020-01-13,133000,935
KIM TAEHYUNG,2020,2020-07-01,133000,936
ARMSHARE,2020,2020-10-07,133000,937
quarentEMO,2020,2020-04-18,132000,938
VivaTaiwan,2020,2020-05-26,132000,939
Ebola,2020,2020-06-01,132000,940
T-Mobile,2020,2020-06-16,132000,941
TheMandalorian,2020,2020-12-18,132000,942
terhislerdurdurulmasın,2020,2020-04-14,131000,943
HTGAWMFinale,2020,2020-05-15,131000,944
星5配布,2020,2020-04-25,130000,945
AEWDoN,2020,2020-05-24,130000,946
HYLT6thWin,2020,2020-07-12,130000,947
Lauren,2020,2020-10-29,130000,948
영원한햇살_영현아_생일축하해,2020,2020-12-18,130000,949
njwk14,2020,2020-01-04,129000,950
WorldCancerDay,2020,2020-02-04,129000,951
CoronaVirusUpdates,2020,2020-03-14,129000,952
5Baje5Minute,2020,2020-03-22,129000,953
AmericaConTrump,2020,2020-06-03,129000,954
PACMAN_IS_HERE,2020,2020-07-06,129000,955
StaySelcaDay,2020,2020-07-08,129000,956
MewXVlive,2020,2020-07-21,129000,957
CELINEAmbassadorLisa,2020,2020-09-22,129000,958
Scotland,2020,2020-11-12,129000,959
cedar rapids,2020,2020-11-27,129000,960
JO1,2020,2020-12-02,129000,961
魔女の宅急便,2020,2020-03-27,128000,962
甲子園,2020,2020-05-20,128000,963
おうちでメトロック,2020,2020-05-23,128000,964
ROSÉ SOLO,2020,2020-05-27,128000,965
DerreteJoice,2020,2020-06-14,128000,966
VetoTerrorBilllNow,2020,2020-07-03,128000,967
คนนั้นต้องเป็นเธอ2M,2020,2020-09-21,128000,968
케이팝_어벤져스_슈퍼엠_돌잔치,2020,2020-10-03,128000,969
Corbyn,2020,2020-10-29,128000,970
taeyeon,2020,2020-12-27,128000,971
ももいろ歌合戦,2020,2020-12-31,128000,972
JennieDeservesBetter,2020,2020-01-14,127000,973
プリコネ,2020,2020-02-13,127000,974
พรกฉุกเฉิน,2020,2020-04-27,127000,975
Neyday,2020,2020-08-18,127000,976
Lil Jon,2020,2020-04-05,126000,977
GivingTuesdayNow,2020,2020-05-05,126000,978
maisa,2020,2020-05-22,126000,979
Skate 4,2020,2020-06-19,126000,980
Drake,2020,2020-07-17,126000,981
سلامتك_يا_ابوفهد,2020,2020-07-20,126000,982
OurSummerHwasa,2020,2020-07-22,126000,983
AlwaysProud,2020,2020-07-27,126000,984
仮面ライダーセイバー,2020,2020-09-06,126000,985
UFCFightIsland5,2020,2020-10-11,126000,986
KAIxHyundaiLIVE,2020,2020-11-01,126000,987
StupidLove,2020,2020-02-28,125000,988
KindButNotSoft,2020,2020-04-22,125000,989
Lincoln,2020,2020-10-01,125000,990
EliminaçãoAFazenda,2020,2020-12-16,125000,991
Clemson,2020,2020-01-14,124000,992
LaIslaDeLasTentaciones9,2020,2020-02-07,124000,993
Cowboys,2020,2020-04-24,124000,994
CRUSHxJOY_Mayday,2020,2020-05-20,124000,995
BlueHourMediaShowcase,2020,2020-10-26,124000,996
GetWellSoonJisung,2020,2020-11-04,124000,997
ベSTアーティST,2020,2020-11-25,124000,998
Valverde,2020,2020-01-10,123000,999
ابو قحط,2020,2020-05-18,123000,1000
EVELIV,2020,2020-10-17,123000,1001
LeftnRight4thWin,2020,2020-07-04,123000,1002
RussianGP,2020,2020-09-27,123000,1003
NBAAllStar,2020,2020-02-16,122000,1004
NobodyLikeRYU,2020,2020-04-16,122000,1005
Berman,2020,2020-06-20,122000,1006
WomenAgainstTrump,2020,2020-08-03,122000,1007
BabriZindaHai,2020,2020-08-05,122000,1008
Ámbar,2020,2020-08-06,122000,1009
Ariana Grande,2020,2020-10-30,122000,1010
الهلال_التعاون,2020,2020-02-27,121000,1011
provadolíder,2020,2020-03-20,121000,1012
UNIÃO DAS NUVENS,2020,2020-03-24,121000,1013
ForaBabu,2020,2020-04-13,121000,1014
RedVelvet_IRENE_SEULGI,2020,2020-05-26,121000,1015
KIMHANB1NFREEDOM,2020,2020-06-11,121000,1016
KurbanBayramı,2020,2020-07-31,121000,1017
Gladys,2020,2020-09-14,121000,1018
Kevin Durant,2020,2020-03-18,120000,1019
Mannie,2020,2020-04-02,120000,1020
誹謗中傷,2020,2020-05-23,120000,1021
Botafogo,2020,2020-08-23,120000,1022
二次創作,2020,2020-11-24,120000,1023
يوم_الجمعه,2020,2020-01-24,119000,1024
BBB2O2O,2020,2020-02-09,119000,1025
Djonga,2020,2020-03-14,119000,1026
ZiyaSelcukİyikiVarsın,2020,2020-03-23,119000,1027
RBDLiveExperience,2020,2020-05-10,119000,1028
WorldEnvironmentDay2020,2020,2020-06-05,119000,1029
태민아_짝궁들이_생일축하한대,2020,2020-07-17,119000,1030
仮面ライダーゼロワン,2020,2020-08-30,119000,1031
TodosContraFelipeNeto,2020,2020-07-28,119000,1032
6MonthsOfWalls,2020,2020-07-31,119000,1033
Mariano,2020,2020-11-25,119000,1034
아육대,2020,2020-01-24,118000,1035
ForaPrior,2020,2020-02-24,118000,1036
Michael Jordan,2020,2020-02-24,118000,1037
HappyBirthdayDada,2020,2020-07-08,118000,1038
WorldSuicidePreventionDay,2020,2020-09-10,118000,1039
コントレイル,2020,2020-10-25,117000,1040
Molly,2020,2020-05-11,117000,1041
山口達也,2020,2020-09-22,117000,1042
NBAFinals,2020,2020-10-01,117000,1043
taemin,2020,2020-12-18,117000,1044
しゃべくり007,2020,2020-01-02,116000,1045
MLKDay,2020,2020-01-20,116000,1046
Hillary Clinton,2020,2020-01-21,116000,1047
Leanne,2020,2020-01-30,116000,1048
protests2020,2020,2020-05-31,116000,1049
クラウド,2020,2020-06-11,116000,1050
Left_n_Right,2020,2020-06-16,116000,1051
Vitinho,2020,2020-09-14,116000,1052
Hope Hicks,2020,2020-10-02,116000,1053
さくらみこ復帰LIVE,2020,2020-10-21,116000,1054
Eternal Atake,2020,2020-03-06,115000,1055
アベマでおさらいヒプマイライブ,2020,2020-08-16,115000,1056
青汁砲で誹謗中傷撲滅,2020,2020-09-07,115000,1057
ซ่อนเงารักep13,2020,2020-02-07,114000,1058
ノムさん,2020,2020-02-11,114000,1059
Madison,2020,2020-03-11,114000,1060
野ブタ,2020,2020-04-11,114000,1061
Dort,2020,2020-09-03,114000,1062
Giannis,2020,2020-09-05,113000,1063
ON6thWin,2020,2020-03-06,113000,1064
AskSUHO,2020,2020-03-26,113000,1065
TheLastofUsPartII,2020,2020-06-19,113000,1066
FANTOPIA2020ImpactArena,2020,2020-08-18,113000,1067
年越しそば,2020,2020-12-31,113000,1068
Oblak,2020,2020-03-12,112000,1069
شكرا_الدفاع_الجوي,2020,2020-03-29,112000,1070
おうちでドーム,2020,2020-05-06,112000,1071
LIT_LayZhang,2020,2020-05-27,112000,1072
ナウシカ,2020,2020-12-25,112000,1073
Anahi,2020,2020-12-27,112000,1074
ProvaDoLider,2020,2020-03-13,111000,1075
AEWRevolution,2020,2020-03-01,111000,1076
JOGA Y JOGA,2020,2020-03-23,111000,1077
LaunchAmerica,2020,2020-05-27,111000,1078
B Simone,2020,2020-06-10,111000,1079
RegresoEdomex,2020,2020-06-25,111000,1080
selena,2020,2020-07-28,111000,1081
TeachersDay,2020,2020-09-05,111000,1082
Jota,2020,2020-11-03,111000,1083
Real Madrid,2020,2020-10-21,111000,1084
แปลรักEP2,2020,2020-10-29,111000,1085
TDYAwards,2020,2020-12-07,111000,1086
ArtistoftheYear,2020,2020-12-07,111000,1087
StPatricksDay,2020,2020-03-17,110000,1088
JeffreeStarApproved,2020,2020-04-22,110000,1089
Namjin,2020,2020-05-24,110000,1090
Putin,2020,2020-11-06,110000,1091
Ethan,2020,2020-11-14,110000,1092
NHprimary2020,2020,2020-02-12,109000,1093
Texans,2020,2020-03-16,109000,1094
LotusInnVideo,2020,2020-12-07,109000,1095
BlueMonday,2020,2020-01-20,108000,1096
ANNE NÃO ACABOU,2020,2020-01-21,108000,1097
ToAlltheBoys2,2020,2020-02-12,108000,1098
ガルパ特番,2020,2020-03-16,108000,1099
どくずほんしゃ,2020,2020-08-22,108000,1100
大和田,2020,2020-09-27,108000,1101
MTVTop20ConDhasia,2020,2020-10-17,108000,1102
YangGang,2020,2020-02-12,107000,1103
Hopper,2020,2020-02-14,107000,1104
KimHanbin_Demo3,2020,2020-05-13,107000,1105
LoveBright3000,2020,2020-05-21,107000,1106
Rafinha,2020,2020-07-16,107000,1107
1styearคั่นกู,2020,2020-08-05,107000,1108
OceanViewftCHANYEOL,2020,2020-08-13,107000,1109
LovecraftCountry,2020,2020-10-19,107000,1110
TrumpIsBroke,2020,2020-09-28,107000,1111
Cruz Azul,2020,2020-12-07,107000,1112
TakeCareSeungri,2020,2020-03-07,106000,1113
Dr. Bright,2020,2020-05-14,106000,1114
Bayern,2020,2020-05-26,106000,1115
Agus,2020,2020-06-22,106000,1116
Lingard,2020,2020-07-26,106000,1117
NothinByCHANYEOL,2020,2020-07-08,106000,1118
ショック,2020,2020-09-27,106000,1119
RipBrodieLee,2020,2020-12-27,106000,1120
CrisisOnInfiniteEarths,2020,2020-01-15,105000,1121
OTDirecto20E,2020,2020-01-20,105000,1122
7COMEBACKSPECIAL,2020,2020-02-21,105000,1123
سامي_الجابر_في_ليوان_المديفر,2020,2020-05-09,105000,1124
Paper Mario,2020,2020-05-14,105000,1125
2getherTheSeriesFinale,2020,2020-05-15,105000,1126
TIME SHADOW,2020,2020-07-11,105000,1127
まほやく1周年特番,2020,2020-11-23,105000,1128
istandwiththepresident,2020,2020-04-02,104000,1129
OurWendyIsHere,2020,2020-04-23,104000,1130
麒麟がくる,2020,2020-05-03,104000,1131
CHAEYOUNG,2020,2020-05-14,104000,1132
JONGDAE,2020,2020-06-07,104000,1133
telegram,2020,2020-07-14,104000,1134
ARSLIV,2020,2020-07-15,104000,1135
Doyoung,2020,2020-09-20,104000,1136
Operation Warp Speed,2020,2020-11-09,104000,1137
箱根駅伝,2020,2020-01-02,103000,1138
KPOP_FUTURE_DINOday,2020,2020-02-10,103000,1139
Bruno Henrique,2020,2020-02-20,103000,1140
HappyWomensDay2020,2020,2020-03-08,103000,1141
Lloyd Cadena,2020,2020-09-04,103000,1142
OurAutumnFlowerJoon,2020,2020-09-11,103000,1143
フリート,2020,2020-11-11,103000,1144
cudi,2020,2020-12-11,103000,1145
willowMusicVideo,2020,2020-12-11,103000,1146
OTDirecto24E,2020,2020-01-24,102000,1147
큥_데뷔8주년_축하해,2020,2020-01-30,102000,1148
PelosiTantrum,2020,2020-02-05,102000,1149
俺たち自粛お前は辞職,2020,2020-05-04,102000,1150
SKZ_TOP_MV,2020,2020-05-26,102000,1151
GuruPurnima,2020,2020-07-05,102000,1152
SMGOnLIV625,2020,2020-11-01,102000,1153
Elif,2020,2020-11-02,102000,1154
Eagles,2020,2020-12-01,102000,1155
قابوس_في_ذمه_الله,2020,2020-01-11,101000,1156
Duke,2020,2020-02-09,101000,1157
Hopkins,2020,2020-03-16,101000,1158
Koko Pimentel,2020,2020-03-25,101000,1159
BelgianGP,2020,2020-08-30,101000,1160
OurPreciousJihyo,2020,2020-01-31,100000,1161
ATEEZ3rdWin,2020,2020-08-04,100000,1162
WannaBeMAMAMOO,2020,2020-09-10,100000,1163
SIEMPRE HE ESTADO AQUI,2020,2020-11-18,100000,1164
NOT THE END OF THE WORLD,2020,2020-12-21,100000,1165
Mikel Arteta,2020,2020-03-13,99000,1166
BuYoldanDönmeyeceğiz,2020,2020-05-02,99000,1167
MilliHesaplarYanyana,2020,2020-05-10,99000,1168
GTA V,2020,2020-05-14,99000,1169
WDWFALLINMV,2020,2020-09-29,99000,1170
MrPerfectThalapathyVIJAY,2020,2020-02-06,98000,1171
koronawirus,2020,2020-03-10,98000,1172
ON16thWin,2020,2020-03-28,98000,1173
Jefferson,2020,2020-04-24,98000,1174
erkekyerinibilsin,2020,2020-06-06,98000,1175
KargilVijayDiwas,2020,2020-07-26,98000,1176
iHeartDynamite,2020,2020-08-17,98000,1177
IceCream1stWin,2020,2020-09-20,98000,1178
HappyBirthdayHarry,2020,2020-02-01,97000,1179
LoveYourPetDay,2020,2020-02-21,97000,1180
hükümetistifa,2020,2020-03-31,97000,1181
ストロベリームーン,2020,2020-06-05,97000,1182
WeWantJoe,2020,2020-06-26,97000,1183
ツイステ,2020,2020-07-22,97000,1184
Şuşa,2020,2020-11-08,97000,1185
TREAT LISA BETTER,2020,2020-12-17,97000,1186
KTH1ISCOMING,2020,2020-05-01,96000,1187
Marlins,2020,2020-07-27,96000,1188
UnusAnnusisoverparty,2020,2020-11-13,96000,1189
LiSAさん,2020,2020-12-30,95000,1190
WilderFury2,2020,2020-02-23,95000,1191
DiaDeLaTierra,2020,2020-04-22,95000,1192
キスマイWEBFES,2020,2020-05-24,95000,1193
PC Siqueira,2020,2020-06-11,95000,1194
TemptationIsland,2020,2020-07-02,95000,1195
ハイキュー,2020,2020-07-12,95000,1196
TWICEASTALL,2020,2020-08-14,95000,1197
destiel,2020,2020-11-06,95000,1198
BEselcaDay,2020,2020-11-19,95000,1199
仕事納め,2020,2020-12-28,95000,1200
2YearsWithPromise,2020,2020-12-30,95000,1201
CHETOT,2020,2020-02-22,94000,1202
SelenasBoyfriend,2020,2020-04-09,94000,1203
bailouthumans,2020,2020-04-15,94000,1204
ARMYDAY,2020,2020-07-08,94000,1205
SushantWasMurdered,2020,2020-08-11,94000,1206
الهلال_بطل_الدوري,2020,2020-08-29,94000,1207
TrumpRiots,2020,2020-08-30,94000,1208
Miami,2020,2020-09-05,94000,1209
オールスター感謝祭,2020,2020-10-03,94000,1210
ImolaGP,2020,2020-11-01,94000,1211
แปลรักEP3,2020,2020-11-05,94000,1212
teamcoco,2020,2020-11-09,94000,1213
FNS歌謡祭第2夜,2020,2020-12-09,94000,1214
vaka670,2020,2020-03-21,93000,1215
시우민생일축하해,2020,2020-03-25,93000,1216
ひきまるスペシャル,2020,2020-03-26,93000,1217
ColeguinhasBrahmaLive,2020,2020-04-25,93000,1218
StevenUniverse,2020,2020-03-28,92000,1219
SaySoRemix,2020,2020-04-29,92000,1220
TWICE100thWin,2020,2020-06-12,92000,1221
DesceProPlay,2020,2020-06-26,92000,1222
LPShowAct3,2020,2020-10-31,92000,1223
Ashanti,2020,2020-12-13,92000,1224
Soleimani,2020,2020-01-03,91000,1225
SmackDown,2020,2020-03-14,91000,1226
iHeartBTS,2020,2020-01-28,91000,1227
Nadal,2020,2020-10-11,91000,1228
PitMad,2020,2020-03-05,91000,1229
SnowManYouTube生配信,2020,2020-03-20,91000,1230
HottiesAtHome,2020,2020-04-08,91000,1231
バンドリ三昧,2020,2020-04-29,91000,1232
てづくり39,2020,2020-05-23,91000,1233
食費2万,2020,2020-07-14,91000,1234
DNC2020,2020,2020-08-18,91000,1235
Bears,2020,2020-11-17,91000,1236
PremiosOdeon,2020,2020-01-21,90000,1237
画力ビフォーアフター,2020,2020-01-28,90000,1238
Baby Pluto,2020,2020-03-06,90000,1239
حظر_كامل,2020,2020-03-23,90000,1240
CocukİstismarınınAffıOlamaz,2020,2020-04-14,90000,1241
BeMBrahmaLive,2020,2020-05-17,90000,1242
아스트로_수고했어_로하가_빛이돼줄게,2020,2020-05-17,90000,1243
Cássio,2020,2020-07-23,90000,1244
तुर्की_भाग_आमिर_खान,2020,2020-08-18,90000,1245
हिंदी_दिवस,2020,2020-09-14,90000,1246
Thiago Neves,2020,2020-09-15,90000,1247
MevlidKandili,2020,2020-10-28,90000,1248
SB19CanSeeYourVoice,2020,2020-01-04,89000,1249
BTSCOMEBACKSPECIAL,2020,2020-02-27,89000,1250
Tottenham,2020,2020-03-11,89000,1251
HF延期,2020,2020-03-26,89000,1252
GeceninErdoğanFotoğrafı,2020,2020-04-18,89000,1253
Simmons,2020,2020-04-24,89000,1254
Kehlani,2020,2020-05-08,89000,1255
JunkTerrorBill,2020,2020-05-29,89000,1256
harrystylesislovedparty,2020,2020-06-20,89000,1257
WhereIsTrump,2020,2020-10-07,89000,1258
seymayıldız,2020,2020-02-07,88000,1259
StayStrong_ARMY,2020,2020-03-23,88000,1260
BolsonaroGenocida,2020,2020-03-23,88000,1261
vaka3629,2020,2020-03-26,88000,1262
HanumanJayanti,2020,2020-04-08,88000,1263
Werner,2020,2020-06-04,88000,1264
CassacaoDaJoice,2020,2020-06-08,88000,1265
StopBolsonaroMundial,2020,2020-06-28,88000,1266
StreamWalls,2020,2020-07-11,88000,1267
AChanceToLoveEP7,2020,2020-10-07,88000,1268
Pickford,2020,2020-10-17,88000,1269
Labour Party,2020,2020-10-29,88000,1270
festivalsanremo2020,2020,2020-02-07,87000,1271
Tacko,2020,2020-02-16,87000,1272
SinJusticiaNoHayFestival,2020,2020-02-24,87000,1273
KanyeWestIsOverParty,2020,2020-03-21,87000,1274
MasterChef,2020,2020-07-07,87000,1275
OTGala10,2020,2020-05-20,87000,1276
우리의청춘_세븐틴_5주년_축하해,2020,2020-05-25,87000,1277
LaIslaDeLasTentaciones5,2020,2020-10-07,87000,1278
Falcao,2020,2020-10-14,87000,1279
MissUniversePhilippines,2020,2020-10-25,87000,1280
Saints,2020,2020-12-14,87000,1281
BiharElectionResults,2020,2020-11-10,87000,1282
THE INVITATION,2020,2020-12-01,87000,1283
OTDirecto3F,2020,2020-02-03,86000,1284
ONGlobalParty,2020,2020-02-28,86000,1285
Bucs,2020,2020-03-18,86000,1286
EvdekalEvdekal,2020,2020-03-29,86000,1287
GetFiredUpOneIts_X1,2020,2020-05-09,86000,1288
세븐틴_밀리언셀러_축하해,2020,2020-06-26,86000,1289
Sabrina,2020,2020-07-09,86000,1290
ItsOkayToNotBeOkayEP9,2020,2020-07-18,86000,1291
NationalBoyfriendDay,2020,2020-10-03,86000,1292
இப்போ_இல்லேன்னா_எப்பவும்_இல்ல,2020,2020-12-03,86000,1293
LIVMUN,2020,2020-01-19,85000,1294
귀여운_김석진_대회,2020,2020-01-20,85000,1295
UFC247,2020,2020-02-09,85000,1296
stayhomechallenge,2020,2020-03-17,85000,1297
Diggs,2020,2020-03-17,85000,1298
CoronaLockdown,2020,2020-03-27,85000,1299
TeamBSide,2020,2020-04-14,85000,1300
procurasejoaopedro,2020,2020-05-19,85000,1301
BOM DIA BTS,2020,2020-05-25,85000,1302
istanbulunfethi,2020,2020-05-29,85000,1303
Kyrie,2020,2020-06-13,85000,1304
EdomexEnSemaforoRojo,2020,2020-06-27,85000,1305
BrightWinInboxEP1,2020,2020-06-30,85000,1306
RetiroFondosPrevisionales,2020,2020-07-08,85000,1307
BrightWinXcathydollNudeMatte,2020,2020-07-15,85000,1308
音楽の日,2020,2020-07-18,85000,1309
OurFavoriteBoysACE,2020,2020-09-02,85000,1310
ArmenianTerrorism,2020,2020-10-17,85000,1311
Giants,2020,2020-11-15,85000,1312
ホロライブ運動会,2020,2020-11-21,85000,1313
ホークス,2020,2020-11-25,85000,1314
WonderAtMidnight,2020,2020-12-04,85000,1315
逃走中,2020,2020-08-30,84000,1316
Alexandre de Moraes,2020,2020-04-29,84000,1317
فتح_المساجد,2020,2020-05-26,84000,1318
CORONIL,2020,2020-06-23,84000,1319
PedoTrump,2020,2020-09-15,84000,1320
UFCVegas11,2020,2020-09-20,84000,1321
TheBachelorette,2020,2020-11-06,84000,1322
ファンタビ,2020,2020-11-13,84000,1323
NXTTakeOver,2020,2020-02-17,83000,1324
confinementtotal,2020,2020-03-16,83000,1325
세상은_런쥔덕분에_빛나,2020,2020-03-22,83000,1326
検察庁法改正案に抗議します,2020,2020-05-09,83000,1327
Jill,2020,2020-05-10,83000,1328
RespeitaMeuVotoBarroso,2020,2020-06-10,83000,1329
MonbebeAreStillHere,2020,2020-01-27,82000,1330
ジェルラジオ,2020,2020-05-20,82000,1331
OyumSanaFedaReis,2020,2020-06-27,82000,1332
CRYCHE,2020,2020-07-07,82000,1333
MasterChefNaBand,2020,2020-07-15,82000,1334
NotMyChild,2020,2020-07-16,82000,1335
FREEZAYN,2020,2020-07-20,82000,1336
beinsportsiptal,2020,2020-08-04,82000,1337
KastRespondeMV,2020,2020-08-11,82000,1338
InterMilan,2020,2020-02-10,81000,1339
LivePriAlcantara,2020,2020-05-01,81000,1340
TodosOsCantosDeCasa,2020,2020-05-10,81000,1341
liveOrochi,2020,2020-05-16,81000,1342
ManuGavassiNoMultishow,2020,2020-06-08,81000,1343
SpeakUpAgainstFuelHike,2020,2020-06-29,81000,1344
AllCountriesMatter,2020,2020-07-04,81000,1345
Força Covid,2020,2020-07-07,81000,1346
CacerolazoPorMi10,2020,2020-07-15,81000,1347
bbnaijialockdown,2020,2020-08-02,81000,1348
TheGiftedGraduationEP2,2020,2020-09-13,81000,1349
RolandGarros,2020,2020-10-11,81000,1350
النصر_بطل_الشتاء,2020,2020-01-25,80000,1351
Thiem,2020,2020-09-14,80000,1352
Derrick Jones,2020,2020-02-16,80000,1353
学校休み,2020,2020-02-27,80000,1354
バビロニア,2020,2020-03-07,80000,1355
それスノ,2020,2020-03-25,80000,1356
OBrasilTemQuePararBolsonaro,2020,2020-03-28,80000,1357
Amy Cooper,2020,2020-05-26,80000,1358
Sakarya,2020,2020-07-03,80000,1359
Broncos,2020,2020-11-29,80000,1360
TerceiraGuerraMundial,2020,2020-01-03,79000,1361
Aaron Hernandez,2020,2020-01-16,79000,1362
Thüringen,2020,2020-02-05,79000,1363
キュラソー,2020,2020-04-10,79000,1364
今月描いた絵を晒そう,2020,2020-05-31,79000,1365
花澤さん,2020,2020-07-08,79000,1366
SeasonOfYouGlobalPress,2020,2020-08-01,79000,1367
Knicks,2020,2020-08-21,79000,1368
Adams,2020,2020-09-03,79000,1369
CHECRY,2020,2020-10-03,79000,1370
SexyZone_404,2020,2020-12-09,79000,1371
SesionDeInvestidura,2020,2020-01-04,78000,1372
Pit4Busch,2020,2020-02-17,78000,1373
Mangueira,2020,2020-02-24,78000,1374
素のまんま,2020,2020-07-30,78000,1375
UGANIG,2020,2020-05-03,78000,1376
TREASUREPrinceYoshiDay,2020,2020-05-14,78000,1377
Safaera,2020,2020-05-14,78000,1378
LetTheMusicPlay,2020,2020-07-02,78000,1379
ミリオンアニメ化,2020,2020-07-04,78000,1380
BBNaijaLocdown,2020,2020-08-03,78000,1381
アクタージュ,2020,2020-08-08,78000,1382
JusticeForJenniferLaude,2020,2020-09-07,78000,1383
UFC246,2020,2020-01-19,77000,1384
HOMEcoming,2020,2020-03-19,77000,1385
ไบร์ทวินคิดถึงนะ,2020,2020-05-19,77000,1386
Trina,2020,2020-06-03,77000,1387
AmiciSpeciali,2020,2020-06-06,77000,1388
東京47人,2020,2020-06-14,77000,1389
TWICE_Beyond_LIVE,2020,2020-08-09,77000,1390
DyoSeunghoReturns,2020,2020-09-24,77000,1391
EVEMUN,2020,2020-11-07,77000,1392
Supernatural,2020,2020-11-13,77000,1393
夫婦の日,2020,2020-11-22,77000,1394
IPPON,2020,2020-12-05,77000,1395
Bonadio,2020,2020-02-04,76000,1396
BoneyardMatch,2020,2020-04-05,76000,1397
WWERaw,2020,2020-06-16,76000,1398
ExNaMTV,2020,2020-05-22,76000,1399
Ian Holm,2020,2020-06-19,76000,1400
MIU404,2020,2020-07-24,76000,1401
MUNCHE,2020,2020-07-19,76000,1402
BTS2ndNo1OnHot100,2020,2020-09-08,76000,1403
あなたがポケモンになると何タイプ,2020,2020-09-25,76000,1404
RemembranceDay,2020,2020-11-11,76000,1405
SUHO_IS_COMING,2020,2020-02-19,75000,1406
アニサマ,2020,2020-03-21,75000,1407
1deMayo,2020,2020-05-01,75000,1408
BB2020Tvi,2020,2020-05-18,75000,1409
TheMATTER,2020,2020-05-28,75000,1410
Lawrence,2020,2020-06-15,75000,1411
BHAMUN,2020,2020-06-30,75000,1412
Regis,2020,2020-07-25,75000,1413
Rodrigo Rodrigues,2020,2020-07-28,75000,1414
Auba,2020,2020-08-01,75000,1415
Travis,2020,2020-10-07,75000,1416
Andy Burnham,2020,2020-10-20,75000,1417
WizKidLiveYT,2020,2020-11-19,75000,1418
NationalChampionship,2020,2020-01-14,74000,1419
YHLQMDLG,2020,2020-02-29,74000,1420
somostodosgabrielmonteiro,2020,2020-03-05,74000,1421
ModiVideoMessage,2020,2020-04-03,74000,1422
Marcos,2020,2020-05-04,74000,1423
RegresoSeguroEdomex,2020,2020-06-27,74000,1424
MUFC,2020,2020-06-27,74000,1425
UFC252,2020,2020-08-16,74000,1426
FestaAFazenda,2020,2020-10-04,74000,1427
ChickenTrump,2020,2020-10-08,74000,1428
KadıköydeKaraGece,2020,2020-12-23,74000,1429
kuizyお絵描き診断,2020,2020-07-26,73000,1430
みんなで欅,2020,2020-05-29,73000,1431
SEVENTEEN_LeftnRight,2020,2020-06-22,73000,1432
ayt2020,2020,2020-06-28,73000,1433
CemalYaz1890aYolla,2020,2020-07-13,73000,1434
ILAND_EP4,2020,2020-07-17,73000,1435
AEWFullGear,2020,2020-11-08,73000,1436
Lamar,2020,2020-01-12,72000,1437
النصر_ضمك,2020,2020-01-30,72000,1438
GFRIENDhasARRIVED,2020,2020-02-03,72000,1439
النصر_الرايد_دوري_المحترفين,2020,2020-03-11,72000,1440
Bandra,2020,2020-04-14,72000,1441
lovelive,2020,2020-04-29,72000,1442
常闇トワ3D,2020,2020-07-26,72000,1443
尾丸ポルカ初配信,2020,2020-08-16,72000,1444
Mitchell,2020,2020-09-02,72000,1445
Terry Jones,2020,2020-01-22,71000,1446
てごプン,2020,2020-03-15,71000,1447
coranaturkiye,2020,2020-03-15,71000,1448
raiders,2020,2020-04-24,71000,1449
Weintraub,2020,2020-05-22,71000,1450
Saka,2020,2020-07-07,71000,1451
MOON BY JIN,2020,2020-07-25,71000,1452
ゼルダ無双,2020,2020-09-08,71000,1453
ViernesSanto,2020,2020-04-10,70000,1454
cyrilramaphosa,2020,2020-04-21,70000,1455
JeMBrahmaLive,2020,2020-05-02,70000,1456
حسن_حسني,2020,2020-05-30,70000,1457
BangBangConTheLive,2020,2020-06-14,70000,1458
ゴジラ,2020,2020-06-20,70000,1459
七夕の願い事,2020,2020-07-07,70000,1460
MTVBTS,2020,2020-10-17,70000,1461
Chiefs,2020,2020-10-20,70000,1462
RoomOfMystery,2020,2020-01-27,69000,1463
Tatum,2020,2020-02-24,69000,1464
GoAllOutForX1,2020,2020-02-22,69000,1465
EvdeKalDemesiKolay,2020,2020-03-26,69000,1466
GeceyebirErdoğanSelamı,2020,2020-05-09,69000,1467
19MAYIS1919,2020,2020-05-19,69000,1468
فاران,2020,2020-08-07,69000,1469
日本中にShineALight,2020,2020-12-02,69000,1470
Abascal,2020,2020-01-04,68000,1471
يزيد_الراجحي_ماقصرت,2020,2020-01-18,68000,1472
Coronvirus,2020,2020-03-05,68000,1473
ラブライブFMT決勝戦上映会,2020,2020-03-08,68000,1474
Vefasosyaldestekgrubu,2020,2020-05-14,68000,1475
DiaMundialDelMedioAmbiente,2020,2020-06-05,68000,1476
Gerson,2020,2020-07-02,68000,1477
HeWentToJared,2020,2020-07-02,68000,1478
افنان_الباتل,2020,2020-07-07,68000,1479
Watford,2020,2020-07-26,68000,1480
INCEPTION1stWin,2020,2020-08-04,68000,1481
極主夫道,2020,2020-10-11,68000,1482
النصر_الاتفاق_دوري_المحترفين,2020,2020-12-07,68000,1483
TrumpsRemovalTrial,2020,2020-01-21,67000,1484
ThankYouPresidentTrump,2020,2020-03-21,67000,1485
Jeudy,2020,2020-04-24,67000,1486
手越会見,2020,2020-06-23,67000,1487
Warriors,2020,2020-08-21,67000,1488
Browns,2020,2020-10-04,67000,1489
HOME_RUN4thWin,2020,2020-11-01,67000,1490
GetWellSoonHaechan,2020,2020-01-04,66000,1491
二十歳の自分に言っても信じないこと,2020,2020-01-13,66000,1492
Wes Anderson,2020,2020-02-12,66000,1493
CROWN100M,2020,2020-02-15,66000,1494
Betis,2020,2020-03-09,66000,1495
魔女宅,2020,2020-03-27,66000,1496
sokagacikma,2020,2020-04-11,66000,1497
PERCY JACKSON,2020,2020-05-14,66000,1498
iyibayramlar,2020,2020-05-24,66000,1499
Lady G,2020,2020-06-06,66000,1500
HappyBirthdayRahulGandhi,2020,2020-06-19,66000,1501
Min Min,2020,2020-06-22,66000,1502
AEWAllOut,2020,2020-09-06,66000,1503
金スマ,2020,2020-11-20,66000,1504
三枝明那3D,2020,2020-12-25,66000,1505
Manu Gavassi,2020,2020-01-19,65000,1506
OTDirecto23E,2020,2020-01-23,65000,1507
OTDirecto27E,2020,2020-01-27,65000,1508
pandemia,2020,2020-03-11,65000,1509
DNA1BParty,2020,2020-05-31,65000,1510
combi,2020,2020-08-04,65000,1511
Bielsa,2020,2020-09-12,65000,1512
ItIsNotFinished,2020,2020-10-23,65000,1513
EVERYTHING WILL BE OKAY LISA,2020,2020-10-25,65000,1514
ラブライブANN,2020,2020-07-24,64000,1515
SVGala1,2020,2020-02-21,64000,1516
StayTheFHome,2020,2020-03-15,64000,1517
Pats,2020,2020-03-17,64000,1518
志村けん追悼番組,2020,2020-04-01,64000,1519
MoneyHeist4,2020,2020-04-03,64000,1520
LiveMorada,2020,2020-04-18,64000,1521
フォースと共にあらんことを,2020,2020-05-04,64000,1522
Porto,2020,2020-06-03,64000,1523
AllStars5,2020,2020-07-25,64000,1524
ByeDonJr,2020,2020-07-14,64000,1525
Chivas,2020,2020-07-17,64000,1526
Rest in Power,2020,2020-07-18,64000,1527
benimöğretmenim,2020,2020-11-24,64000,1528
AvenidaBrasil,2020,2020-04-15,63000,1529
인피니트_10주년_우리는_네버엔딩,2020,2020-06-08,63000,1530
AfterWeCollidedMovie,2020,2020-07-27,63000,1531
EngineersDay,2020,2020-09-15,63000,1532
ChileanLivesMatter,2020,2020-11-19,63000,1533
戌亥とこ1stソロライブ,2020,2020-12-10,63000,1534
ジュマンジ,2020,2020-01-10,62000,1535
LeftBehindJNUViolence,2020,2020-01-10,62000,1536
Bahcesaray,2020,2020-02-05,62000,1537
FelizSanValentin,2020,2020-02-14,62000,1538
Leafs,2020,2020-02-23,62000,1539
ON4thWin,2020,2020-03-04,62000,1540
New England,2020,2020-03-17,62000,1541
CoronaCrisis,2020,2020-03-20,62000,1542
赤井さん,2020,2020-04-10,62000,1543
Felices Pascuas,2020,2020-04-12,62000,1544
ÇocukİstismarınınAffıOlmaz,2020,2020-04-14,62000,1545
BolsonaroReeleito,2020,2020-05-22,62000,1546
てづくり39day2,2020,2020-05-24,62000,1547
BlakeLivesMatter,2020,2020-06-01,62000,1548
BlackLiveMattters,2020,2020-06-02,62000,1549
28YearsWithSelena,2020,2020-07-22,62000,1550
Gabigol,2020,2020-08-23,62000,1551
La Liga,2020,2020-08-30,62000,1552
Turco,2020,2020-12-07,62000,1553
Ali Koç,2020,2020-01-12,61000,1554
CoronaVirusSA,2020,2020-03-05,61000,1555
RodaViva,2020,2020-03-31,61000,1556
CambioDeGabinete,2020,2020-07-28,61000,1557
GobiernoQueNoSeDetiene,2020,2020-10-21,61000,1558
Colts,2020,2020-11-13,61000,1559
ヒプアニ最終話直前アベマからの贈り物,2020,2020-12-24,61000,1560
StillWithGOT7,2020,2020-01-31,60000,1561
DelhiRiots2020,2020,2020-02-26,60000,1562
Mourinho,2020,2020-03-11,60000,1563
UmredenKarantinaya,2020,2020-03-15,60000,1564
9बजे9मिनट,2020,2020-04-05,60000,1565
gabieuacreditoemvc,2020,2020-05-22,60000,1566
BlacklivesMaters,2020,2020-05-30,60000,1567
クロスプレイ,2020,2020-06-19,60000,1568
ランチの女王,2020,2020-09-27,60000,1569
WorldSeries,2020,2020-10-25,60000,1570
Fury,2020,2020-12-13,60000,1571
Taeyeon1stDaesang,2020,2020-01-30,59000,1572
OurSONGshineDay,2020,2020-02-07,59000,1573
FriendsReunion,2020,2020-02-22,59000,1574
WhenCoronaVirusIsOver,2020,2020-03-29,59000,1575
再放送希望ドラマ,2020,2020-04-02,59000,1576
Cyberpunk2077,2020,2020-06-25,59000,1577
Peter Green,2020,2020-07-25,59000,1578
NationalGirlfriendDay,2020,2020-08-01,59000,1579
CRカップ,2020,2020-11-01,59000,1580
MaskSinger3,2020,2020-11-19,59000,1581
ÖğretmenlerGünü,2020,2020-11-24,59000,1582
LaIslaDeLasTentaciones1,2020,2020-01-10,58000,1583
ForaBocaRosa,2020,2020-02-03,58000,1584
atakankayalar,2020,2020-02-21,58000,1585
Aqours1st上映会,2020,2020-03-01,58000,1586
GSvBJK,2020,2020-03-15,58000,1587
Vanessa Hudgens,2020,2020-03-17,58000,1588
ForaPriorMachista,2020,2020-03-31,58000,1589
SNMPTN,2020,2020-04-08,58000,1590
Dilsinho,2020,2020-05-05,58000,1591
Dodô,2020,2020-04-21,58000,1592
Becky,2020,2020-05-12,58000,1593
ArrestAlkaLamba,2020,2020-05-25,58000,1594
DarkNetflix,2020,2020-05-26,58000,1595
YksEylüldeYapılsın,2020,2020-05-26,58000,1596
Mallorca,2020,2020-06-13,58000,1597
AllBirthdaysMatter,2020,2020-06-14,58000,1598
McMuffin,2020,2020-06-17,58000,1599
Henry Cavill,2020,2020-07-16,58000,1600
10milliondreams,2020,2020-09-16,58000,1601
Crawford,2020,2020-11-15,58000,1602
AEWDynamite,2020,2020-05-28,57000,1603
PokemonDirect,2020,2020-01-09,57000,1604
MerayPaasTumHo,2020,2020-01-25,57000,1605
LakeShow,2020,2020-10-07,57000,1606
1 Nisan,2020,2020-04-01,57000,1607
Frank Ocean,2020,2020-04-03,57000,1608
SanghiTwitter,2020,2020-04-06,57000,1609
BolsonaroHeroi,2020,2020-04-29,57000,1610
AmitabhBachchan,2020,2020-07-11,57000,1611
Sarri,2020,2020-08-07,57000,1612
INTZ,2020,2020-09-06,57000,1613
prfmPOPFes,2020,2020-09-21,57000,1614
Atamİzindeyiz,2020,2020-11-10,57000,1615
박지민_소중해,2020,2020-02-05,56000,1616
DuqueInepto,2020,2020-03-19,56000,1617
Thelminhalider,2020,2020-03-21,56000,1618
Ivy e Daniel,2020,2020-03-23,56000,1619
DAY6_Zombie,2020,2020-04-29,56000,1620
みどりの日なので緑色の画像を貼る,2020,2020-05-04,56000,1621
愛犬の日,2020,2020-05-13,56000,1622
MondayMotivation,2020,2020-09-14,56000,1623
未満警察,2020,2020-08-15,56000,1624
RBDisBack,2020,2020-09-04,56000,1625
MexicoLibreNoVa,2020,2020-09-05,56000,1626
원앤온리_김한빈_생일축하해,2020,2020-10-21,56000,1627
MaskSingerEstreno,2020,2020-11-05,56000,1628
日本シリーズ,2020,2020-11-25,56000,1629
MarkTuan_OuttaMyHead,2020,2020-01-11,55000,1630
BAFTAs,2020,2020-02-02,55000,1631
AltasHoras,2020,2020-02-09,55000,1632
TdelDescuentoGala5,2020,2020-02-10,55000,1633
West Ham,2020,2020-02-24,55000,1634
Papa Mochi,2020,2020-06-09,55000,1635
Kavanaugh,2020,2020-06-15,55000,1636
GNCD_ONE_0623,2020,2020-06-22,55000,1637
MOBA,2020,2020-06-24,55000,1638
AyasofyaCamidir,2020,2020-07-08,55000,1639
5AğustosPsikolojiŞenliği,2020,2020-08-05,55000,1640
AustrianGP,2020,2020-08-16,55000,1641
UFC253,2020,2020-09-27,55000,1642
SoloistHanbinBirthday,2020,2020-10-21,55000,1643
嵐の日,2020,2020-11-03,55000,1644
KinKi,2020,2020-12-21,55000,1645
乃木坂工事中,2020,2020-11-15,54000,1646
ESMAD,2020,2020-01-17,54000,1647
Greece,2020,2020-01-30,54000,1648
Smackdown,2020,2020-02-29,54000,1649
CHELIV,2020,2020-03-03,54000,1650
TREASURE_DEBUT_ON_JULY,2020,2020-05-12,54000,1651
ersin,2020,2020-05-12,54000,1652
CensurarMatarifeEs,2020,2020-07-25,54000,1653
COYG,2020,2020-08-01,54000,1654
ボンゴレリング,2020,2020-08-04,54000,1655
青汁砲ライブ配信,2020,2020-09-24,54000,1656
b1811,2020,2020-11-18,54000,1657
ドラえもん,2020,2020-11-20,54000,1658
Sarıkamış,2020,2020-12-22,54000,1659
DragRace,2020,2020-05-16,53000,1660
كشخه_العيد,2020,2020-05-24,53000,1661
SCOTUS,2020,2020-06-15,53000,1662
ミェンミェン,2020,2020-06-22,53000,1663
MUNSOU,2020,2020-07-13,53000,1664
Jhene,2020,2020-07-17,53000,1665
UFCFightIsland2,2020,2020-07-19,53000,1666
hwasa,2020,2020-07-25,53000,1667
Cebolinha,2020,2020-08-06,53000,1668
Nets,2020,2020-08-14,53000,1669
Wentz,2020,2020-12-01,53000,1670
3AralıkDünyaEngellilerGünü,2020,2020-12-03,53000,1671
WW84,2020,2020-12-26,53000,1672
Wisconsin,2020,2020-01-02,52000,1673
チョコボックス,2020,2020-02-13,52000,1674
좋은_날이_앞으로_많기를,2020,2020-02-28,52000,1675
Cesar2020,2020,2020-02-28,52000,1676
kolonya,2020,2020-03-11,52000,1677
HTGAWM,2020,2020-05-08,52000,1678
YEJIfor24hrs,2020,2020-05-25,52000,1679
色の見え方,2020,2020-06-08,52000,1680
TrumpsCoronavirusRally,2020,2020-06-20,52000,1681
虹プロ,2020,2020-06-25,52000,1682
Shea,2020,2020-07-25,52000,1683
TodosContraLucianoHuck,2020,2020-07-29,52000,1684
ヤバT生配信,2020,2020-07-29,52000,1685
HappyFriendshipDay2020,2020,2020-08-02,52000,1686
SpanishGP,2020,2020-08-15,52000,1687
ななにー,2020,2020-11-01,52000,1688
Keke,2020,2020-11-09,52000,1689
HappyNew2020,2020,2020-01-01,51000,1690
LIVBOU,2020,2020-03-07,51000,1691
clapforkeyworkers,2020,2020-04-02,51000,1692
FireflyFunhouse,2020,2020-04-06,51000,1693
رامز,2020,2020-04-24,51000,1694
Simaria,2020,2020-04-25,51000,1695
BTTF2,2020,2020-06-19,51000,1696
Tammy,2020,2020-07-11,51000,1697
シブヤノオト,2020,2020-10-10,51000,1698
ショーン・コネリー,2020,2020-10-31,51000,1699
StartUpEp10,2020,2020-11-15,51000,1700
ChileEsLatam,2020,2020-11-19,51000,1701
큰성공_얼굴등록_폐지해,2020,2020-01-16,50000,1702
ترمب_يغلق_تويتر,2020,2020-05-28,50000,1703
BlueFlu,2020,2020-06-18,50000,1704
DIET_PeakboyxWheein,2020,2020-08-18,50000,1705
芸能界,2020,2020-09-27,50000,1706
恋あた,2020,2020-10-20,50000,1707
GoldenIsComing,2020,2020-10-25,50000,1708
WeLoveYouTaehyung,2020,2020-12-12,50000,1709
イデア・シュラウド誕生祭2020,2020,2020-12-17,50000,1710
Oregon,2020,2020-01-02,49000,1711
HappyBirthdayZayn,2020,2020-01-12,49000,1712
HappinessForHanbin,2020,2020-03-10,49000,1713
estadodealarma,2020,2020-03-13,49000,1714
vaka1872,2020,2020-03-25,49000,1715
GOT7_COMEBACK,2020,2020-04-02,49000,1716
シンソウ坂上新型コロナ,2020,2020-04-09,49000,1717
EkremeZırnıkYok,2020,2020-04-15,49000,1718
SkolNaLiveWsSunset,2020,2020-05-18,49000,1719
mansuryavasistifa,2020,2020-05-18,49000,1720
ferrugem,2020,2020-05-22,49000,1721
GloboReporter,2020,2020-06-06,49000,1722
AIDS,2020,2020-06-16,49000,1723
Pablo Alborán,2020,2020-06-17,49000,1724
redtabletalk,2020,2020-07-11,49000,1725
Mythbusters,2020,2020-07-14,49000,1726
ساعه_استجابه,2020,2020-07-17,49000,1727
Ribamar,2020,2020-09-03,49000,1728
FRACRO,2020,2020-09-08,49000,1729
chris evans,2020,2020-09-12,49000,1730
Rams,2020,2020-09-14,49000,1731
Jamal Murray,2020,2020-09-23,49000,1732
WeLoveYouJin,2020,2020-02-23,48000,1733
WWEChamber,2020,2020-03-09,48000,1734
CuarentenaCoronavirus,2020,2020-03-16,48000,1735
우리의영웅_곽아론_생일축하해,2020,2020-05-20,48000,1736
逃げ恥,2020,2020-05-26,48000,1737
ösym,2020,2020-06-15,48000,1738
TAEIL,2020,2020-06-22,48000,1739
KTH1iscoming,2020,2020-07-01,48000,1740
Kuzma,2020,2020-08-11,48000,1741
AOHARU,2020,2020-11-21,48000,1742
シンデレラガール,2020,2020-11-23,48000,1743
Tom Cruise,2020,2020-12-16,48000,1744
coronovirus,2020,2020-01-23,47000,1745
okullartatil,2020,2020-03-12,47000,1746
CDTV卒業ソング音楽祭2020,2020,2020-03-16,47000,1747
vaka98,2020,2020-03-17,47000,1748
실트반영,2020,2020-03-24,47000,1749
クドカン,2020,2020-03-31,47000,1750
Alexandre Pires,2020,2020-04-18,47000,1751
Khabib,2020,2020-05-10,47000,1752
Kadirgecesi,2020,2020-05-19,47000,1753
Gorsuch,2020,2020-06-15,47000,1754
Slammiversary,2020,2020-07-19,47000,1755
Steelers,2020,2020-10-25,47000,1756
Crivella,2020,2020-11-28,47000,1757
weeeek,2020,2020-12-02,47000,1758
Tommaso,2020,2020-12-15,47000,1759
ILikeBernie,2020,2020-01-21,46000,1760
INcredibleMaknaeDay,2020,2020-02-07,46000,1761
النصر_الشباب,2020,2020-02-14,46000,1762
BREAK THE SILENCE,2020,2020-03-10,46000,1763
Foles,2020,2020-03-18,46000,1764
SonDurumum,2020,2020-03-19,46000,1765
NationalPuppyDay,2020,2020-03-23,46000,1766
志村けん,2020,2020-03-25,46000,1767
القبض_علي_هاني_حلواني,2020,2020-04-07,46000,1768
HDPHalktırHalkBurada,2020,2020-05-12,46000,1769
Foden,2020,2020-07-02,46000,1770
vikasDubeyEncounter,2020,2020-07-10,46000,1771
NationalCoffeeDay,2020,2020-09-29,46000,1772
CIX_IN_JUNGLE,2020,2020-10-27,46000,1773
ilcollegio,2020,2020-12-02,46000,1774
RocaAFazenda,2020,2020-12-12,46000,1775
Xhaka,2020,2020-12-26,46000,1776
BirdsOfPrey,2020,2020-01-09,45000,1777
monstaxworldtour2020,2020,2020-01-14,45000,1778
ElCacas,2020,2020-02-11,45000,1779
हर_हर_महादेव,2020,2020-02-21,45000,1780
AfterDoDennis,2020,2020-04-05,45000,1781
HappyShoseiDay,2020,2020-04-12,45000,1782
شكرا_وزير_التعليم,2020,2020-04-16,45000,1783
livedonegoveio,2020,2020-04-18,45000,1784
LastDance,2020,2020-04-20,45000,1785
meteor,2020,2020-05-27,45000,1786
معيدين_مع_راشد_الماجد,2020,2020-05-27,45000,1787
Shake Shack,2020,2020-06-16,45000,1788
星野源ANN,2020,2020-06-23,45000,1789
Depor,2020,2020-07-20,45000,1790
PorFin,2020,2020-08-04,45000,1791
打ち上げ花火,2020,2020-08-07,45000,1792
NationalVideoGamesDay,2020,2020-09-12,45000,1793
senkimsin,2020,2020-10-20,45000,1794
Renê,2020,2020-10-29,45000,1795
全日本大学駅伝,2020,2020-11-01,45000,1796
みんな大好きV6最前,2020,2020-11-01,45000,1797
十万円のペイフォワード,2020,2020-11-05,45000,1798
marjorie,2020,2020-12-11,45000,1799
Tier 4,2020,2020-12-20,45000,1800
ガキ使,2020,2020-12-31,45000,1801
RaveDeFavela,2020,2020-02-15,44000,1802
HarryPotter,2020,2020-11-12,44000,1803
SokağaCıkmaYasağıSart,2020,2020-03-18,44000,1804
YSSB,2020,2020-03-29,44000,1805
DomingoDeRamos,2020,2020-04-05,44000,1806
CumGate,2020,2020-05-25,44000,1807
ごくせん2002特別編,2020,2020-06-03,44000,1808
サンリオキャラクター大賞,2020,2020-06-09,44000,1809
SinCienciaNoHayFuturo,2020,2020-06-17,44000,1810
kpopstansareoverparty,2020,2020-08-06,44000,1811
Astros,2020,2020-08-10,44000,1812
AlevelResults,2020,2020-08-13,44000,1813
AskJacksonWang,2020,2020-09-09,44000,1814
SobPressaoPlantaoCovid,2020,2020-10-07,44000,1815
HappyBirthdayHanbin,2020,2020-10-21,44000,1816
Darth Vader,2020,2020-11-29,44000,1817
Spence,2020,2020-12-06,44000,1818
ATEEZImmortalKings,2020,2020-12-19,44000,1819
ひなくり2020,2020,2020-12-24,44000,1820
Raiders,2020,2020-12-27,44000,1821
LiSA結婚,2020,2020-01-22,43000,1822
SB19_200KonIG,2020,2020-01-22,43000,1823
TSvFB,2020,2020-02-01,43000,1824
Amy Klobuchar,2020,2020-02-08,43000,1825
Giroud,2020,2020-07-26,43000,1826
LIVWHU,2020,2020-02-24,43000,1827
pechinoexpress,2020,2020-03-11,43000,1828
netflixadamol,2020,2020-04-08,43000,1829
BeratKayaTutuklansın,2020,2020-05-04,43000,1830
TierraDeNadie13,2020,2020-05-19,43000,1831
Kauan,2020,2020-05-30,43000,1832
güldürgüldürizlemiyoruz,2020,2020-06-20,43000,1833
apjabdulkalam,2020,2020-07-27,43000,1834
Kamara,2020,2020-09-28,43000,1835
Dembele,2020,2020-09-29,43000,1836
JeffreeStarByeBills,2020,2020-10-01,43000,1837
AG6iscoming,2020,2020-10-14,43000,1838
Keyshia,2020,2020-12-05,43000,1839
LIVTOT,2020,2020-12-16,43000,1840
和楽器トラジャ,2020,2020-12-30,43000,1841
年齢がバレる色彩感覚テスト,2020,2020-01-13,42000,1842
KuralınaGöre,2020,2020-02-04,42000,1843
トイストーリー,2020,2020-03-13,42000,1844
منع_التجول,2020,2020-03-23,42000,1845
precure,2020,2020-03-29,42000,1846
vaka9217,2020,2020-03-29,42000,1847
우리의_청춘_시대는_엑소라고_부른다,2020,2020-04-07,42000,1848
Conte,2020,2020-04-10,42000,1849
ジャンヌ,2020,2020-04-25,42000,1850
ArgentinaSupportsTrump,2020,2020-06-01,42000,1851
FreePride20,2020,2020-06-26,42000,1852
De Bruyne,2020,2020-07-02,42000,1853
Redskins,2020,2020-07-13,42000,1854
KitabınıSeç,2020,2020-08-01,42000,1855
RHOP,2020,2020-09-28,42000,1856
JIMINDAY,2020,2020-10-12,42000,1857
OfrendaEdomex,2020,2020-10-31,42000,1858
bbb2020,2020,2020-01-31,41000,1859
After Hours,2020,2020-02-19,41000,1860
SokağaÇıkmaTürkiye,2020,2020-03-22,41000,1861
DitaduraNuncaMais,2020,2020-03-31,41000,1862
vaka18135,2020,2020-04-02,41000,1863
okullaraçılınca,2020,2020-04-15,41000,1864
इरफान खान,2020,2020-04-29,41000,1865
TariqAziz,2020,2020-06-17,41000,1866
乃木坂46ANN,2020,2020-07-22,41000,1867
Lillard,2020,2020-08-14,41000,1868
DWTS,2020,2020-09-15,41000,1869
Haskins,2020,2020-12-28,41000,1870
CSKvsRCB,2020,2020-10-10,41000,1871
Zidane,2020,2020-10-21,41000,1872
Jeezy,2020,2020-11-15,41000,1873
なにわ魂day1,2020,2020-11-21,41000,1874
MOTM3,2020,2020-12-11,41000,1875
CNNisTrash,2020,2020-01-15,40000,1876
検査拒否,2020,2020-01-29,40000,1877
7ONAIR,2020,2020-02-25,40000,1878
バンドリ生_Day1,2020,2020-03-21,40000,1879
WeLoveLouis,2020,2020-03-29,40000,1880
DevletimizYanımızda,2020,2020-03-29,40000,1881
ravedogbremcasa,2020,2020-04-02,40000,1882
AmigosBrahmaLive,2020,2020-04-21,40000,1883
Amash,2020,2020-04-29,40000,1884
ミリオンLIVE一挙放送,2020,2020-05-30,40000,1885
DJ Loonyo,2020,2020-06-03,40000,1886
MostPerfectFaceJin,2020,2020-06-19,40000,1887
IncendioJaragua,2020,2020-06-22,40000,1888
岸くん,2020,2020-07-06,40000,1889
Denver,2020,2020-09-02,40000,1890
Rondo,2020,2020-09-23,40000,1891
NSMQFinals,2020,2020-10-08,40000,1892
みんなでおかわりV6,2020,2020-11-13,40000,1893
UFC255,2020,2020-11-22,40000,1894
バンナムフェス,2020,2020-11-26,40000,1895
すこジャニ,2020,2020-12-12,40000,1896
قاسم_سليماني,2020,2020-01-03,39000,1897
Psycho2ndWin,2020,2020-01-04,39000,1898
TheVoiceKids,2020,2020-01-05,39000,1899
YansınSuriyeYıkılsınİdlib,2020,2020-02-10,39000,1900
البنزين,2020,2020-02-16,39000,1901
PancakeDay,2020,2020-02-25,39000,1902
WWESSD,2020,2020-02-27,39000,1903
キラメイジャー,2020,2020-03-15,39000,1904
ÖğrencineSahipÇıkTürkiye,2020,2020-03-25,39000,1905
Tory Lanez,2020,2020-04-01,39000,1906
JONASBROTHERSXV,2020,2020-05-15,39000,1907
Sergio Denis,2020,2020-05-15,39000,1908
DefendPressFreedom,2020,2020-06-15,39000,1909
HappyTakumiDay,2020,2020-06-22,39000,1910
LIVAVL,2020,2020-07-05,39000,1911
ARSLEI,2020,2020-07-07,39000,1912
Kemba,2020,2020-09-04,39000,1913
Gostkowski,2020,2020-09-15,39000,1914
カネ恋,2020,2020-09-15,39000,1915
EdomexFuerte,2020,2020-09-29,39000,1916
12deOctubre,2020,2020-10-12,39000,1917
GayaSaPelikulaFinale,2020,2020-11-20,39000,1918
SixTONES_1ST,2020,2020-12-08,39000,1919
AnyoneIsComing,2020,2020-01-24,38000,1920
遅刻遅刻,2020,2020-01-30,38000,1921
Devin Booker,2020,2020-01-31,38000,1922
TentacionesDBTFinal2,2020,2020-02-19,38000,1923
恋はつづくよどこまでも,2020,2020-03-10,38000,1924
NOtoVIPTesting,2020,2020-03-22,38000,1925
NationalSuperheroDay,2020,2020-04-28,38000,1926
EuropeDay,2020,2020-05-09,38000,1927
BrasilComBolsonaro,2020,2020-06-03,38000,1928
tiago iorc,2020,2020-06-13,38000,1929
BarcaAtleti,2020,2020-06-30,38000,1930
ざーさん,2020,2020-07-08,38000,1931
緊急地震速報,2020,2020-07-08,38000,1932
TOTARS,2020,2020-07-12,38000,1933
矢澤にこ生誕祭2020,2020,2020-07-21,38000,1934
2ndDynamiteTeaser,2020,2020-08-12,38000,1935
FMSARGENTINA,2020,2020-08-30,38000,1936
BarisAtayYalnızDeğildir,2020,2020-08-31,38000,1937
DavisSantaCruz,2020,2020-11-01,38000,1938
Dearra,2020,2020-11-12,38000,1939
MissUniverseColombia,2020,2020-11-17,38000,1940
まほやく合コン,2020,2020-11-23,38000,1941
わたしのアニメ歴3選,2020,2020-11-29,38000,1942
Bacurau,2020,2020-12-01,38000,1943
RoseBowl,2020,2020-01-02,37000,1944
鬼滅の刃キャラ診断,2020,2020-01-02,37000,1945
ForaPyong,2020,2020-03-02,37000,1946
كلنا_سلمان_كلنا_محمد,2020,2020-03-07,37000,1947
どこ出身かバレる発言,2020,2020-03-14,37000,1948
PayItForwardLIVE,2020,2020-03-27,37000,1949
BuhariResign,2020,2020-03-28,37000,1950
TrumpMeltdown,2020,2020-04-14,37000,1951
CITWEndingTheChase,2020,2020-04-25,37000,1952
LiveLuisa,2020,2020-05-09,37000,1953
EmicidaLiveEmCasa,2020,2020-05-10,37000,1954
PMQs,2020,2020-05-13,37000,1955
Eight1stWin,2020,2020-05-17,37000,1956
bayram,2020,2020-05-23,37000,1957
BırakmamSeni,2020,2020-06-12,37000,1958
التحصيلي,2020,2020-07-11,37000,1959
StopSoros,2020,2020-08-12,37000,1960
September11,2020,2020-09-11,37000,1961
すとぷりラジオ,2020,2020-10-18,37000,1962
Ubisoft Montreal,2020,2020-11-13,37000,1963
SixTONES最叫,2020,2020-12-08,37000,1964
RareOutNow,2020,2020-01-10,36000,1965
レッド,2020,2020-01-15,36000,1966
pazartesi,2020,2020-03-30,36000,1967
Tranmere,2020,2020-01-26,36000,1968
LiSA元気歌,2020,2020-03-13,36000,1969
koronaturkiye,2020,2020-03-14,36000,1970
survivo2020,2020,2020-04-27,36000,1971
HaticeÇelik,2020,2020-06-08,36000,1972
كلمه_اخيره_لكورونا,2020,2020-06-20,36000,1973
Bubba Wallace,2020,2020-06-22,36000,1974
Splash Mountain,2020,2020-06-25,36000,1975
earthquake,2020,2020-07-30,36000,1976
Lampard,2020,2020-12-26,36000,1977
BG身辺警護人,2020,2020-07-30,36000,1978
WeLoveYouJimin,2020,2020-07-31,36000,1979
Danny Green,2020,2020-08-19,36000,1980
Cruzeiro,2020,2020-10-31,36000,1981
JNUViolence,2020,2020-01-05,35000,1982
SwanParty,2020,2020-01-21,35000,1983
アーチャー,2020,2020-02-01,35000,1984
توثيق_سناب_عزيز,2020,2020-02-08,35000,1985
LCDP4,2020,2020-03-05,35000,1986
SVGala3,2020,2020-03-06,35000,1987
TierraDeNadie3,2020,2020-03-11,35000,1988
David Johnson,2020,2020-03-16,35000,1989
CiroNoRodaViva,2020,2020-03-17,35000,1990
Akure,2020,2020-03-28,35000,1991
命守るために学校を一斉休校に,2020,2020-04-02,35000,1992
WorkshowLive,2020,2020-04-18,35000,1993
فحص_كورونا,2020,2020-04-30,35000,1994
ダイパリメイク,2020,2020-06-24,35000,1995
Lacalle Pou,2020,2020-07-15,35000,1996
susmabatman,2020,2020-07-16,35000,1997
Anthony Davis,2020,2020-10-07,35000,1998
Dean Jones,2020,2020-09-24,35000,1999
ぴったんこカンカン,2020,2020-09-25,35000,2000
Bob Gibson,2020,2020-10-03,35000,2001
FRAUKR,2020,2020-10-07,35000,2002
GayaSaPelikulaEp06,2020,2020-10-30,35000,2003
ProvaDeFogo,2020,2020-11-17,35000,2004
リモラブ,2020,2020-11-18,35000,2005
bidenharis2020,2020,2020-11-07,35000,2006
QUESTIONÁRIO PARA 2020,2020,2020-01-03,34000,2007
敵だったけど味方になる系で好きなキャラ,2020,2020-01-07,34000,2008
Goya2020,2020,2020-01-25,34000,2009
StrangerThings4,2020,2020-02-14,34000,2010
NBAAllStar2020,2020,2020-02-17,34000,2011
ShivajiMaharaj,2020,2020-02-19,34000,2012
Flaco,2020,2020-02-28,34000,2013
디스패치_사과해,2020,2020-03-14,34000,2014
RajivGandhi,2020,2020-05-21,34000,2015
Jagged Edge,2020,2020-05-26,34000,2016
Destiny2,2020,2020-06-06,34000,2017
NobodyArtistsClub,2020,2020-07-13,34000,2018
صباح_الاحمد_الصباح,2020,2020-07-18,34000,2019
GOpaiN,2020,2020-08-22,34000,2020
Benfica,2020,2020-08-01,34000,2021
Galhardo,2020,2020-08-20,34000,2022
Bastos,2020,2020-08-21,34000,2023
WonderWoman1984,2020,2020-08-22,34000,2024
September1st,2020,2020-09-01,34000,2025
芦名星さん,2020,2020-09-14,34000,2026
FranjaElectoral,2020,2020-09-26,34000,2027
HBDtoJOOHONEY,2020,2020-10-05,34000,2028
DASADA,2020,2020-10-15,34000,2029
Baker,2020,2020-10-25,34000,2030
TheUndoing,2020,2020-11-30,34000,2031
ahamo,2020,2020-12-03,34000,2032
Jalen,2020,2020-12-14,34000,2033
ツイッターおみくじ2020,2020,2020-01-01,33000,2034
ForaXTudo,2020,2020-01-03,33000,2035
あなたをBLキャラ化,2020,2020-01-13,33000,2036
CriminalMinds,2020,2020-02-20,33000,2037
Talca,2020,2020-03-03,33000,2038
اسبوعين_فقط,2020,2020-03-15,33000,2039
sokağacıkmayasağı,2020,2020-03-16,33000,2040
お家でUVERworld,2020,2020-05-06,33000,2041
corey,2020,2020-05-11,33000,2042
LobiSimsarıTFF,2020,2020-05-14,33000,2043
TWO BILLION LP1,2020,2020-06-16,33000,2044
Getafe,2020,2020-07-02,33000,2045
njdominion,2020,2020-07-12,33000,2046
JuveLazio,2020,2020-07-20,33000,2047
DiaDeGremio,2020,2020-07-22,33000,2048
ジュラシックワールド,2020,2020-07-24,33000,2049
JISOOonTastySquare,2020,2020-08-03,33000,2050
beratalbayrakistifa,2020,2020-08-06,33000,2051
Jimmy Butler,2020,2020-09-05,33000,2052
Hyrule Warriors,2020,2020-09-08,33000,2053
TWICE_CANT_STOP_US,2020,2020-10-26,33000,2054
くしゃがら,2020,2020-12-29,33000,2055
SackWoodward,2020,2020-01-21,32000,2056
OurSunshineLucas,2020,2020-01-24,32000,2057
Ozuna,2020,2020-02-29,32000,2058
Gustavo Mioto,2020,2020-04-26,32000,2059
irresponsables,2020,2020-04-26,32000,2060
Billboard Hot 100,2020,2020-05-11,32000,2061
EternityPreview,2020,2020-05-14,32000,2062
Cracker Barrel,2020,2020-06-10,32000,2063
PokemonPresents,2020,2020-06-24,32000,2064
unutMADIMAKlımda,2020,2020-07-02,32000,2065
ApoyosEdomex,2020,2020-07-09,32000,2066
PınarınkatiliCHPli,2020,2020-07-21,32000,2067
MUNWHU,2020,2020-07-22,32000,2068
سنه1442,2020,2020-08-20,32000,2069
Marcus Smart,2020,2020-09-12,32000,2070
WeTheNorth,2020,2020-09-12,32000,2071
Volpi,2020,2020-09-13,32000,2072
Marengo,2020,2020-12-07,32000,2073
有吉の壁,2020,2020-12-09,32000,2074
Pedri,2020,2020-12-23,32000,2075
MUNWOL,2020,2020-12-29,32000,2076
Saulo,2020,2020-01-03,31000,2077
ArmyDay,2020,2020-01-15,31000,2078
NHLAllStar,2020,2020-01-25,31000,2079
MCIMUN,2020,2020-01-30,31000,2080
CumhurbaskanıErdoğan,2020,2020-02-29,31000,2081
BBB20Aovivo,2020,2020-03-14,31000,2082
Bad Apple,2020,2020-03-20,31000,2083
Equador,2020,2020-04-02,31000,2084
Léo Dias,2020,2020-05-25,31000,2085
このタグを見た人は何恐怖症か答える,2020,2020-05-30,31000,2086
KenetlenTrabzonsporlu,2020,2020-06-04,31000,2087
Vicentin,2020,2020-06-08,31000,2088
SafooraZargar,2020,2020-06-23,31000,2089
Arão,2020,2020-09-18,31000,2090
TJ Warren,2020,2020-08-09,31000,2091
BETWAYTRIVIA,2020,2020-09-30,31000,2092
RamVilasPaswan,2020,2020-10-08,31000,2093
Bama,2020,2020-10-11,31000,2094
Cavani,2020,2020-11-07,31000,2095
MCCelebrity,2020,2020-12-09,31000,2096
FelizMartes,2020,2020-01-28,30000,2097
Scocco,2020,2020-02-02,30000,2098
AskTrent,2020,2020-02-10,30000,2099
NDAs,2020,2020-02-20,30000,2100
Boogie,2020,2020-02-22,30000,2101
FinalLaAcademia,2020,2020-02-24,30000,2102
HocalıKatliamı,2020,2020-02-26,30000,2103
HappyBirthdayJustinBieber,2020,2020-03-01,30000,2104
BBB2O20,2020,2020-03-02,30000,2105
春は必ず来る,2020,2020-03-04,30000,2106
ClubQuarantine,2020,2020-03-22,30000,2107
RtMeJoel,2020,2020-03-31,30000,2108
vaka23934,2020,2020-04-04,30000,2109
EasterSunday,2020,2020-04-12,30000,2110
HellOfABird,2020,2020-04-14,30000,2111
おかえり宮迫さん,2020,2020-05-04,30000,2112
12Mayıs2012,2020,2020-05-12,30000,2113
ClaudiaLeitteLiveSaudade,2020,2020-05-23,30000,2114
Ayasofya,2020,2020-05-28,30000,2115
SSS1stWin,2020,2020-06-23,30000,2116
FriendshipDay2020,2020,2020-07-30,30000,2117
Aaron Judge,2020,2020-08-03,30000,2118
HepimizİmamHatipliyiz,2020,2020-09-08,30000,2119
Keno,2020,2020-09-20,30000,2120
Stormzy,2020,2020-10-07,30000,2121
SVT_PrimeMinisterAward,2020,2020-10-28,30000,2122
PLTPINKSUNDAY,2020,2020-11-29,30000,2123
ネプリーグ,2020,2020-12-21,30000,2124
ミイヒちゃん,2020,2020-12-25,30000,2125
unc0ver,2020,2020-02-16,29000,2126
セではじまってスでおわるもの,2020,2020-02-21,29000,2127
İyikiDoğdunMilletinAdamı,2020,2020-02-26,29000,2128
Bill O'Brien,2020,2020-03-16,29000,2129
gatoawards,2020,2020-03-25,29000,2130
あなたをモビルスーツのパイロット化,2020,2020-04-11,29000,2131
EkonomiyeSaldırı,2020,2020-05-07,29000,2132
abiior,2020,2020-05-15,29000,2133
MilleteDestek,2020,2020-06-02,29000,2134
welovenogizaka,2020,2020-06-20,29000,2135
LetsGetNaughty,2020,2020-07-20,29000,2136
米津玄師xフォートナイト,2020,2020-08-07,29000,2137
الاتحاد_الفتح,2020,2020-08-30,29000,2138
appleevent,2020,2020-09-08,29000,2139
Bottas,2020,2020-09-13,29000,2140
APC2020,2020,2020-09-20,29000,2141
ウルトラマンZ,2020,2020-09-26,29000,2142
BlueHour_VR,2020,2020-10-05,29000,2143
東京タラレバ娘2020,2020,2020-10-07,29000,2144
JusticeForBabyRiver,2020,2020-10-16,29000,2145
SinLuz,2020,2020-12-29,29000,2146
山田涼介は最高のアイドルだよ,2020,2020-01-01,28000,2147
3TemmuzRuhuyla,2020,2020-01-12,28000,2148
JKT48Rapsodi,2020,2020-01-22,28000,2149
كلنا_ابوبجاد,2020,2020-01-28,28000,2150
Damian Lillard,2020,2020-02-01,28000,2151
cepostaperte,2020,2020-02-16,28000,2152
LazioInter,2020,2020-02-17,28000,2153
TheWalkingDead,2020,2020-02-24,28000,2154
Fantastico,2020,2020-03-02,28000,2155
WorldBookDay,2020,2020-03-05,28000,2156
お前らたまにはアイコンらしいこと言えよ,2020,2020-03-07,28000,2157
現金支給12万あったら,2020,2020-03-19,28000,2158
90DayFiance,2020,2020-07-13,28000,2159
BIGPARONLINE,2020,2020-03-23,28000,2160
Desescalada,2020,2020-04-28,28000,2161
heautifulharries,2020,2020-04-30,28000,2162
Polo G,2020,2020-05-15,28000,2163
مرزوقه,2020,2020-05-18,28000,2164
Damares,2020,2020-05-22,28000,2165
APEXキャラ診断,2020,2020-05-30,28000,2166
iKON_LoveScenario400M,2020,2020-06-18,28000,2167
ChandrashekharAzad,2020,2020-07-23,28000,2168
絵を彩度100にすると超派手,2020,2020-07-26,28000,2169
ももクロと最高の夏,2020,2020-08-02,28000,2170
WynonnaEarp,2020,2020-08-03,28000,2171
あ行にエ口用語入ってたら変態,2020,2020-08-07,28000,2172
Auburn,2020,2020-10-04,28000,2173
ORβIT_UNIVERSE,2020,2020-11-01,28000,2174
SelimeVeda,2020,2020-12-07,28000,2175
えっちチャレンジ,2020,2020-01-14,27000,2176
EVERGLOW_DUN_DUN,2020,2020-02-03,27000,2177
Nossos10,2020,2020-02-08,27000,2178
Lo Celso,2020,2020-02-22,27000,2179
NCTHack,2020,2020-02-23,27000,2180
AmorDeMae,2020,2020-02-28,27000,2181
SabahattinAli,2020,2020-04-02,27000,2182
デアリングタクト,2020,2020-04-12,27000,2183
ワイスピ,2020,2020-04-25,27000,2184
عطونا_مشهور_يستحق_الشهره,2020,2020-06-01,27000,2185
今夜は乃木まつり,2020,2020-06-19,27000,2186
ポケモンUNITE,2020,2020-06-24,27000,2187
Cantando2020,2020,2020-07-28,27000,2188
FelizLunes,2020,2020-09-07,27000,2189
MandettaGenocida,2020,2020-08-21,27000,2190
NIKIMOONCHILD,2020,2020-09-10,27000,2191
キワドい2人,2020,2020-10-02,27000,2192
Ole Miss,2020,2020-10-11,27000,2193
WeAreGolden,2020,2020-10-20,27000,2194
Bruno Fernandes,2020,2020-11-07,27000,2195
yaşıyor,2020,2020-11-09,27000,2196
Meredith,2020,2020-11-13,27000,2197
Cardinals,2020,2020-11-16,27000,2198
カリオストロの城,2020,2020-11-20,27000,2199
いいにくいことをいう日,2020,2020-11-29,27000,2200
JuveFiorentina,2020,2020-12-23,27000,2201
VoteSB19onWMA,2020,2020-01-16,26000,2202
AskSRK,2020,2020-01-22,26000,2203
FelizJueves,2020,2020-02-13,26000,2204
ThankYouElizabeth,2020,2020-03-05,26000,2205
HayırlıCumalar,2020,2020-03-13,26000,2206
1987ŞampiyonuBeşiktaş,2020,2020-03-13,26000,2207
MochaUsonIsOverParty,2020,2020-03-20,26000,2208
TL更新,2020,2020-04-09,26000,2209
depremistanbul,2020,2020-04-14,26000,2210
RezilsinCHP,2020,2020-04-29,26000,2211
TheMatch2,2020,2020-05-25,26000,2212
DiaSinIVA,2020,2020-06-19,26000,2213
happybirthdayariana,2020,2020-06-26,26000,2214
Muriel,2020,2020-07-09,26000,2215
tiktokdown,2020,2020-07-09,26000,2216
GetWellSoonSeungkwan,2020,2020-07-21,26000,2217
التطبيع_خيانه,2020,2020-08-13,26000,2218
おそらく最も正確な寿命測定器,2020,2020-09-09,26000,2219
Fortaleza,2020,2020-09-20,26000,2220
DebateNaBand,2020,2020-10-02,26000,2221
HappyWithBaekhyun,2020,2020-10-06,26000,2222
kpss2020,2020,2020-10-22,26000,2223
名前の先端と後端を取るとかわいい,2020,2020-10-27,26000,2224
SenzoMeyiwa,2020,2020-10-27,26000,2225
ARSMCI,2020,2020-12-23,26000,2226
烈火の炎,2020,2020-01-23,25000,2227
Popeye,2020,2020-02-06,25000,2228
Jay Bouwmeester,2020,2020-02-12,25000,2229
tffistifa,2020,2020-02-13,25000,2230
Diego Souza,2020,2020-08-16,25000,2231
MasterChefIt,2020,2020-03-06,25000,2232
LQvPZ,2020,2020-03-10,25000,2233
CasalAwards,2020,2020-03-27,25000,2234
SokMarketBoykot,2020,2020-04-05,25000,2235
survior2020,2020,2020-04-21,25000,2236
Felipe Araújo,2020,2020-04-25,25000,2237
LivedoMenoseMais,2020,2020-04-26,25000,2238
LiveMelim,2020,2020-04-26,25000,2239
Bitlis,2020,2020-05-02,25000,2240
Westworld,2020,2020-05-04,25000,2241
NATTYxNINETEEN,2020,2020-05-07,25000,2242
NirmalaSitharaman,2020,2020-05-13,25000,2243
Larry Kramer,2020,2020-05-27,25000,2244
ふって打ってでてきた言葉が10年後の姿,2020,2020-06-07,25000,2245
東大王vsQuizKnock,2020,2020-06-17,25000,2246
OnurHaftası,2020,2020-06-28,25000,2247
doctorsday2020,2020,2020-07-01,25000,2248
اليوم_العالمي_للحب,2020,2020-07-05,25000,2249
eyluldeuniversiteleracilsin,2020,2020-07-20,25000,2250
Warntag2020,2020,2020-09-10,25000,2251
THELASTLIVE,2020,2020-10-12,25000,2252
Maria Eduarda,2020,2020-10-20,25000,2253
Léo Pereira,2020,2020-11-05,25000,2254
EdomexEnSemaforoNaranja,2020,2020-12-05,25000,2255
義母と娘のブルース,2020,2020-01-02,24000,2256
あんスタサインプレゼント,2020,2020-01-19,24000,2257
Pedrinho,2020,2020-02-13,24000,2258
Chaka Khan,2020,2020-02-17,24000,2259
sorrisowards,2020,2020-03-26,24000,2260
SantJordi2020,2020,2020-04-23,24000,2261
MdTBloodyMary,2020,2020-05-19,24000,2262
超特急8周年おめでとう,2020,2020-06-10,24000,2263
elana,2020,2020-06-11,24000,2264
vakasayısı,2020,2020-06-13,24000,2265
MEHMETHANERTUTUKLANSIN,2020,2020-06-16,24000,2266
オースティン,2020,2020-06-23,24000,2267
Alan Parker,2020,2020-07-31,24000,2268
benefitboys,2020,2020-08-06,24000,2269
GoStars,2020,2020-09-20,24000,2270
고인의 명복,2020,2020-11-02,24000,2271
Ray Clemence,2020,2020-11-15,24000,2272
日本語ボキャブラリーテスト,2020,2020-12-17,24000,2273
私の語彙力,2020,2020-12-17,24000,2274
النصر_الباطن_الدوري,2020,2020-12-21,24000,2275
昭和生まれっぽい発言をしろ,2020,2020-12-29,24000,2276
BHACHE,2020,2020-01-01,23000,2277
名前を4文字消すとかわいい,2020,2020-01-04,23000,2278
i_DECIDE,2020,2020-01-21,23000,2279
cblive,2020,2020-01-28,23000,2280
好きなパンを呟いてTLをパン屋にする,2020,2020-02-12,23000,2281
Jay Electronica,2020,2020-03-13,23000,2282
TheMaskedSinger,2020,2020-04-02,23000,2283
バンドリアニメ3rd_11,2020,2020-04-09,23000,2284
مرزوقه_مليون_لايك,2020,2020-05-19,23000,2285
çilek,2020,2020-05-25,23000,2286
JO1withフレハンディファン,2020,2020-06-10,23000,2287
NORMUN,2020,2020-06-27,23000,2288
Diego Costa,2020,2020-06-30,23000,2289
RSR20,2020,2020-08-15,23000,2290
müjde,2020,2020-08-19,23000,2291
BUY ICE CREAM ON ITUNES,2020,2020-08-28,23000,2292
Eylül,2020,2020-09-01,23000,2293
Dragic,2020,2020-09-18,23000,2294
D4DJ,2020,2020-09-23,23000,2295
PulteHelpsPeople,2020,2020-10-16,23000,2296
SixTONESと同じ時代刻もう,2020,2020-10-20,23000,2297
FBvTS,2020,2020-10-25,23000,2298
夜なラブ,2020,2020-11-18,23000,2299
Gaziantep,2020,2020-12-19,23000,2300
関ジャニレコメン,2020,2020-12-19,23000,2301
KENTA,2020,2020-01-05,22000,2302
シロでもクロでもない世界でパンダは笑う,2020,2020-01-12,22000,2303
تقديم_اختبارات_الفصل_الثاني,2020,2020-01-14,22000,2304
Mustafa Cengiz,2020,2020-01-24,22000,2305
COVID-19,2020,2020-02-11,22000,2306
cumartesi,2020,2020-03-28,22000,2307
ينبع,2020,2020-02-21,22000,2308
RHOA,2020,2020-03-02,22000,2309
推しがちなキャラクターの特徴,2020,2020-03-10,22000,2310
PınarFidan,2020,2020-03-19,22000,2311
festabbb,2020,2020-03-26,22000,2312
Jornal Nacional,2020,2020-04-01,22000,2313
gittimgeldim,2020,2020-04-13,22000,2314
UFCJAX,2020,2020-05-14,22000,2315
احذفو_لعبه_ببجي,2020,2020-06-03,22000,2316
Trump2020NowMoreThanEver,2020,2020-06-06,22000,2317
LivePD,2020,2020-06-11,22000,2318
اجمل_صوره_صورتها,2020,2020-06-12,22000,2319
Cedric,2020,2020-07-01,22000,2320
ApoyoParaElDesempleoEdomex,2020,2020-07-08,22000,2321
SiTuExistieras,2020,2020-07-23,22000,2322
EmicidaNoRodaViva,2020,2020-07-28,22000,2323
うがい薬,2020,2020-08-04,22000,2324
ぴと打ってぴえんと出たらJK見た人強制,2020,2020-08-04,22000,2325
المهزله_الاستثناييه,2020,2020-08-05,22000,2326
JonaxxStoriesAppLaunch,2020,2020-08-07,22000,2327
gcseresults2020,2020,2020-08-20,22000,2328
名前からひらがなを消すとかわいい,2020,2020-08-29,22000,2329
Conley,2020,2020-09-02,22000,2330
UFCVegas9,2020,2020-09-06,22000,2331
Naira Marley,2020,2020-10-06,22000,2332
Bitsika,2020,2020-10-09,22000,2333
Busquets,2020,2020-10-31,22000,2334
XF2020,2020,2020-11-12,22000,2335
ムロさん,2020,2020-12-10,22000,2336
TheVoiceBrasil,2020,2020-12-16,22000,2337
Thisis嵐Live,2020,2020-12-31,22000,2338
BoycottChhapaak,2020,2020-01-07,21000,2339
DuelosLaAcademia,2020,2020-01-13,21000,2340
uominiedonne,2020,2020-01-20,21000,2341
櫻井翔誕生祭,2020,2020-01-24,21000,2342
SalveSeQuemPuder,2020,2020-01-28,21000,2343
PSGDOR,2020,2020-03-11,21000,2344
DesculpeJairMasEuVou,2020,2020-03-13,21000,2345
DevletMilletininYanında,2020,2020-03-25,21000,2346
SunForV,2020,2020-04-12,21000,2347
quarantinequotes,2020,2020-04-21,21000,2348
サイゼリヤガチャ,2020,2020-04-26,21000,2349
BVBFCB,2020,2020-05-26,21000,2350
NapoliInter,2020,2020-06-13,21000,2351
ButecoBohemiaSaoJoao,2020,2020-06-27,21000,2352
NAOJOGAFLUMINENSE,2020,2020-07-08,21000,2353
ClaudiaLeitteLive40,2020,2020-07-11,21000,2354
グラブルサマーギフトキャンペーン,2020,2020-07-31,21000,2355
FACupFinal,2020,2020-08-01,21000,2356
RIPBobMabena,2020,2020-08-10,21000,2357
cebrailcankalaycıtutuklansın,2020,2020-08-20,21000,2358
誰も知らない志村けん,2020,2020-08-22,21000,2359
Diada2020,2020,2020-09-11,21000,2360
Firmino,2020,2020-12-16,21000,2361
Grealish,2020,2020-11-15,21000,2362
CuidemosTodosDeTodos,2020,2020-10-24,21000,2363
Dolar 8,2020,2020-10-26,21000,2364
Koeman,2020,2020-10-31,21000,2365
gigiproietti,2020,2020-11-02,21000,2366
UFCVegas13,2020,2020-11-08,21000,2367
Kyler Murray,2020,2020-11-16,21000,2368
姉ちゃんの恋人,2020,2020-12-15,21000,2369
คิดถึงน้องวิน,2020,2020-12-15,21000,2370
目をつぶって推しの名前を打ってください,2020,2020-01-05,20000,2371
PortfolioDay,2020,2020-01-14,20000,2372
Van Dijk,2020,2020-01-19,20000,2373
VS嵐,2020,2020-09-24,20000,2374
TheGoodPlace,2020,2020-01-31,20000,2375
Kelley,2020,2020-02-11,20000,2376
Jordan Peele,2020,2020-02-27,20000,2377
CumaNamazıİptalEdilsin,2020,2020-03-12,20000,2378
LearnKoreanWithBTS,2020,2020-03-24,20000,2379
有吉ぃぃeeeee,2020,2020-03-29,20000,2380
ProtectLeni,2020,2020-04-02,20000,2381
Another 14,2020,2020-04-13,20000,2382
RIPHanaKimura,2020,2020-05-23,20000,2383
TXT_ASC,2020,2020-06-09,20000,2384
AtatürküSevmiyorum,2020,2020-07-07,20000,2385
harrystylesisoverparty,2020,2020-07-11,20000,2386
SassuoloJuve,2020,2020-07-15,20000,2387
TeamShea,2020,2020-07-18,20000,2388
DiaMundialDelPerro,2020,2020-07-21,20000,2389
MUSICFAIR_RUN,2020,2020-08-01,20000,2390
Diosdado,2020,2020-08-04,20000,2391
三輪車,2020,2020-08-04,20000,2392
StateofPlay,2020,2020-08-06,20000,2393
しって打って恐怖症つけてみ,2020,2020-08-16,20000,2394
フォロワーと戦う,2020,2020-10-20,20000,2395
Mook,2020,2020-11-01,20000,2396
KMJSGabiNgLagimVIII,2020,2020-11-01,20000,2397
Daisuke,2020,2020-11-18,20000,2398
KhadimRizvi,2020,2020-11-19,20000,2399
MasterChefArgentina,2020,2020-12-07,20000,2400
Jadine,2020,2020-01-20,19000,2401
Kelsey,2020,2020-02-04,19000,2402
İBBdenUlaşımaZam,2020,2020-02-07,19000,2403
ForaLucas,2020,2020-02-17,19000,2404
GelsinHilafetYıkılsınKemalizm,2020,2020-03-03,19000,2405
coronatuerkiye,2020,2020-03-13,19000,2406
فعاليات_الحجر_المنزلي,2020,2020-03-15,19000,2407
は行でなぜモテないのか分かる,2020,2020-04-05,19000,2408
Rusev,2020,2020-04-15,19000,2409
çağrımvar,2020,2020-04-16,19000,2410
鳥貴族,2020,2020-04-30,19000,2411
13ReasonsWhy,2020,2020-05-11,19000,2412
BAEKHYUN_하프밀리언_축하해,2020,2020-05-25,19000,2413
SVFinal1,2020,2020-05-28,19000,2414
甘露寺蜜璃誕生祭2020,2020,2020-05-31,19000,2415
昭和生まれ,2020,2020-06-05,19000,2416
東條希生誕祭2020,2020,2020-06-08,19000,2417
NationalBestFriendsDay,2020,2020-06-08,19000,2418
Marrone,2020,2020-06-13,19000,2419
SOUARS,2020,2020-06-25,19000,2420
ひーくん,2020,2020-07-01,19000,2421
Prince Andrew,2020,2020-07-02,19000,2422
Egídio,2020,2020-07-16,19000,2423
Bailly,2020,2020-07-19,19000,2424
HappyJanmashtami,2020,2020-08-11,19000,2425
Arrascaeta,2020,2020-08-16,19000,2426
AlbertoEnSDTV,2020,2020-08-30,19000,2427
Gobert,2020,2020-09-02,19000,2428
TarıkAkan,2020,2020-09-16,19000,2429
GGST大発表,2020,2020-10-11,19000,2430
Seager,2020,2020-10-25,19000,2431
ジャイロSOL,2020,2020-11-29,19000,2432
マスカレードホテル,2020,2020-01-03,18000,2433
TheKillerBrideDeadlyEnd,2020,2020-01-10,18000,2434
MyPSYear2019,2020,2020-01-14,18000,2435
NihatÖzdemirİstifa,2020,2020-01-23,18000,2436
BailandoPorUnSueño,2020,2020-03-01,18000,2437
ARSWHU,2020,2020-03-07,18000,2438
DemExit,2020,2020-03-10,18000,2439
CoronaCiao,2020,2020-03-18,18000,2440
DearBernie,2020,2020-03-18,18000,2441
PINTOAWARDSDIA3,2020,2020-03-26,18000,2442
スタレ,2020,2020-03-29,18000,2443
MansurYavasYalnızDeğildir,2020,2020-03-29,18000,2444
ModoXandAviao,2020,2020-04-04,18000,2445
حسن_عسيري,2020,2020-04-28,18000,2446
西野七瀬生誕祭,2020,2020-05-24,18000,2447
UFCVegas,2020,2020-05-31,18000,2448
SittingInLimbo,2020,2020-06-08,18000,2449
Zepp Tokyo,2020,2020-07-01,18000,2450
Lacazette,2020,2020-07-12,18000,2451
hacked,2020,2020-07-15,18000,2452
صباحات_الهلال,2020,2020-08-05,18000,2453
WAPParty,2020,2020-08-19,18000,2454
YouJustStartedaBook,2020,2020-09-25,18000,2455
LayconLive,2020,2020-09-29,18000,2456
UFCFightIsland4,2020,2020-10-04,18000,2457
Mirzapur2,2020,2020-10-06,18000,2458
対戦相手の武器,2020,2020-10-20,18000,2459
NasaanAngPangulo,2020,2020-11-01,18000,2460
LazioJuve,2020,2020-11-08,18000,2461
ラッキーライラック,2020,2020-11-15,18000,2462
imacelebrity,2020,2020-11-15,18000,2463
antalya,2020,2020-12-05,18000,2464
今年あなたが推した3人,2020,2020-12-06,18000,2465
CP固定,2020,2020-12-15,18000,2466
MasumlarApartmanı,2020,2020-12-29,18000,2467
ドレミファドン,2020,2020-01-04,17000,2468
水曜日のダウンタウン,2020,2020-01-22,17000,2469
RainDrops,2020,2020-01-23,17000,2470
あなたは何柱,2020,2020-01-29,17000,2471
タロットカードで表現すると診断,2020,2020-02-05,17000,2472
ThisIsUs,2020,2020-02-19,17000,2473
negülüyorsunerdoğan,2020,2020-02-29,17000,2474
CNNTownHall,2020,2020-03-27,17000,2475
panelacocontrabolsonaro,2020,2020-04-01,17000,2476
OUSTDUTERTENOW,2020,2020-04-01,17000,2477
LiveBaileDoDennis,2020,2020-04-04,17000,2478
Andy Dalton,2020,2020-04-30,17000,2479
JuntosContraElCovid,2020,2020-05-07,17000,2480
livedoturma,2020,2020-05-14,17000,2481
فريق_البنات,2020,2020-05-18,17000,2482
mert,2020,2020-05-19,17000,2483
الخميس_الونيس,2020,2020-05-28,17000,2484
whyididntreport,2020,2020-06-02,17000,2485
anneyekalkanellerkırılsın,2020,2020-06-03,17000,2486
Gone With the Wind,2020,2020-06-10,17000,2487
シブザイルのプリが欲しい,2020,2020-06-30,17000,2488
Ganso,2020,2020-07-16,17000,2489
De Gea,2020,2020-07-19,17000,2490
AdamBaşı6700TL,2020,2020-07-20,17000,2491
João Lucas,2020,2020-08-16,17000,2492
RegresoAClasesEdomex,2020,2020-08-22,17000,2493
GBBO,2020,2020-11-03,17000,2494
Modric,2020,2020-10-21,17000,2495
Brenner,2020,2020-10-29,17000,2496
櫻坂46デビューカウントダウンライブ,2020,2020-12-08,17000,2497
何県民かバレるツイートしろ,2020,2020-12-10,17000,2498
ら行でなぜモテないのか分かる,2020,2020-01-06,16000,2499
お打って最初にでてきたものがお前の武器,2020,2020-01-14,16000,2500
bbcqt,2020,2020-01-17,16000,2501
キスマイANNP,2020,2020-12-19,16000,2502
ゆと打って最初に出てきたのがお前の武器,2020,2020-02-22,16000,2503
知らなくていいコト,2020,2020-03-04,16000,2504
ForaBolsonaros,2020,2020-03-18,16000,2505
Survivor,2020,2020-03-19,16000,2506
DidemArslanYılmaz,2020,2020-04-02,16000,2507
Caturday,2020,2020-04-11,16000,2508
livedopk,2020,2020-04-25,16000,2509
HoyRifaLaSolidaridad,2020,2020-05-14,16000,2510
BaileDaGaiolaEmCasa,2020,2020-05-17,16000,2511
러브의_반딧별_1위_축하해,2020,2020-05-20,16000,2512
MiNoteBookLaunch,2020,2020-06-11,16000,2513
MusicaNaBAND,2020,2020-06-20,16000,2514
GawingPatabaSaLupaSiCynthia,2020,2020-08-02,16000,2515
AOTD25,2020,2020-08-17,16000,2516
KathrynForLazada,2020,2020-08-28,16000,2517
ImTeeMeTooMediacon,2020,2020-09-15,16000,2518
BuenFinSeguro,2020,2020-11-07,16000,2519
石井一久,2020,2020-11-12,16000,2520
モニタリング,2020,2020-12-17,16000,2521
モンハンライズ,2020,2020-12-22,16000,2522
harrypottereidonidellamorte,2020,2020-12-23,16000,2523
超大阪人にしか分からない関西弁クイズ,2020,2020-01-05,15000,2524
EvlenmiyorumÇünkü,2020,2020-01-09,15000,2525
あなたを男性アニメキャラ化,2020,2020-01-11,15000,2526
CFBPlayoff,2020,2020-01-14,15000,2527
erronoenem,2020,2020-01-18,15000,2528
TheVoice,2020,2020-01-18,15000,2529
SiyasetFutboldanEliniÇEK,2020,2020-01-18,15000,2530
broomchallenge,2020,2020-02-11,15000,2531
StillVotingYang,2020,2020-02-15,15000,2532
Faustão,2020,2020-02-17,15000,2533
salı,2020,2020-03-17,15000,2534
Meteorito,2020,2020-02-19,15000,2535
好きなゲームをつまらなさそうに紹介する,2020,2020-02-19,15000,2536
MariliaMendoncaNoMultishow,2020,2020-03-07,15000,2537
グラブル6周年SP,2020,2020-03-08,15000,2538
Sydow,2020,2020-03-09,15000,2539
coronavirusinKenya,2020,2020-03-13,15000,2540
Peter Dutton,2020,2020-03-13,15000,2541
issoaglobonaomostra,2020,2020-03-23,15000,2542
sapataoawards,2020,2020-03-26,15000,2543
CACHOSAWARD,2020,2020-03-28,15000,2544
LGBTQuarantine,2020,2020-03-29,15000,2545
MeuPresidenteÉ,2020,2020-04-07,15000,2546
自粛中なので皆んなのロック画面みして,2020,2020-04-11,15000,2547
vaka65111,2020,2020-04-14,15000,2548
ナナライ,2020,2020-04-26,15000,2549
TopChef,2020,2020-04-29,15000,2550
GoJoe,2020,2020-05-03,15000,2551
あなたが推しすぎな3人,2020,2020-05-04,15000,2552
NationalNursesDay,2020,2020-05-06,15000,2553
HungerGames,2020,2020-05-07,15000,2554
LHHATL,2020,2020-05-12,15000,2555
LiveDudaBeat,2020,2020-06-13,15000,2556
方言でだからダメって言ったでしょ,2020,2020-06-17,15000,2557
canankaftancıoğlu,2020,2020-06-23,15000,2558
JBalvinIsOverParty,2020,2020-06-25,15000,2559
lufc,2020,2020-07-16,15000,2560
ななにー始まるよ,2020,2020-08-02,15000,2561
KUWTK,2020,2020-09-08,15000,2562
RVV20,2020,2020-10-18,15000,2563
COYS,2020,2020-11-08,15000,2564
DemiIsComing,2020,2020-01-14,14000,2565
سحبه_الربيعي_علي_الهلال,2020,2020-01-28,14000,2566
Survivor40,2020,2020-02-13,14000,2567
ラブライブ函館ライブ上映会,2020,2020-03-07,14000,2568
鬼殺隊士名簿,2020,2020-03-14,14000,2569
線の書き方サイコパ診断,2020,2020-03-15,14000,2570
SOBRANG WILD,2020,2020-03-18,14000,2571
harrypottereilcalicedifuoco,2020,2020-03-24,14000,2572
TíoNetflix,2020,2020-03-26,14000,2573
Space Jam,2020,2020-04-06,14000,2574
LOOK_Apink_is_Back,2020,2020-04-13,14000,2575
うるせえ俺は神絵師だフォローしろ,2020,2020-04-27,14000,2576
TeamCrystal,2020,2020-05-16,14000,2577
LiveProjota,2020,2020-05-25,14000,2578
AfricaDay2020,2020,2020-05-25,14000,2579
UPCAT,2020,2020-05-30,14000,2580
ミリオンLIVE一挙放送day3,2020,2020-06-06,14000,2581
手に入れた星5の順でパーティ組んでみる,2020,2020-06-07,14000,2582
Andrés Wiese,2020,2020-06-09,14000,2583
حساب_المواطن,2020,2020-06-10,14000,2584
spinardi,2020,2020-06-11,14000,2585
あなたを花に例えたら,2020,2020-07-04,14000,2586
SplashDown,2020,2020-08-02,14000,2587
RawUnderground,2020,2020-08-04,14000,2588
DolorDePatria,2020,2020-08-04,14000,2589
地球滅亡から予測変換で生還しろ,2020,2020-08-09,14000,2590
galatakulesi,2020,2020-08-12,14000,2591
ales2020,2020,2020-08-16,14000,2592
MesazaEnCasa,2020,2020-10-04,14000,2593
هل_ترضي_تتزوج_طبيبه,2020,2020-10-27,14000,2594
Vettel,2020,2020-11-01,14000,2595
時の属性診断,2020,2020-11-05,14000,2596
Iliana,2020,2020-11-09,14000,2597
猫をTLに流しちゃおう,2020,2020-11-10,14000,2598
けーくん,2020,2020-11-12,14000,2599
エリザベス女王杯,2020,2020-11-15,14000,2600
BELENG,2020,2020-11-15,14000,2601
性的欲求不満,2020,2020-12-21,14000,2602
iggy,2020,2020-12-25,14000,2603
TRAMUN,2020,2020-01-26,13000,2604
Phil Jones,2020,2020-01-26,13000,2605
SergenYalçın,2020,2020-01-27,13000,2606
名前を一音ずつ下げるとカオス,2020,2020-01-28,13000,2607
推しカプベッド事情,2020,2020-03-04,13000,2608
貴方が何オタクで誰推しか当てる,2020,2020-03-06,13000,2609
推しにありがとうの日,2020,2020-03-09,13000,2610
FantalkwithWin,2020,2020-03-30,13000,2611
luladoria,2020,2020-04-02,13000,2612
AnakTwitterLama,2020,2020-04-13,13000,2613
シルバーくん,2020,2020-05-25,13000,2614
LiveLagum6Anos,2020,2020-06-06,13000,2615
WATLEI,2020,2020-06-20,13000,2616
TheChallenge35,2020,2020-06-25,13000,2617
InterBologna,2020,2020-07-05,13000,2618
tuesdayvibes,2020,2020-07-14,13000,2619
용돌이랑,2020,2020-07-21,13000,2620
絶対見ないでガンダムを画け,2020,2020-07-29,13000,2621
imas765_ラジオ,2020,2020-08-01,13000,2622
LaCotorrisaEnLaArenaMexico,2020,2020-08-02,13000,2623
Hyoran,2020,2020-08-20,13000,2624
Arkham,2020,2020-08-22,13000,2625
TeşekkürlerFenerbahçeYönetimi,2020,2020-10-05,13000,2626
Jansen,2020,2020-10-25,13000,2627
MasterChefMx,2020,2020-10-31,13000,2628
なにわへ届け,2020,2020-11-21,13000,2629
MBMBaMLive,2020,2020-11-22,13000,2630
EliminacaoAfazenda12,2020,2020-12-04,13000,2631
東大王,2020,2020-12-09,13000,2632
Waller,2020,2020-12-27,13000,2633
バーチャル紅白,2020,2020-01-01,12000,2634
性欲の強さはこのくらい,2020,2020-01-05,12000,2635
DNA900M,2020,2020-01-10,12000,2636
サーガブレイヴ,2020,2020-01-24,12000,2637
FBvIBFK,2020,2020-01-25,12000,2638
öpüşmek,2020,2020-02-11,12000,2639
さ行でお前の純粋さを教えてやれ,2020,2020-02-13,12000,2640
バレンタイン10連ガチャ,2020,2020-02-14,12000,2641
AliKoçYineAğlıyor,2020,2020-02-19,12000,2642
えと打って最初に出たのがお前の武器,2020,2020-03-05,12000,2643
Red Robin,2020,2020-03-15,12000,2644
quarentenaLGBTQ,2020,2020-03-29,12000,2645
この夏に水着姿を見たいキャラ,2020,2020-04-03,12000,2646
Pulp Fiction,2020,2020-04-06,12000,2647
neyinnesi,2020,2020-04-06,12000,2648
CeylanAslan,2020,2020-04-21,12000,2649
유사탐라,2020,2020-04-29,12000,2650
LiveLeveIntimista,2020,2020-05-10,12000,2651
Temblor,2020,2020-05-22,12000,2652
LaCotorrisaAlDesnudo,2020,2020-05-24,12000,2653
Turkcell,2020,2020-05-24,12000,2654
lacotorrisamerespalda,2020,2020-06-01,12000,2655
AMTurnUpFriday,2020,2020-06-06,12000,2656
Perşembe,2020,2020-06-11,12000,2657
David Luiz,2020,2020-07-12,12000,2658
LGBTQIbaes,2020,2020-08-02,12000,2659
muratovuc,2020,2020-08-03,12000,2660
GetWellSoonJeongyeon,2020,2020-08-06,12000,2661
Mookie,2020,2020-08-14,12000,2662
MiRecuerdoMario3D,2020,2020-09-10,12000,2663
おカネの切れ目が恋のはじまり,2020,2020-09-15,12000,2664
GayaSaPelikulaEp01,2020,2020-09-25,12000,2665
さ行に恐怖症つける見た人強制,2020,2020-09-27,12000,2666
ENGWAL,2020,2020-10-09,12000,2667
ぐと打って最初に出てきた物が武器,2020,2020-10-12,12000,2668
初インターネットの思い出,2020,2020-10-24,12000,2669
pickering,2020,2020-01-12,11000,2670
CoronaViruesue,2020,2020-01-24,11000,2671
大石昌良,2020,2020-03-04,11000,2672
あさイチ,2020,2020-03-06,11000,2673
coronavirusturkey,2020,2020-03-06,11000,2674
創作エンディング集,2020,2020-03-09,11000,2675
BachelorFinale,2020,2020-03-11,11000,2676
CadenaNacional,2020,2020-03-13,11000,2677
ThingsYouSayWhenYouCum,2020,2020-03-15,11000,2678
GarthAndTrishaLIVE,2020,2020-04-02,11000,2679
FivePerfectMovies,2020,2020-04-21,11000,2680
LeyBonilla,2020,2020-05-11,11000,2681
فك_الحظر,2020,2020-05-28,11000,2682
1haziran,2020,2020-05-28,11000,2683
BugünGünlerdenGALATASARAY,2020,2020-06-13,11000,2684
MestreDoSabor,2020,2020-06-19,11000,2685
benatatürküsevmiyorum,2020,2020-08-18,11000,2686
RegresoAClacesEdomex,2020,2020-08-24,11000,2687
idolssa,2020,2020-08-30,11000,2688
ElSalarioRosaNoSeDetiene,2020,2020-09-18,11000,2689
Moisés,2020,2020-09-20,11000,2690
花江さん,2020,2020-09-20,11000,2691
山P退所,2020,2020-11-10,11000,2692
IdolsSA,2020,2020-11-15,11000,2693
関ジャニクロニクルF,2020,2020-11-16,11000,2694
私の人生変えたゲーム,2020,2020-01-11,10000,2695
Trevor Lawrence,2020,2020-01-14,10000,2696
RedeBBB20,2020,2020-01-25,10000,2697
سناب_شات,2020,2020-01-25,10000,2698
BernieKnew,2020,2020-02-22,10000,2699
あなたっぽい声のアニメキャラ,2020,2020-03-06,10000,2700
PZvLQ,2020,2020-03-10,10000,2701
BakanKocaBabaGibiAdamsın,2020,2020-03-17,10000,2702
せいしで変換して静止だったら健全,2020,2020-03-19,10000,2703
Yaş 7,2020,2020-03-24,10000,2704
GeceÇöküşü,2020,2020-03-26,10000,2705
cashappinbio,2020,2020-04-10,10000,2706
TheBachelorLTYH,2020,2020-04-14,10000,2707
persconferentie,2020,2020-04-21,10000,2708
PeoplesBudgetLA,2020,2020-06-08,10000,2709
ExposedDaAnitta,2020,2020-06-16,10000,2710
あなたをオタクにした作品4選,2020,2020-07-23,10000,2711
出身地を名前を出さずに匂わせる,2020,2020-07-25,10000,2712
FridaysWithArmaan,2020,2020-08-28,10000,2713
Kween LC,2020,2020-09-04,10000,2714
Uendel,2020,2020-09-17,10000,2715
GayaSaPelikulaEp02,2020,2020-10-02,10000,2716
Fede Bal,2020,2020-11-03,10000,2717
あなたを人狼ゲームで例えると,2020,2020-12-15,10000,2718
LoteriaRTVE,2020,2020-12-22,10000,2719
راشد_والمهندس_في_ضيف_بدر,2020,2020-12-23,10000,2720
クソデカ林製薬,2020,2020-12-29,10000,2721
